CASE_ID,ACCIDENT_YEAR,PROC_DATE,JURIS,COLLISION_DATE,COLLISION_TIME,OFFICER_ID,REPORTING_DISTRICT,DAY_OF_WEEK,CHP_SHIFT,POPULATION,CNTY_CITY_LOC,SPECIAL_COND,BEAT_TYPE,CHP_BEAT_TYPE,CITY_DIVISION_LAPD,CHP_BEAT_CLASS,BEAT_NUMBER,PRIMARY_RD,SECONDARY_RD,DISTANCE,DIRECTION,INTERSECTION,WEATHER_1,WEATHER_2,STATE_HWY_IND,CALTRANS_COUNTY,CALTRANS_DISTRICT,STATE_ROUTE,ROUTE_SUFFIX,POSTMILE_PREFIX,POSTMILE,LOCATION_TYPE,RAMP_INTERSECTION,SIDE_OF_HWY,TOW_AWAY,COLLISION_SEVERITY,NUMBER_KILLED,NUMBER_INJURED,PARTY_COUNT,PRIMARY_COLL_FACTOR,PCF_CODE_OF_VIOL,PCF_VIOL_CATEGORY,PCF_VIOLATION,PCF_VIOL_SUBSECTION,HIT_AND_RUN,TYPE_OF_COLLISION,MVIW,PED_ACTION,ROAD_SURFACE,ROAD_COND_1,ROAD_COND_2,LIGHTING,CONTROL_DEVICE,CHP_ROAD_TYPE,PEDESTRIAN_ACCIDENT,BICYCLE_ACCIDENT,MOTORCYCLE_ACCIDENT,TRUCK_ACCIDENT,NOT_PRIVATE_PROPERTY,ALCOHOL_INVOLVED,STWD_VEHTYPE_AT_FAULT,CHP_VEHTYPE_AT_FAULT,COUNT_SEVERE_INJ,COUNT_VISIBLE_INJ,COUNT_COMPLAINT_PAIN,COUNT_PED_KILLED,COUNT_PED_INJURED,COUNT_BICYCLIST_KILLED,COUNT_BICYCLIST_INJURED,COUNT_MC_KILLED,COUNT_MC_INJURED,PRIMARY_RAMP,SECONDARY_RAMP,LATITUDE,LONGITUDE,COUNTY,CITY,POINT_X,POINT_Y
6860159,2015,2016-10-26,9325,2015-03-09,1615,13434,,1,2,9,2800,0,1,3,,1,012,"RT 12","KIRKLAND RANCH RD",2112.00,W,N,A,-,Y,NAP,4,12,-,-,1.740,H,-,W,Y,4,0,2,2,A,-,07,21658,A,N,E,I,A,A,H,-,A,D,0,,,,,Y,,D,22,0,0,2,0,0,0,0,0,0,"- ","- ",38.221400000000003,-122.24121,NAPA,UNINCORPORATED,-122.2288836,38.218252819999996
6861209,2015,2015-04-03,9325,2015-03-09,0630,17746,,1,1,9,2800,0,3,5,,1,008,"POPE VALLEY CROSS RD","POPE CANYON RD",605.00,W,N,A,E,N,,,,,,,,,,Y,3,0,1,1,A,-,08,22107,,N,E,I,A,A,H,-,B,D,0,,,,,Y,,A,01,0,1,0,0,0,0,0,0,0,"- ","- ",38.61289,-122.3994,NAPA,UNINCORPORATED,-122.39930096000001,38.612881620000003
6861250,2015,2016-09-27,9325,2015-03-10,1720,13434,,2,2,9,2800,0,1,3,,1,013,"RT 221","MAGNOLIA DR",0.00,,Y,A,-,Y,NAP,4,221,-,-,2.525,I,5,N,N,3,0,2,2,A,-,08,22107,,N,H,G,A,A,H,-,A,A,5,,Y,Y,,Y,,C,02,0,1,1,0,0,0,1,0,1,"- ","- ",38.164099999999998,-122.16249999999999,NAPA,UNINCORPORATED,-122.27370182999999,38.278315769999999
6861254,2015,2016-10-26,9325,2015-03-10,1755,12894,,2,2,9,2800,0,1,3,,1,031,"RT 29","BELLA OAKS LN",528.00,S,N,B,-,Y,NAP,4,29,-,-,23.790,H,-,S,N,4,0,1,2,A,-,03,22350,,N,C,C,A,A,H,-,A,D,0,,,,,Y,,A,07,0,0,1,0,0,0,0,0,0,"- ","- ",38.449750000000002,-122.41408,NAPA,UNINCORPORATED,-122.4141496,38.449336930000001
6861258,2015,2016-10-17,9325,2015-03-09,1600,15447,,1,2,9,2800,0,1,3,,1,043,"RT 128","BENNETT LN",5.00,W,N,A,-,Y,NAP,4,128,-,-,1.630,H,-,E,Y,3,0,1,1,A,-,08,22107,,N,E,I,A,A,H,-,A,A,0,,,,,Y,,A,01,0,1,0,0,0,0,0,0,0,"- ","- ",38.598520000000001,-122.62116,NAPA,UNINCORPORATED,-122.62140340000001,38.598450870000001
6861274,2015,2016-10-26,9325,2015-03-05,1740,19811,,4,2,9,2800,0,1,3,,1,031,"RT 29","WHITEHALL LN",600.00,S,N,A,-,Y,NAP,4,29,-,-,25.970,H,-,S,N,4,0,1,2,A,-,03,22350,,N,C,C,A,A,H,-,B,D,0,,,,,Y,,A,01,0,0,1,0,0,0,0,0,0,"- ","- ",38.475070000000002,-122.43465,NAPA,UNINCORPORATED,-122.43547507,38.47627541
6861278,2015,2016-10-26,9325,2015-03-07,1400,19847,,6,2,9,2800,0,1,3,,1,012,"RT 12","LYNCH RD",5280.00,E,N,A,-,Y,NAP,4,12,-,-,3.030,H,-,W,Y,4,0,1,1,A,-,08,22107,,N,E,I,A,A,H,-,A,D,0,,,,,Y,,A,01,0,0,1,0,0,0,0,0,0,"- ","- ",38.123750000000001,-122.12170999999999,NAPA,UNINCORPORATED,-122.20831255,38.211563169999998
6861428,2015,2015-04-03,9325,2015-02-28,1321,19847,,6,1,9,2800,0,2,4,,1,023,"SILVERADO TRL","HARDMAN AV",34.00,S,N,B,-,N,,,,,,,,,,Y,3,0,1,2,A,-,03,22350,,N,C,C,A,A,H,-,A,D,0,,,Y,,Y,,C,02,0,1,0,0,0,0,0,0,1,"- ","- ",38.203940000000003,-122.1658,NAPA,UNINCORPORATED,-122.28282593,38.34443727
6863258,2015,2015-04-17,9325,2015-03-17,0710,017746,,2,1,9,2800,0,2,4,,1,023,"SILVERADO TRL","HARDMAN AV",1730.00,S,N,A,-,N,,,,,,,,,,Y,3,0,1,1,A,-,08,22107,,N,E,I,A,A,H,-,A,D,0,,,,,Y,,D,22,0,1,0,0,0,0,0,0,0,"- ","- ",38.338149999999999,-122.28191,NAPA,UNINCORPORATED,-122.28207973000001,38.339815960000003
6863607,2015,2016-10-26,2802,2015-03-18,0044,320335,58,3,5,5,2802,0,0,0,,0,04B,"RT 29","SALVADOR AV",0.00,,Y,A,-,Y,NAP,4,29,-,-,14.610,I,5,N,Y,4,0,1,1,D,-,00,,,F,E,I,A,A,H,-,D,A,0,,,,,Y,,-,"- ",0,0,1,0,0,0,0,0,0,"- ","- ",,,NAPA,NAPA,-122.32433046,38.339787209999997
6863656,2015,2016-10-17,9325,2015-03-14,1712,19067,,6,2,9,2800,0,1,3,,2,071,"RT 121","CUTTINGS WHARF RD",1056.00,N,N,A,-,Y,NAP,4,121,-,-,3.240,H,-,N,Y,3,0,1,1,A,-,05,21650,,N,E,I,A,A,H,-,A,D,0,,,,,Y,,A,01,0,1,0,0,0,0,0,0,0,"- ","- ",38.256830000000001,-122.32374,NAPA,UNINCORPORATED,-122.3242138,38.256682939999997
6863660,2015,2016-10-17,9325,2015-03-12,1125,13727,,4,1,9,2800,0,1,3,,1,021,"RT 121","VICHY AV",15840.00,N,N,A,-,Y,NAP,4,121,-,-,13.630,H,-,N,Y,2,0,1,1,A,-,03,22350,,N,F,A,A,A,H,-,A,D,0,,,Y,,Y,,C,02,1,0,0,0,0,0,0,0,1,"- ","- ",38.355629999999998,-122.21277000000001,NAPA,UNINCORPORATED,-122.21491924999999,38.354687009999999
6863846,2015,2015-04-07,2802,2015-03-21,0708,320365,38,6,5,5,2802,0,0,0,,0,01A,"1ST ST","SOSCOL AV",0.00,,Y,A,-,N,,,,,,,,,,N,4,0,2,2,A,-,12,21453,A,N,D,C,A,A,H,-,A,A,0,,,,,Y,,A,01,0,0,2,0,0,0,0,0,0,"- ","- ",,,NAPA,NAPA,-122.28349995000001,38.300219900000002
6863850,2015,2015-04-07,2802,2015-03-21,2133,186,30,6,5,5,2802,0,0,0,,0,01A,"HAYES ST","JEFFERSON ST",0.00,,Y,A,-,N,,,,,,,,,,N,4,0,1,2,A,-,01,23152,A,N,A,C,A,A,H,-,C,A,0,,,,,Y,Y,A,08,0,0,1,0,0,0,0,0,0,"- ","- ",,,NAPA,NAPA,-122.29462997,38.304619930000001
6863851,2015,2015-04-09,9325,2015-03-23,1605,013434,,1,2,9,2800,0,2,4,,1,023,"SILVERADO TRL","OAK KNOLL AV",0.00,,Y,A,-,N,,,,,,,,,,Y,3,0,1,2,A,-,09,21802,A,N,D,C,A,A,H,-,A,A,0,,,,,Y,,A,07,0,1,0,0,0,0,0,0,0,"- ","- ",38.22146,-122.18265,NAPA,UNINCORPORATED,-122.30091988,38.3699899
6864008,2015,2015-04-07,9325,2015-03-26,2500,015176,,4,4,9,2800,0,2,4,,1,034,"HOWELL MOUNTAIN RD","INK GRADE RD",528.00,S,N,A,-,N,,,,,,,,,,Y,4,0,1,1,C,-,18,,,N,E,J,A,A,H,-,D,D,0,,,,,Y,,-,"- ",0,0,1,0,0,0,0,0,0,"- ","- ",38.592509999999997,-122.43962000000001,NAPA,UNINCORPORATED,-122.43975528999999,38.592520870000001
6864012,2015,2015-04-07,9325,2015-03-08,1735,019024,,7,2,9,2800,0,3,5,,2,001,"N KELLY RD","CAMINO DORADO",528.00,S,N,A,-,N,,,,,,,,,,Y,3,0,2,1,A,-,01,23152,A,N,F,A,A,A,H,-,A,D,0,,,,,Y,Y,A,01,0,2,0,0,0,0,0,0,0,"- ","- ",38.22992,-122.25456,NAPA,UNINCORPORATED,-122.25398419,38.229560319999997
6870782,2015,2015-04-16,9325,2015-03-20,1229,19811,,5,1,9,2800,0,3,5,,2,004,"PETRIFIED FOREST RD","NAPA SONOMA CO LINE",5280.00,E,N,A,-,N,,,,,,,,,,Y,2,0,1,2,A,-,08,22107,,N,B,C,A,A,H,-,A,D,0,,,,,Y,,D,22,1,0,0,0,0,0,0,0,0,"- ","- ",38.578629999999997,-122.61573,NAPA,UNINCORPORATED,-122.61410952,38.577793030000002
6870832,2015,2015-04-14,2802,2015-03-19,1713,192,26,4,5,5,2802,0,0,0,,0,01A,"JEFFERSON ST","PUEBLO AV",0.00,,Y,A,-,N,,,,,,,,,,N,3,0,1,2,A,-,09,21801,A,N,D,G,A,A,H,-,A,A,0,,Y,,,Y,,A,01,0,1,0,0,0,0,1,0,0,"- ","- ",,,NAPA,NAPA,-122.29783992999999,38.315679930000002
6870836,2015,2015-04-14,2802,2015-03-27,1158,320362,26,5,5,5,2802,0,0,0,,0,01A,"CALIFORNIA BL","LINCOLN AV",0.00,,Y,A,-,N,,,,,,,,,,Y,3,0,3,2,A,-,12,21453,A,N,D,C,A,A,H,-,A,A,0,,,,,Y,,A,01,0,1,2,0,0,0,0,0,0,"- ","- ",,,NAPA,NAPA,-122.30245993,38.307179920000003
6870840,2015,2015-04-14,2802,2015-03-27,1754,320301,39,5,5,5,2802,0,0,0,,0,02B,"3RD ST","SOSCOL AV",0.00,,Y,A,E,N,,,,,,,,,,Y,4,0,3,2,A,-,17,21451,B,N,A,C,A,A,H,-,A,A,0,,,,,Y,,A,01,0,0,3,0,0,0,0,0,0,"- ","- ",,,NAPA,NAPA,-122.28234992,38.298539920000003
6876722,2015,2015-04-27,2802,2015-04-11,0306,320321,40,6,5,5,2802,0,0,0,,0,02A,"MONTECITO BL","EAST AV",510.00,W,N,A,-,N,,,,,,,,,,N,3,0,1,1,A,-,13,22515,A,N,G,B,A,A,H,-,C,D,0,,,,,Y,,A,07,0,1,0,0,0,0,0,0,0,"- ","- ",,,NAPA,NAPA,-122.27396,38.302019999999999
6876730,2015,2015-04-27,2802,2015-04-10,2030,320301,32,5,5,5,2802,0,0,0,,0,02A,"SILVERADO TRL","BERNA AV",0.00,,Y,A,-,N,,,,,,,,,,Y,2,0,2,2,A,-,05,21460,A,N,A,C,A,A,H,-,D,A,0,,,Y,,Y,,O,05,1,0,1,0,0,0,0,0,1,"- ","- ",,,NAPA,NAPA,-122.27781999,38.304379949999998
6876734,2015,2015-05-11,2802,2015-04-06,2251,320321,49,1,5,5,2802,0,0,0,,0,02B,"SOSCOL AV","OIL COMPANY RD",78.00,S,N,A,-,N,,,,,,,,,,Y,2,0,1,1,A,-,01,23153,A,N,E,I,A,A,H,-,C,D,0,,,,,Y,Y,A,01,1,0,0,0,0,0,0,0,0,"- ","- ",,,NAPA,NAPA,-122.27784979,38.292271919999997
6876742,2015,2015-04-27,2802,2015-04-13,0803,320143,5,1,5,5,2802,0,0,0,,0,04A,"SOLANO AV","TROWER AV",45.00,N,N,A,-,N,,,,,,,,,,N,4,0,1,2,A,-,03,22350,,N,C,C,A,A,H,-,A,A,0,,,,,Y,,A,07,0,0,1,0,0,0,0,0,0,"- ","- ",,,NAPA,NAPA,-122.31775285000001,38.330539649999999
6878116,2015,2016-11-05,2802,2015-04-03,2001,320176,74,5,5,5,2802,0,0,0,,0,04B,"RT 29","RT 12",150.00,N,N,A,-,Y,NAP,4,29,-,R,8.690,H,-,S,Y,4,0,1,3,A,-,01,23152,A,N,C,C,A,A,H,-,C,A,0,,,,,Y,Y,D,22,0,0,1,0,0,0,0,0,0,"- ","- ",,,NAPA,NAPA,-122.30261178000001,38.258043299999997
6878282,2015,2015-04-16,2802,2015-03-14,2300,320395,38,6,5,5,2802,0,0,0,,0,01A,"PEARL ST","YAJOME ST",20.00,W,N,A,-,N,,,,,,,,,,Y,4,0,1,2,A,-,08,22107,,N,C,E,A,A,H,-,C,D,0,,,,,Y,,A,01,0,0,1,0,0,0,0,0,0,"- ","- ",,,NAPA,NAPA,-122.28492808,38.301459610000002
6878283,2015,2016-10-26,9325,2015-03-29,1300,19123,,7,1,9,2800,0,1,3,,1,011,"RT 29","SOSCOL CREEK RD",600.00,N,N,A,-,Y,NAP,4,29,-,R,6.080,H,-,N,Y,4,0,1,2,A,-,03,22350,,N,C,C,A,A,H,-,A,D,5,,,,,Y,,A,01,0,0,1,0,0,0,0,0,0,"- ","- ",38.237789999999997,-122.26430999999999,NAPA,UNINCORPORATED,-122.26763051,38.240446370000001
6878286,2015,2016-10-19,2802,2015-03-28,1548,193,39,6,5,5,2802,0,0,0,,0,02B,"SILVERADO TRL","SOSCOL AV",150.00,N,N,A,-,Y,NAP,4,121,-,-,6.580,H,-,S,N,3,0,1,3,A,-,06,21755,,N,B,C,A,A,H,-,A,A,0,,,Y,,Y,,C,02,0,1,0,0,0,0,0,0,1,"- ","- ",,,NAPA,NAPA,-122.27537431,38.288561289999997
6878312,2015,2016-10-17,2802,2015-03-29,0628,191,0,7,5,5,2802,0,0,0,,0,,"RT 121","STONECREST DR",0.00,,Y,A,-,Y,NAP,4,121,-,-,8.830,H,-,N,Y,3,0,1,1,A,-,01,23152,A,N,E,I,A,A,H,-,D,D,0,,,,,Y,Y,A,07,0,1,0,0,0,0,0,0,0,"- ","- ",,,NAPA,NAPA,-122.27382076000001,38.317540119999997
6878380,2015,2015-04-14,2802,2015-03-26,1644,320283,64,4,5,5,2802,0,0,0,,0,02A,"SOSCOL AV","JACKSON ST",150.00,S,N,A,-,N,,,,,,,,,,N,4,0,1,2,A,-,05,21650,,N,D,G,A,A,H,-,A,D,0,,Y,,,Y,,L,04,0,0,1,0,0,0,1,0,0,"- ","- ",,,NAPA,NAPA,-122.2852,38.308157970000003
6878388,2015,2015-04-14,2802,2015-03-30,1511,320143,37,1,5,5,2802,0,0,0,,0,01A,"2ND ST","JEFFERSON ST",60.00,E,N,B,-,N,,,,,,,,,,Y,4,0,1,2,A,-,03,22350,,N,C,C,A,A,H,-,A,D,0,,,,,Y,,A,07,0,0,1,0,0,0,0,0,0,"- ","- ",,,NAPA,NAPA,-122.29332248,38.296519590000003
6878389,2015,2015-04-15,9325,2015-03-27,1315,19123,,5,1,9,2800,0,2,4,,1,023,"SILVERADO TRL","YOUNTVILLE CROSS RD",0.00,,Y,A,-,N,,,,,,,,,,Y,4,0,3,2,A,-,09,21802,A,N,D,C,A,A,H,-,A,A,0,,,,,Y,,A,01,0,0,3,0,0,0,0,0,0,"- ","- ",38.427599999999998,-122.34117000000001,NAPA,UNINCORPORATED,-122.3411799,38.427659890000001
6878390,2015,2015-04-18,2802,2015-03-21,1920,320395,20,6,5,5,2802,0,0,0,,0,04A,"W PUEBLO AV","SOLANO AV",0.00,,Y,A,-,N,,,,,,,,,,N,4,0,1,2,A,-,"- ",,,N,D,G,A,A,H,-,B,D,0,,Y,,,Y,,A,01,0,0,1,0,0,0,1,0,0,"- ","- ",,,NAPA,NAPA,-122.3071199,38.313949979999997
6878394,2015,2015-04-15,2802,2015-03-23,0730,192,27,1,5,5,2802,0,0,0,,0,01A,"CENTRAL AV","MAIN ST",0.00,,Y,A,-,N,,,,,,,,,,N,4,0,1,2,D,-,00,,,N,D,G,A,A,H,-,A,A,0,,Y,,,Y,,-,"- ",0,0,1,0,0,0,1,0,0,"- ","- ",,,NAPA,NAPA,-122.29433985999999,38.312449909999998
6878398,2015,2016-10-18,2802,2015-03-30,2245,188,49,1,5,5,2802,0,0,0,,0,02B,"W IMOLA AV","SOSCOL AV",0.00,,Y,A,-,Y,NAP,4,121,-,-,6.010,I,5,N,Y,4,0,1,2,A,-,12,21453,A,N,D,C,A,A,H,-,C,A,0,,,,,Y,,A,01,0,0,1,0,0,0,0,0,0,"- ","- ",,,NAPA,NAPA,-122.27468986,38.280550179999999
6879396,2015,2016-10-26,9325,2015-03-25,1525,017519,,3,2,9,2800,0,1,3,,1,044,"RT 29","NAPA / LAKE CO LINE",7920.00,S,N,A,-,Y,NAP,4,29,-,-,47.320,H,-,N,Y,3,0,2,1,A,-,08,22107,,N,F,A,A,A,H,-,A,D,0,,,,,Y,,D,22,0,2,0,0,0,0,0,0,0,"- ","- ",38.665190000000003,-122.59871,NAPA,UNINCORPORATED,-122.59820021,38.667478129999999
6879412,2015,2016-11-05,9325,2015-04-03,1830,019625,,5,2,9,2800,0,1,3,,1,044,"RT 29","PALISADES RD",200.00,S,N,A,-,Y,NAP,4,29,-,-,39.090,H,-,N,N,4,0,1,2,D,-,00,,,N,B,C,A,A,H,-,A,A,0,,,,,Y,,-,"- ",0,0,1,0,0,0,0,0,0,"- ","- ",,,NAPA,UNINCORPORATED,-122.58907747000001,38.603397989999998
6879416,2015,2016-11-05,9325,2015-04-07,1900,018599,,2,2,9,2800,0,1,3,,1,044,"RT 29","LIVERMORE RD",2376.00,N,N,B,-,Y,NAP,4,29,-,-,48.460,H,-,N,Y,4,0,1,2,A,-,08,22107,,N,E,I,A,B,H,-,B,D,0,,,,,Y,,A,01,0,0,1,0,0,0,0,0,0,"- ","- ",,,NAPA,UNINCORPORATED,-122.59155053000001,38.674214239999998
6879615,2015,2016-10-17,9325,2015-03-27,1600,019024,,5,2,9,2800,0,1,3,,2,071,"RT 121","DUHIG RD",6336.00,S,N,A,-,Y,NAP,4,121,-,-,0.790,H,-,N,Y,4,0,1,3,A,-,03,22350,,N,C,C,A,A,H,-,A,D,0,,,,,Y,,A,01,0,0,1,0,0,0,0,0,0,"- ","- ",38.255409999999998,-122.3691,NAPA,UNINCORPORATED,-122.36620646999999,38.256123369999997
6879644,2015,2015-04-20,9325,2015-03-15,1720,019024,,7,2,9,2800,0,2,4,,1,034,"HOWELL MOUNTAIN RD","SUNSET RD",527.00,S,N,B,-,N,,,,,,,,,,Y,3,0,1,1,A,-,08,22107,,N,E,I,A,A,H,-,A,D,0,,,,,Y,Y,A,01,0,1,0,0,0,0,0,0,0,"- ","- ",38.55545,-122.45368000000001,NAPA,UNINCORPORATED,-122.45341666,38.555523809999997
6879659,2015,2015-04-21,9325,2015-03-29,1145,019864,,7,1,9,2800,0,2,4,,1,034,"DEER PARK RD","SUNNYSIDE RD",0.00,,Y,A,-,N,,,,,,,,,,Y,4,0,1,2,A,-,12,22450,A,N,A,D,A,A,H,-,A,A,0,,,,,Y,,A,01,0,0,1,0,0,0,0,0,0,"- ","- ",38.538119999999999,-122.46916,NAPA,UNINCORPORATED,-122.46898992,38.538069909999997
6879672,2015,2015-04-20,9325,2015-03-25,1340,015176,,3,1,9,2800,0,2,4,,1,034,"DEER PARK RD","SANITARIUM RD",528.00,N,N,A,-,N,,,,,,,,,,Y,4,0,1,1,A,-,08,22107,,N,E,I,A,A,H,-,A,D,0,,,,,Y,,A,07,0,0,1,0,0,0,0,0,0,"- ","- ",38.555030000000002,-122.47202,NAPA,UNINCORPORATED,-122.47765516,38.530809750000003
6879778,2015,2015-04-20,9325,2015-04-01,2350,18108,,3,3,9,2800,0,3,5,,2,002,"SILVERADO TRL","LARKMEAD LN",2800.00,S,N,A,-,N,,,,,,,,,,Y,4,0,1,1,A,-,03,22350,,N,E,I,A,A,H,-,D,D,0,,,,,Y,,A,08,0,0,1,0,0,0,0,0,0,"- ","- ",38.334980000000002,-122.30482000000001,NAPA,UNINCORPORATED,-122.5131799,38.563732389999998
6879781,2015,2016-11-05,9325,2015-04-08,0648,019847,,3,1,9,2800,0,1,3,,1,044,"RT 29","OLD LAWLEY TOLL RD",5280.00,N,N,A,-,Y,NAP,4,29,-,-,43.980,H,-,S,Y,4,0,1,1,A,-,08,22107,,N,E,I,A,B,H,-,A,D,0,,,,,Y,,A,01,0,0,1,0,0,0,0,0,0,"- ","- ",38.385689999999997,-122.35325,NAPA,UNINCORPORATED,-122.59137035000001,38.644081999999997
6879785,2015,2016-12-09,9325,2015-04-04,1822,019024,,6,2,9,2800,0,1,3,,1,021,"RT 121","VICHY AV",14256.00,N,N,A,-,Y,NAP,4,121,-,-,13.200,H,-,N,Y,3,0,1,1,A,-,08,22107,,N,F,A,A,A,H,-,A,D,0,,,Y,,Y,,C,02,0,1,0,0,0,0,0,0,1,"- ","- ",38.353270000000002,-122.21765000000001,NAPA,UNINCORPORATED,-122.22218968,38.35316873
6881192,2015,2016-09-06,2803,2015-03-13,1038,6,,5,5,2,2803,0,0,0,,0,,"MAIN ST",VIDOVICH,218.00,S,N,A,-,Y,NAP,4,29,-,-,28.210,H,-,N,Y,4,0,2,2,A,-,03,22350,,N,C,C,A,A,H,-,A,D,0,,,,,Y,,A,01,0,0,2,0,0,0,0,0,0,"- ","- ",,,NAPA,"SAINT HELENA",-122.46314774,38.500282329999997
6881549,2015,2016-10-26,2800,2015-03-23,1450,250264,10201,1,5,2,2805,0,0,0,,0,001,"RT 29","AMERICAN CANYON RD",300.00,N,N,A,-,Y,NAP,4,29,-,-,0.750,H,-,S,N,4,0,2,3,A,-,03,22350,,N,C,C,A,A,H,-,A,A,0,,,,,Y,,A,08,0,0,2,0,0,0,0,0,0,"- ","- ",,,NAPA,"AMERICAN CANYON",-122.25287006000001,38.166417099999997
6885600,2015,2015-04-27,2800,2015-03-26,1758,250339,10202,4,5,2,2805,0,0,0,,0,001,"JAMES RD","DONALDSON WY",0.00,S,N,A,-,N,,,,,,,,,,Y,3,0,1,3,A,-,05,21650,,N,C,E,A,A,H,-,A,D,0,,,,,Y,Y,A,01,0,1,0,0,0,0,0,0,0,"- ","- ",,,NAPA,"AMERICAN CANYON",-122.25639991,38.170859929999999
6889456,2015,2015-09-21,2803,2015-04-04,1709,21,,6,5,2,2803,0,0,0,,0,008,"POPE ST","SILVERADO TRL",0.00,,Y,B,-,N,,,,,,,,,,N,3,0,1,2,A,-,09,21802,A,N,D,C,A,A,H,-,A,D,0,,,,,Y,,A,01,0,1,0,0,0,0,0,0,0,"- ","- ",38.511769999999999,-122.45578,NAPA,"SAINT HELENA",-122.45581991,38.511809900000003
6889460,2015,2015-09-21,2803,2015-04-02,1732,42,,4,5,2,2803,0,0,0,,0,,"MONEY WY","SPRING ST",330.00,N,N,A,-,N,,,,,,,,,,N,3,0,1,2,A,-,09,21804,A,N,D,G,A,A,H,-,A,D,0,,Y,,,Y,,L,04,0,1,0,0,0,0,1,0,0,"- ","- ",,,NAPA,"SAINT HELENA",-122.46921128,38.504015750000001
6889543,2015,2015-04-29,2803,2015-04-07,1643,42,,2,5,2,2803,0,0,0,,0,,"HILLVIEW PL","SPRING MOUNTAIN RD",0.00,,Y,C,-,N,,,,,,,,,,N,3,0,1,2,A,-,12,22450,A,N,D,G,A,B,G,-,A,A,0,,Y,,,Y,,L,04,0,1,0,0,0,0,1,0,0,"- ","- ",38.50179,-122.49142000000001,NAPA,"SAINT HELENA",-122.47670993,38.505189989999998
6890982,2015,2016-11-05,9325,2015-04-10,1235,019972,,5,1,9,2800,0,1,3,,1,011,"RT 29","N KELLY RD",600.00,N,N,A,-,Y,NAP,4,29,-,-,5.530,H,-,N,N,4,0,1,2,A,-,03,22350,,N,C,C,A,A,H,-,A,D,5,,,,,Y,,A,01,0,0,1,0,0,0,0,0,0,"- ","- ",38.23507,-122.26137,NAPA,UNINCORPORATED,-122.26119660000001,38.23495114
6890986,2015,2016-12-09,9325,2015-04-15,1725,13434,,3,2,9,2800,0,1,3,,2,071,"RT 121","DUHIG RD",6864.00,S,N,A,-,Y,NAP,4,121,-,-,0.690,H,-,N,Y,4,0,3,3,A,-,03,22350,,N,C,C,A,A,H,-,A,D,0,,,,,Y,,D,22,0,0,3,0,0,0,0,0,0,"- ","- ",38.25535,-122.36951000000001,NAPA,UNINCORPORATED,-122.36790431999999,38.255604400000003
6895768,2015,2015-05-15,9325,2015-04-13,1540,013434,,1,2,9,2800,0,3,5,,1,008,"POPE CANYON RD","POPE VALLEY CROSS RD",21120.00,E,N,A,-,N,,,,,,,,,,Y,4,0,1,1,A,-,03,22350,,N,E,I,A,A,H,-,A,D,0,,,Y,,Y,,C,02,0,0,1,0,0,0,0,0,1,"- ","- ",,,NAPA,UNINCORPORATED,-122.35195400000001,38.64431888
6895788,2015,2016-10-26,9325,2015-03-28,2200,019987,,6,3,5,2802,0,1,3,,1,022,"RT 29","LINCOLN AV",500.00,S,N,A,-,Y,NAP,4,29,-,-,11.939,R,2,S,Y,3,0,1,1,A,-,01,23152,A,N,E,I,A,A,H,-,D,D,1,,,,,Y,Y,A,01,0,1,0,0,0,0,0,0,0,FR,"- ",,,NAPA,NAPA,-122.30441362000001,38.305405620000002
6895792,2015,2015-05-15,9325,2015-04-05,0725,019811,,7,1,9,2800,0,2,4,,1,034,"HOWELL MOUNTAIN RD","WHITE COTTAGE RD",400.00,N,N,B,C,N,,,,,,,,,,N,3,0,1,1,A,-,03,22350,,N,E,I,A,B,H,-,A,D,0,,,,,Y,,A,01,0,1,0,0,0,0,0,0,0,"- ","- ",,,NAPA,UNINCORPORATED,-122.45595095,38.553978110000003
6895804,2015,2015-05-15,9325,2015-04-10,1750,019024,,5,2,9,2800,0,2,4,,2,032,"SILVER TRL","HOWELL MOUNTAIN RD",1584.00,S,N,A,-,N,,,,,,,,,,N,3,0,1,2,A,-,09,21801,A,N,H,G,A,A,H,-,A,D,0,,Y,,,Y,,A,01,0,1,0,0,0,0,1,0,0,"- ","- ",,,NAPA,UNINCORPORATED,,
6898205,2015,2016-12-20,2800,2015-04-20,1642,250264,10202,1,5,2,2805,0,0,0,,0,001,BROADWAY,"DONALDSON WY",200.00,N,N,A,-,Y,NAP,4,29,-,-,1.150,H,-,S,Y,4,0,1,3,A,-,03,22350,,N,C,C,A,A,H,-,A,A,0,,,,,Y,,A,01,0,0,1,0,0,0,0,0,0,"- ","- ",,,NAPA,"AMERICAN CANYON",-122.25363127,38.172017310000001
6898723,2015,2015-05-13,2802,2015-04-17,0227,320335,21,5,5,5,2802,0,0,0,,0,003,"TRANCAS ST","OLD CALIFORNIA WAY",60.00,W,N,A,-,N,,,,,,,,,,Y,3,0,3,2,A,-,03,22350,,F,C,C,A,A,H,-,C,A,0,,,,,Y,,D,22,0,3,0,0,0,0,0,0,0,"- ","- ",,,NAPA,NAPA,-122.30742429,38.32152447
6898727,2015,2015-05-06,2802,2015-04-12,1201,185,22,7,5,5,2802,0,0,0,,0,003,"JEFFERSON ST","TRANCAS ST",100.00,S,N,A,-,N,,,,,,,,,,N,3,0,1,2,A,-,05,21650,1,N,D,G,A,A,H,-,A,D,0,,Y,,Y,Y,,L,04,0,1,0,0,0,0,1,0,0,"- ","- ",,,NAPA,NAPA,-122.29996162,38.322539460000002
6898775,2015,2015-05-11,2802,2015-04-18,1304,320362,9,6,5,5,2802,0,0,0,,0,04A,"SOLANO AV","DEVONSHIRE DR",0.00,,Y,A,-,N,,,,,,,,,,N,4,0,1,2,A,-,04,21703,,N,C,C,A,A,H,-,A,D,0,,,,,Y,,I,11,0,0,1,0,0,0,0,0,0,"- ","- ",,,NAPA,NAPA,-122.31438998,38.326839970000002