CASE_ID,ACCIDENT_YEAR,PROC_DATE,JURIS,COLLISION_DATE,COLLISION_TIME,OFFICER_ID,REPORTING_DISTRICT,DAY_OF_WEEK,CHP_SHIFT,POPULATION,CNTY_CITY_LOC,SPECIAL_COND,BEAT_TYPE,CHP_BEAT_TYPE,CITY_DIVISION_LAPD,CHP_BEAT_CLASS,BEAT_NUMBER,PRIMARY_RD,SECONDARY_RD,DISTANCE,DIRECTION,INTERSECTION,WEATHER_1,WEATHER_2,STATE_HWY_IND,CALTRANS_COUNTY,CALTRANS_DISTRICT,STATE_ROUTE,ROUTE_SUFFIX,POSTMILE_PREFIX,POSTMILE,LOCATION_TYPE,RAMP_INTERSECTION,SIDE_OF_HWY,TOW_AWAY,COLLISION_SEVERITY,NUMBER_KILLED,NUMBER_INJURED,PARTY_COUNT,PRIMARY_COLL_FACTOR,PCF_CODE_OF_VIOL,PCF_VIOL_CATEGORY,PCF_VIOLATION,PCF_VIOL_SUBSECTION,HIT_AND_RUN,TYPE_OF_COLLISION,MVIW,PED_ACTION,ROAD_SURFACE,ROAD_COND_1,ROAD_COND_2,LIGHTING,CONTROL_DEVICE,CHP_ROAD_TYPE,PEDESTRIAN_ACCIDENT,BICYCLE_ACCIDENT,MOTORCYCLE_ACCIDENT,TRUCK_ACCIDENT,NOT_PRIVATE_PROPERTY,ALCOHOL_INVOLVED,STWD_VEHTYPE_AT_FAULT,CHP_VEHTYPE_AT_FAULT,COUNT_SEVERE_INJ,COUNT_VISIBLE_INJ,COUNT_COMPLAINT_PAIN,COUNT_PED_KILLED,COUNT_PED_INJURED,COUNT_BICYCLIST_KILLED,COUNT_BICYCLIST_INJURED,COUNT_MC_KILLED,COUNT_MC_INJURED,PRIMARY_RAMP,SECONDARY_RAMP,LATITUDE,LONGITUDE,COUNTY,CITY,POINT_X,POINT_Y
7096186,2015,2017-01-14,9325,2015-07-23,1415,19590,,4,2,9,2800,0,1,3,,1,031,"RT 29","BELLA OAKS LN",175.00,S,N,A,-,Y,NAP,4,29,-,-,23.860,H,-,N,Y,4,0,3,2,A,-,09,21804,A,N,D,C,A,-,A,H,A,D,0,,,,,Y,,A,01,0,0,3,0,0,0,0,0,0,"- ","- ",38.449240000000003,-122.41385,NAPA,UNINCORPORATED,-122.4149032,38.45015703
7097379,2015,2017-01-14,2800,2015-10-08,1408,250226,10204,4,5,2,2805,0,0,0,,0,001,BROADWAY,"RIO DEL MAR",0.00,,Y,A,-,Y,NAP,4,29,-,-,1.680,H,-,N,Y,4,0,4,2,A,-,03,22350,,N,C,C,A,A,H,-,A,A,0,,,,,Y,,A,01,0,0,4,0,0,0,0,0,0,"- ","- ",,,NAPA,"AMERICAN CANYON",-122.25466564,38.179457569999997
7097562,2015,2017-01-14,2800,2015-09-20,0248,250116,10204,7,5,2,2805,0,0,0,,0,001,BROADWAY,"EUCALYPTUS DR",0.00,,Y,A,-,Y,NAP,4,29,-,-,1.780,H,-,N,Y,4,0,1,2,-,-,"- ",,,N,C,C,A,A,H,-,C,A,0,,,,,Y,,-,"- ",0,0,1,0,0,0,0,0,0,"- ","- ",,,NAPA,"AMERICAN CANYON",-122.25489770999999,38.1808999
7098839,2015,2015-10-27,2801,2015-10-18,1450,181,2,7,5,2,2801,0,0,0,,0,,"SILVERADO TRL",ROSEDALE,1584.00,S,N,A,-,N,,,,,,,,,,N,4,0,1,2,A,-,08,22107,,N,H,C,A,A,H,-,A,D,0,,,,,Y,,D,22,0,0,1,0,0,0,0,0,0,"- ","- ",,,NAPA,CALISTOGA,-122.56539868999999,38.583096759999997
7099515,2015,2015-10-24,2800,2015-10-03,1615,250339,20208,6,5,2,2805,0,0,0,,0,002,"FLOSDEN RD","VIA BELLAGIO",0.00,,Y,A,-,N,,,,,,,,,,N,4,0,1,2,A,-,08,22100,A,N,C,C,A,A,H,-,A,A,0,,,Y,,Y,,A,01,0,0,1,0,0,0,0,0,1,"- ","- ",,,NAPA,"AMERICAN CANYON",-122.2397399,38.162239890000002
7102321,2015,2017-01-27,2802,2015-10-09,1553,191,74,5,5,5,2802,0,0,0,,0,04B,"STHY 12","STHY 221",0.00,,Y,A,-,Y,NAP,4,29,-,-,8.657,I,5,S,N,4,0,1,2,A,-,03,22350,,N,C,C,A,A,H,-,A,A,0,,,,,Y,,A,01,0,0,1,0,0,0,0,0,0,"- ","- ",,,NAPA,NAPA,-122.30241569,38.258347890000003
7102349,2015,2016-09-27,2802,2015-10-09,2155,197,58,5,5,5,2802,0,0,0,,0,04A,"W LINCOLN AV","SOLANO AV",300.00,E,N,A,-,N,,,,,,,,,,Y,4,0,2,2,D,-,00,,,F,C,C,A,A,H,-,C,D,0,,,,,Y,,-,"- ",0,0,2,0,0,0,0,0,0,"- ","- ",,,NAPA,NAPA,-122.30529850000001,38.306706650000002
7102353,2015,2015-10-26,2802,2015-10-07,1507,320143,30,3,5,5,2802,0,0,0,,0,01A,"LINCOLN AV","MARIN ST",0.00,,Y,A,-,N,,,,,,,,,,N,4,0,1,2,A,-,05,21650,1,N,H,G,A,A,H,-,A,A,0,,Y,,,Y,,L,04,0,0,1,0,0,0,1,0,0,"- ","- ",,,NAPA,NAPA,-122.30033992,38.307579910000001
7103162,2015,2015-10-31,2802,2015-10-19,1639,320301,43,1,5,5,2802,0,0,0,,0,01B,"JEFFERSON ST","PINE ST",0.00,,Y,A,-,N,,,,,,,,,,Y,4,0,1,2,A,-,09,21802,A,N,D,C,A,A,H,-,A,A,0,,,,,Y,,A,01,0,0,1,0,0,0,0,0,0,"- ","- ",,,NAPA,NAPA,-122.29431987,38.29121997
7103182,2015,2015-10-31,2802,2015-10-18,1704,189,53,7,5,5,2802,0,0,0,,0,02B,"W IMOLA AV","S MINAHEN ST",0.00,,Y,A,-,N,,,,,,,,,,Y,3,0,3,2,A,-,09,21802,B,N,D,C,A,A,H,-,A,D,0,,,,,Y,,A,01,0,2,1,0,0,0,0,0,0,"- ","- ",,,NAPA,NAPA,-122.29614999,38.28192
7103186,2015,2015-10-31,2802,2015-10-14,1725,320283,46,3,5,5,2802,0,0,0,,0,04B,"S FREEWAY DR","COLINA CT",200.00,S,N,A,-,N,,,,,,,,,,N,4,0,2,2,A,-,09,21801,A,N,B,C,A,A,H,-,A,D,0,,,,,Y,,A,01,0,0,2,0,0,0,0,0,0,"- ","- ",,,NAPA,NAPA,-122.30101793,38.283752389999997
7104628,2015,2015-11-17,2802,2015-10-20,1518,320129,13,2,5,5,2802,0,0,0,,0,003,"TRANCAS ST","IFO 1220 TRANCAS ST",0.00,,N,A,-,N,,,,,,,,,,N,4,0,1,2,A,-,17,21657,,N,D,C,A,A,H,-,A,D,0,,,Y,,Y,,C,03,0,0,1,0,0,0,0,0,1,"- ","- ",,,NAPA,NAPA,-122.29895807,38.323026509999998
7105007,2015,2017-01-14,2801,2015-09-10,0950,147,4,4,5,2,2801,0,0,0,,0,,"RT 128","WHITE LN",0.00,,Y,A,-,Y,NAP,4,128,-,-,3.140,H,-,E,N,4,0,1,2,A,-,01,23152,E,N,C,C,A,A,H,-,A,D,0,,,,,Y,,A,01,0,0,1,0,0,0,0,0,0,"- ","- ",,,NAPA,CALISTOGA,-122.60204760000001,38.58469419
7105179,2015,2017-01-14,9325,2015-09-02,1320,18110,,3,1,9,2800,0,1,3,,1,044,"RT 29","TUBBS LN",21648.00,N,N,A,-,Y,NAP,4,29,-,-,43.600,H,-,S,Y,3,0,2,2,A,-,05,21460,A,N,B,C,A,A,H,-,A,D,0,,,,Y,Y,,G,27,0,2,0,0,0,0,0,0,0,"- ","- ",38.660229999999999,-122.59738,NAPA,UNINCORPORATED,-122.59340409000001,38.642044910000003
7105394,2015,2017-01-14,2800,2015-10-11,1453,250322,10204,7,5,2,2805,0,0,0,,0,001,BROADWAY,"RIO DEL MAR",0.00,,Y,A,-,Y,NAP,4,29,-,-,1.670,H,-,N,Y,4,0,1,4,A,-,03,22350,,N,C,C,A,A,H,-,A,A,0,,,,,Y,,A,01,0,0,1,0,0,0,0,0,0,"- ","- ",,,NAPA,"AMERICAN CANYON",-122.25464243,38.17931334
7105641,2015,2015-10-30,2802,2015-10-10,1451,320388,22,6,5,5,2802,0,0,0,,0,003,"JEFFERSON ST","PUEBLO AV",150.00,S,N,A,-,N,,,,,,,,,,N,2,0,1,2,A,-,08,22107,,N,D,G,A,A,H,-,A,D,0,,Y,,,Y,,L,04,1,0,0,0,0,0,1,0,0,"- ","- ",,,NAPA,NAPA,-122.29772946999999,38.315277279999997
7105645,2015,2015-10-30,2802,2015-10-07,1517,320133,31,3,5,5,2802,0,0,0,,0,01A,"G ST","MAIN ST",0.00,,Y,A,-,N,,,,,,,,,,Y,3,0,2,3,A,-,09,21802,A,N,D,C,A,A,H,-,A,D,0,,,,,Y,,D,22,0,2,0,0,0,0,0,0,0,"- ","- ",,,NAPA,NAPA,-122.29205999,38.307279989999998
7105649,2015,2015-10-30,2802,2015-10-15,1533,196,11,4,5,5,2802,0,0,0,,0,003,"TRANCAS ST","CALIFORNIA BL",0.00,,Y,B,-,N,,,,,,,,,,Y,4,0,2,3,A,-,03,22350,,N,C,C,A,A,H,-,A,A,0,,,,,Y,,D,22,0,0,2,0,0,0,0,0,0,"- ","- ",,,NAPA,NAPA,-122.30585999,38.321799980000002
7106472,2015,2017-01-14,2800,2015-10-19,0929,250322,10204,1,5,2,2805,0,0,0,,0,001,BROADWAY,"RIO DEL MAR",0.00,,Y,A,-,Y,NAP,4,29,-,-,1.660,I,5,S,Y,2,0,1,2,A,-,03,22350,,N,D,C,A,A,H,-,A,A,0,,,,Y,Y,,G,25,1,0,0,0,0,0,0,0,0,"- ","- ",,,NAPA,"AMERICAN CANYON",-122.25485217000001,38.179128800000001
7108188,2015,2017-01-14,2802,2015-10-20,1145,320118,58,2,5,5,2802,0,0,0,,0,04A,"RT 29","TROWER AV",0.00,,Y,A,-,Y,NAP,4,29,-,-,13.860,I,5,S,Y,3,0,2,3,A,-,12,21453,A,N,D,C,A,A,H,-,A,A,0,,,,,Y,,A,01,0,1,1,0,0,0,0,0,0,"- ","- ",,,NAPA,NAPA,-122.31716505999999,38.330485109999998
7108192,2015,2015-11-05,2802,2015-10-15,1354,320118,1,4,5,5,2802,0,0,0,,0,04A,"SOLANO AV","WINE COUNTRY AV",0.00,,Y,A,-,N,,,,,,,,,,Y,4,0,1,2,A,-,09,21802,A,N,D,C,A,A,H,-,A,A,0,,,Y,,Y,,C,02,0,0,1,0,0,0,0,0,1,"- ","- ",,,NAPA,NAPA,-122.32223986,38.335979960000003
7108200,2015,2017-01-14,2802,2015-10-22,0832,320097,,4,5,5,2802,0,0,0,,0,004,"RT 29","SALVADOR AV",150.00,S,N,A,-,Y,NAP,4,29,-,-,14.580,H,-,N,N,4,0,1,2,A,-,03,22350,,N,C,C,A,A,H,-,A,A,0,,,,,Y,,D,22,0,0,1,0,0,0,0,0,0,"- ","- ",,,NAPA,NAPA,-122.32406294,38.339415000000002
7110079,2015,2017-01-27,2800,2015-10-25,1448,250301,20212,7,5,2,2805,0,0,0,,0,002,"RT 29","RIO DEL MAR",0.00,,Y,A,-,Y,NAP,4,29,-,-,1.670,H,-,N,Y,4,0,2,3,A,-,03,22350,,N,C,C,A,A,H,-,A,D,0,,,,,Y,,A,07,0,0,2,0,0,0,0,0,0,"- ","- ",,,NAPA,"AMERICAN CANYON",-122.25464243,38.17931334
7110203,2015,2015-11-14,2802,2015-10-22,1511,320143,31,4,5,5,2802,0,0,0,,0,01A,"BROWN ST","YOUNT ST",120.00,,N,A,-,N,,,,,,,,,,Y,4,0,1,1,A,-,01,23152,A,N,F,A,A,A,H,-,A,D,0,,,,,Y,,A,07,0,0,1,0,0,0,0,0,0,"- ","- ",,,NAPA,NAPA,-122.29032992,38.303629890000003
7110207,2015,2015-11-14,2802,2015-10-28,1714,320411,21,3,5,5,2802,0,0,0,,0,003,"CALIFORNIA BL","PERMANENTE WY",0.00,,Y,A,-,N,,,,,,,,,,N,3,0,1,2,A,-,10,21950,A,N,G,B,D,A,H,-,A,D,0,Y,,,,Y,Y,A,07,0,1,0,0,1,0,0,0,0,"- ","- ",,,NAPA,NAPA,-122.3060699,38.320529899999997
7110211,2015,2015-11-14,2802,2015-10-30,1645,187,44,5,5,5,2802,0,0,0,,0,01B,"OAK ST","SEMINARY ST",0.00,,Y,A,-,N,,,,,,,,,,N,4,0,1,2,A,-,12,22450,A,N,D,C,A,A,H,-,A,A,0,,,,,Y,,A,07,0,0,1,0,0,0,0,0,0,"- ","- ",,,NAPA,NAPA,-122.29152986,38.294649900000003
7110215,2015,2015-11-14,2802,2015-10-31,2212,197,25,6,5,5,2802,0,0,0,,0,04A,"COFFIELD AV","F ST",450.00,W,N,A,-,N,,,,,,,,,,N,3,0,1,2,A,-,01,23152,B,M,B,C,A,A,H,-,C,D,0,,,,,Y,Y,A,01,0,1,0,0,0,0,0,0,0,"- ","- ",,,NAPA,NAPA,-122.30460067,38.305112000000001
7111782,2015,2016-08-10,2802,2015-11-12,0658,320388,43,4,5,5,2802,0,0,0,,0,01B,"JEFFERSON ST","STOCKTON ST",0.00,,N,A,-,N,,,,,,,,,,Y,3,0,1,2,A,-,01,23152,B,N,B,E,A,A,H,-,A,D,0,,,,,Y,Y,A,01,0,1,0,0,0,0,0,0,0,"- ","- ",,,NAPA,NAPA,-122.29399988,38.294079959999998
7111790,2015,2015-12-04,2802,2015-11-11,1531,320129,31,3,5,5,2802,0,0,0,,0,01A,"YAJOME ST","JACKSON ST",0.00,,Y,A,-,N,,,,,,,,,,Y,4,0,1,2,A,-,12,22450,A,N,D,C,A,A,H,-,A,A,0,,,,,Y,,D,22,0,0,1,0,0,0,0,0,0,"- ","- ",,,NAPA,NAPA,-122.28947988,38.306879969999997
7112552,2015,2015-11-07,2802,2015-10-15,1530,320388,23,4,5,5,2802,0,0,0,,0,003,"SOSCOL AV","OLD SOSCOL WY",0.00,,Y,A,-,N,,,,,,,,,,N,3,0,1,2,D,-,00,,,N,H,G,A,A,H,-,A,D,0,,Y,,,Y,,-,"- ",0,1,0,0,0,0,1,0,0,"- ","- ",,,NAPA,NAPA,-122.28581997000001,38.321769979999999
7112556,2015,2015-11-07,2802,2015-10-25,1802,196,30,7,5,5,2802,0,0,0,,0,01A,"F ST","F ST 1706",59.00,S,N,A,-,N,,,,,,,,,,N,2,0,1,1,B,-,22,,,N,E,J,A,A,H,-,A,D,0,,,Y,,Y,,C,02,1,0,0,0,0,0,0,0,1,"- ","- ",,,NAPA,NAPA,,
7114113,2015,2017-02-01,2800,2015-10-28,1755,250339,10204,3,5,2,2805,0,0,0,,0,001,"RT 29","NAPA JUNCTION RD",0.00,,N,A,-,Y,NAP,4,29,-,R,2.040,H,-,S,Y,4,0,1,2,A,-,03,22350,,N,C,C,A,A,H,-,A,A,0,,,,,Y,,A,01,0,0,1,0,0,0,0,0,0,"- ","- ",,,NAPA,"AMERICAN CANYON",-122.25545185999999,38.184623819999999
7114116,2015,2015-11-17,2800,2015-10-17,2245,250116,10201,6,5,2,2805,0,0,0,,0,001,"WEST AMERICAN CANYON RD",BROADWAY,0.00,,Y,A,-,N,,,,,,,,,,N,4,0,1,3,A,-,03,22350,,F,C,C,A,A,H,-,C,A,0,,,,,Y,,A,01,0,0,1,0,0,0,0,0,0,"- ","- ",,,NAPA,"AMERICAN CANYON",-122.25296996,38.165529900000003
7114284,2015,2017-02-01,2803,2015-11-06,1025,14,,5,5,2,2803,0,0,0,,0,,"MAIN ST","CHARTER OAK",0.00,,Y,A,-,Y,NAP,4,29,-,-,28.330,H,-,N,N,4,0,1,2,A,-,03,22350,,N,C,C,A,A,H,-,A,D,0,,,,,Y,,A,01,0,0,1,0,0,0,0,0,0,"- ","- ",,,NAPA,"SAINT HELENA",-122.46465013,38.501581790000003
7117927,2015,2015-12-01,2800,2015-11-16,1651,250398,20209,1,5,2,2805,0,0,0,,0,002,"DONALDSON WY E","TUSCAN OAK TRL",32.00,W,N,A,-,N,,,,,,,,,,Y,4,0,1,1,A,-,03,22350,,N,E,I,A,A,H,-,B,A,0,,,,,Y,,A,01,0,0,1,0,0,0,0,0,0,"- ","- ",,,NAPA,"AMERICAN CANYON",-122.25166123,38.171466029999998
7119470,2015,2016-08-12,2800,2015-11-09,1559,250301,20207,1,5,2,2805,0,0,0,,0,002,"AMERICAN CANYON RD","AMERICAN CANYON RD 260",0.00,,Y,A,-,N,,,,,,,,,,Y,3,0,1,3,A,-,03,22350,,N,C,C,A,A,H,-,A,D,0,,,,Y,Y,,A,01,0,1,0,0,0,0,0,0,0,"- ","- ",,,NAPA,"AMERICAN CANYON",-122.24452525,38.163596800000001
7120248,2015,2015-12-04,2802,2015-11-04,1841,320129,42,3,5,5,2802,0,0,0,,0,04B,"OLD SONOMA RD","OLD SONOMA RD 2412",0.00,,N,A,-,N,,,,,,,,,,Y,4,0,1,2,A,-,12,22450,A,N,D,C,A,A,H,-,C,A,0,,,,,Y,,A,01,0,0,1,0,0,0,0,0,0,"- ","- ",,,NAPA,NAPA,-122.30235368,38.288074850000001
7120296,2015,2015-11-20,2802,2015-10-28,1537,320143,23,3,5,5,2802,0,0,0,,0,003,"SOSCOL AV","TRANCAS ST",0.00,,Y,A,-,N,,,,,,,,,,N,4,0,1,2,A,-,03,22350,,N,C,C,A,A,H,-,A,A,0,,,Y,,Y,,C,02,0,0,1,0,0,0,0,0,0,"- ","- ",,,NAPA,NAPA,-122.28885999000001,38.324759970000002
7120441,2015,2017-02-01,2801,2015-10-14,0753,175,4,3,5,2,2801,0,0,0,,0,,"RT 128","PETRIFIED FOREST RD",0.00,,Y,A,-,Y,NAP,4,128,-,-,3.620,I,5,E,Y,3,0,2,3,A,-,00,23453,,N,B,C,A,A,H,-,A,A,0,,,,,Y,,-,,0,1,1,0,0,0,0,0,0,"- ","- ",,,NAPA,CALISTOGA,-122.59622539,38.581252630000002
7120513,2015,2015-11-24,2802,2015-11-03,1046,192,27,2,5,5,2802,0,0,0,,0,01A,"LINCOLN AV","MAIN ST",0.00,,-,A,-,N,,,,,,,,,,Y,4,0,2,2,A,-,03,22350,,N,C,C,A,A,H,-,A,A,0,,,,,Y,,D,22,0,0,2,0,0,0,0,0,0,"- ","- ",,,NAPA,NAPA,-122.29328993999999,38.308839970000001
7120517,2015,2015-11-24,2802,2015-11-04,1519,320411,,3,5,5,2802,0,0,0,,0,,"BIG RANCH RD","BIG RANCH RD 2046",0.00,,N,A,-,N,,,,,,,,,,Y,3,0,1,3,A,-,03,22350,,N,C,C,A,A,H,-,A,D,0,,,,,Y,Y,A,01,0,1,0,0,0,0,0,0,0,"- ","- ",,,NAPA,NAPA,-122.28944688999999,38.326815699999997
7123620,2015,2017-01-14,2803,2015-11-12,1637,20,,4,5,2,2803,0,0,0,,0,,"RT 29","EL BONITA AV",108.00,S,N,A,-,Y,NAP,4,29,-,-,27.750,H,-,S,N,3,0,2,3,A,-,03,22350,,N,C,C,A,A,H,-,A,D,0,,,,,Y,,D,22,0,1,1,0,0,0,0,0,0,"- ","- ",,,NAPA,"SAINT HELENA",-122.45742396,38.49525482
7124483,2015,2015-12-01,2802,2015-11-08,0942,191,16,7,5,5,2802,0,0,0,,0,04B,"LYNN DR","REDWOOD RD",0.00,,Y,B,C,N,,,,,,,,,,Y,4,0,1,2,A,-,03,22350,,N,D,C,A,B,H,-,B,D,0,,,,,Y,,A,07,0,0,1,0,0,0,0,0,0,"- ","- ",,,NAPA,NAPA,-122.33215992,38.316269939999998
7124527,2015,2017-01-14,2802,2015-10-30,0754,191,74,5,5,5,2802,0,0,0,,0,04B,"RT 29","RT 121",7920.00,,N,A,-,Y,NAP,4,29,-,R,7.160,H,-,N,Y,2,0,2,2,A,-,03,22350,,N,C,C,A,A,G,-,B,D,0,,,Y,,Y,,C,02,1,1,0,0,0,0,0,0,1,"- ","- ",,,NAPA,NAPA,-122.28616038,38.244066349999997
7124552,2015,2017-01-14,2802,2015-11-02,1301,320144,1,1,5,5,2802,0,0,0,,0,04A,"SALVADOR AV","RT 29",0.00,,Y,A,-,Y,NAP,4,29,-,-,14.570,H,-,N,N,4,0,2,2,A,-,03,22350,,N,C,C,A,A,H,-,A,A,0,,,,,Y,,A,01,0,0,2,0,0,0,0,0,0,"- ","- ",,,NAPA,NAPA,-122.32397399,38.339286100000002
7126437,2015,2017-01-14,2800,2015-11-07,2328,250349,30402,6,5,2,2804,0,0,0,,0,001,"RT 29","CALIFORNIA DR",0.00,N,N,A,-,Y,NAP,4,29,-,-,19.060,H,-,S,Y,3,0,1,1,A,-,01,23152,A,N,F,A,A,A,H,-,C,D,0,,,,,Y,Y,A,07,0,1,0,0,0,0,0,0,0,"- ","- ",,,NAPA,YOUNTVILLE,-122.35945925999999,38.397816300000002
7129977,2015,2017-01-30,2803,2015-11-28,1535,14,,6,5,2,2803,0,0,0,,0,,"MAIN ST","LEWELLING LN",95.00,,N,A,-,Y,NAP,4,29,-,-,27.500,H,-,N,N,4,0,4,3,A,-,03,22350,,N,C,C,A,A,D,-,A,D,0,,,,,Y,,D,22,0,0,4,0,0,0,0,0,0,"- ","- ",38.50179,-122.49142000000001,NAPA,"SAINT HELENA",-122.45430281,38.492536749999999
7130083,2015,2015-12-09,2802,2015-11-21,1803,320119,35,6,5,5,2802,0,0,0,,0,01A,"CALIFORNIA BL","CLAY ST",0.00,,Y,A,-,N,,,,,,,,,,N,4,0,1,2,A,-,12,22450,A,N,B,G,A,A,H,-,C,A,0,,Y,,,Y,,A,01,0,0,1,0,0,0,1,0,0,"- ","- ",,,NAPA,NAPA,-122.30033998,38.29897991
7130087,2015,2015-12-09,2802,2015-11-17,1408,320143,5,2,5,5,2802,0,0,0,,0,04A,"SOLANO AV","TROWER AV",0.00,,Y,A,-,N,,,,,,,,,,Y,4,0,1,2,A,-,12,21453,A,N,D,C,A,A,H,-,A,A,0,,,,,Y,,A,07,0,0,1,0,0,0,0,0,0,"- ","- ",,,NAPA,NAPA,-122.31765987999999,38.330439949999999
7130099,2015,2015-12-09,2802,2015-11-21,2324,320344,28,6,5,5,2802,0,0,0,,0,003,"SOSCOL AV","LINCOLN AV",0.00,S,N,A,-,N,,,,,,,,,,Y,4,0,1,4,A,-,03,22350,,N,B,E,A,A,H,-,C,A,0,,,,,Y,,A,01,0,0,1,0,0,0,0,0,0,"- ","- ",,,NAPA,NAPA,-122.28525992,38.310249939999999
7130103,2015,2015-12-09,2802,2015-11-16,1757,320129,37,1,5,5,2802,0,0,0,,0,01C,"1ST ST","SEMINARY ST",0.00,,Y,A,-,N,,,,,,,,,,N,4,0,2,2,A,-,09,21802,A,N,D,C,A,A,H,-,C,A,0,,,,,Y,,A,07,0,0,2,0,0,0,0,0,0,"- ","- ",,,NAPA,NAPA,-122.29108999,38.29719995
7130107,2015,2015-12-09,2802,2015-11-16,1525,320334,56,1,5,5,2802,0,0,0,,0,02B,"BORDEAUX WY","NAPA VALLEY CORPORATE DR",0.00,,Y,A,-,N,,,,,,,,,,Y,3,0,1,2,A,-,09,21801,A,N,D,C,A,A,H,-,A,A,0,,,,,Y,,A,01,0,1,0,0,0,0,0,0,0,"- ","- ",,,NAPA,NAPA,-122.27535995,38.247199979999998
7130111,2015,2015-12-09,2802,2015-11-12,0838,320143,39,4,5,5,2802,0,0,0,,0,02B,"SOSCOL AV","SOUSA LN",60.00,S,N,A,-,N,,,,,,,,,,Y,4,0,1,2,A,-,03,22350,,N,C,C,A,A,H,-,A,D,0,,,,,Y,,A,07,0,0,1,0,0,0,0,0,0,"- ","- ",,,NAPA,NAPA,-122.27787984,38.29231532
7130115,2015,2015-12-09,2802,2015-11-11,1043,320143,8,3,5,5,2802,0,0,0,,0,04A,"LINDA VISTA AV","BROOKE CT",0.00,,Y,A,-,N,,,,,,,,,,N,3,0,1,2,A,-,09,21802,A,N,D,G,A,A,H,-,A,A,0,,Y,,,Y,,L,04,0,1,0,0,0,0,1,0,0,"- ","- ",,,NAPA,NAPA,-122.31984988000001,38.321309980000002
7130122,2015,2015-12-09,2802,2015-11-18,0805,320321,31,3,5,5,2802,0,0,0,,0,01A,"MAIN ST","YOUNT ST",0.00,,Y,A,-,N,,,,,,,,,,Y,4,0,1,2,A,-,09,21802,A,N,D,C,A,A,H,-,A,A,0,,,,,Y,,A,01,0,0,1,0,0,0,0,0,0,"- ","- ",,,NAPA,NAPA,-122.28943993999999,38.304049990000003
7130126,2015,2015-12-09,2802,2015-11-17,2215,320283,37,2,5,5,2802,0,0,0,,0,01C,"2ND ST","JEFFERSON ST",0.00,,Y,A,-,N,,,,,,,,,,Y,4,0,2,2,A,-,00,21450,,N,D,C,A,A,H,-,C,A,0,,,,,Y,,A,07,0,0,2,0,0,0,0,0,0,"- ","- ",,,NAPA,NAPA,-122.29352995000001,38.29654
7130150,2015,2017-01-14,2802,2015-11-28,1403,191,58,6,5,5,2802,0,0,0,,0,04A,"RT 29","TROWER AV",0.00,,Y,A,-,Y,NAP,4,29,-,-,13.860,I,5,S,Y,4,0,1,2,A,-,12,21453,A,N,D,C,A,A,H,-,A,A,0,,,,,Y,,A,07,0,0,1,0,0,0,0,0,0,"- ","- ",,,NAPA,NAPA,-122.31716505999999,38.330485109999998
7130154,2015,2015-12-09,2802,2015-11-21,0645,320388,34,6,5,5,2802,0,0,0,,0,04B,"LAUREL ST","TIFFANIE LN",100.00,N,N,A,-,N,,,,,,,,,,Y,3,0,2,1,A,-,03,22350,,N,E,I,A,A,H,-,A,D,0,,,,,Y,,A,01,0,1,1,0,0,0,0,0,0,"- ","- ",,,NAPA,NAPA,-122.31518303999999,38.299841000000001
7130158,2015,2015-12-09,2802,2015-11-18,0827,320321,38,3,5,5,2802,0,0,0,,0,01C,"3RD ST","COOMBS ST",0.00,,Y,A,-,N,,,,,,,,,,Y,4,0,1,2,A,-,12,21453,A,N,D,C,A,A,H,-,A,A,0,,,,,Y,,A,01,0,0,1,0,0,0,0,0,0,"- ","- ",,,NAPA,NAPA,-122.28572994,38.297069989999997
7132295,2015,2015-12-14,2800,2015-11-14,1818,250425,20208,6,5,2,2805,0,0,0,,0,002,"FLOSDEN RD","WORLD MARINE ESTATES",0.00,,Y,A,-,N,,,,,,,,,,N,4,0,1,2,A,-,09,21804,A,N,G,B,A,A,H,-,C,A,0,,Y,,,Y,,L,04,0,0,1,0,0,0,1,0,0,"- ","- ",,,NAPA,"AMERICAN CANYON",,
7133935,2015,2015-12-15,2800,2015-12-02,1728,250428,20209,3,5,2,2805,0,0,0,,0,002,"AMERICAN CANYON RD","SILVER OAK TRL",0.00,,Y,B,-,N,,,,,,,,,,Y,4,0,2,2,A,-,12,21453,A,N,D,C,A,B,H,-,C,A,0,,,,,Y,,A,08,0,0,2,0,0,0,0,0,0,"- ","- ",,,NAPA,"AMERICAN CANYON",-122.2502499,38.165529999999997
7135881,2015,2017-01-14,2803,2015-12-06,2110,11,,7,5,2,2803,0,0,0,,0,,"RT 29","PRATT AV",313.00,N,N,C,-,Y,NAP,4,29,-,-,29.310,H,-,N,Y,4,0,2,1,A,-,03,22350,,N,E,I,A,B,H,-,C,D,0,,,,,Y,,A,01,0,0,2,0,0,0,0,0,0,"- ","- ",38.501690000000004,-122.49160999999999,NAPA,"SAINT HELENA",-122.47851224999999,38.509989679999997
7136584,2015,2015-12-17,2802,2015-11-18,0754,320143,26,3,5,5,2802,0,0,0,,0,01A,"JEFFERSON ST","PARK AV",0.00,,Y,B,-,N,,,,,,,,,,,4,0,2,3,A,-,03,22350,,N,C,C,A,A,H,-,A,A,0,,,,,Y,,A,07,0,0,2,0,0,0,0,0,0,"- ","- ",,,NAPA,NAPA,-122.29701996999999,38.312649909999998
7136588,2015,2015-12-17,2802,2015-11-18,1049,320143,19,3,5,5,2802,0,0,0,,0,04A,"LINDA VISTA AV","REDWOOD RD",0.00,,Y,A,-,N,,,,,,,,,,N,4,0,1,2,A,-,10,21950,A,N,G,B,B,A,H,-,A,A,0,Y,,,,Y,,A,01,0,0,1,0,1,0,0,0,0,"- ","- ",,,NAPA,NAPA,-122.3183799,38.319609909999997
7136592,2015,2015-12-17,2802,2015-11-16,0138,186,43,1,5,5,2802,0,0,0,,0,01B,"JEFFERSON ST","JEFFERSON ST 617",0.00,,-,A,-,N,,,,,,,,,,Y,4,0,1,3,A,-,08,22107,,N,A,E,A,A,H,-,C,D,0,,,,,Y,,A,01,0,0,1,0,0,0,0,0,0,"- ","- ",,,NAPA,NAPA,-122.29392529,38.294443049999998
7136611,2015,2017-01-27,2802,2015-12-02,1701,320129,58,3,5,5,2802,0,0,0,,0,04A,"RT 29","SALVADOR AV",20.00,N,N,A,-,Y,NAP,4,29,-,-,14.620,H,-,S,N,4,0,1,3,A,-,01,23153,A,F,C,C,A,A,H,-,A,A,0,,,,,Y,Y,A,01,0,0,1,0,0,0,0,0,0,"- ","- ",,,NAPA,NAPA,-122.32457789,38.339834869999997