CASE_ID,ACCIDENT_YEAR,PROC_DATE,JURIS,COLLISION_DATE,COLLISION_TIME,OFFICER_ID,REPORTING_DISTRICT,DAY_OF_WEEK,CHP_SHIFT,POPULATION,CNTY_CITY_LOC,SPECIAL_COND,BEAT_TYPE,CHP_BEAT_TYPE,CITY_DIVISION_LAPD,CHP_BEAT_CLASS,BEAT_NUMBER,PRIMARY_RD,SECONDARY_RD,DISTANCE,DIRECTION,INTERSECTION,WEATHER_1,WEATHER_2,STATE_HWY_IND,CALTRANS_COUNTY,CALTRANS_DISTRICT,STATE_ROUTE,ROUTE_SUFFIX,POSTMILE_PREFIX,POSTMILE,LOCATION_TYPE,RAMP_INTERSECTION,SIDE_OF_HWY,TOW_AWAY,COLLISION_SEVERITY,NUMBER_KILLED,NUMBER_INJURED,PARTY_COUNT,PRIMARY_COLL_FACTOR,PCF_CODE_OF_VIOL,PCF_VIOL_CATEGORY,PCF_VIOLATION,PCF_VIOL_SUBSECTION,HIT_AND_RUN,TYPE_OF_COLLISION,MVIW,PED_ACTION,ROAD_SURFACE,ROAD_COND_1,ROAD_COND_2,LIGHTING,CONTROL_DEVICE,CHP_ROAD_TYPE,PEDESTRIAN_ACCIDENT,BICYCLE_ACCIDENT,MOTORCYCLE_ACCIDENT,TRUCK_ACCIDENT,NOT_PRIVATE_PROPERTY,ALCOHOL_INVOLVED,STWD_VEHTYPE_AT_FAULT,CHP_VEHTYPE_AT_FAULT,COUNT_SEVERE_INJ,COUNT_VISIBLE_INJ,COUNT_COMPLAINT_PAIN,COUNT_PED_KILLED,COUNT_PED_INJURED,COUNT_BICYCLIST_KILLED,COUNT_BICYCLIST_INJURED,COUNT_MC_KILLED,COUNT_MC_INJURED,PRIMARY_RAMP,SECONDARY_RAMP,LATITUDE,LONGITUDE,COUNTY,CITY,POINT_X,POINT_Y
7203788,2016,2017-02-14,2803,2016-02-09,0627,28,,2,5,2,2803,0,0,0,,0,,"RT 29","BRITTON WY",148.00,N,N,A,-,Y,NAP,4,29,-,-,28.880,H,-,N,Y,4,0,2,2,A,-,03,22350,,N,B,E,A,A,H,-,C,D,0,,,,,Y,,A,07,0,0,2,0,0,0,0,0,0,"- ","- ",,,NAPA,"SAINT HELENA",-122.47232024,38.506474490000002
7204408,2016,2016-03-14,2802,2016-02-10,0652,320133,8,3,5,5,2802,0,0,0,,0,04A,"DRY CREEK RD","TROWER AV",0.00,,Y,A,-,N,,,,,,,,,,N,2,0,1,2,A,-,10,21950,A,N,A,B,B,A,H,-,A,D,0,Y,,,,Y,,A,01,1,0,0,0,1,0,0,0,0,"- ","- ",,,NAPA,NAPA,-122.33208990999999,38.32279999
7206358,2016,2016-03-22,2802,2016-02-23,1307,320283,7,2,5,5,2802,0,0,0,,0,003,"SOLOMON AV","DILLON DR",0.00,,Y,A,-,N,,,,,,,,,,Y,3,0,3,2,A,-,09,21802,B,N,B,C,A,A,H,-,A,A,0,,,,,Y,,A,07,0,1,2,0,0,0,0,0,0,"- ","- ",,,NAPA,NAPA,-122.30618993,38.334669890000001
7206629,2016,2016-03-23,2802,2016-03-02,1926,320327,30,3,5,5,2802,0,0,0,,0,01A,"JEFFERSON ST","B ST",0.00,,Y,B,-,N,,,,,,,,,,Y,4,0,2,2,A,-,08,22107,,N,B,C,A,A,H,-,C,D,0,,,,,Y,,A,01,0,0,2,0,0,0,0,0,0,"- ","- ",,,NAPA,NAPA,-122.29398993,38.302229969999999
7206633,2016,2016-03-23,2802,2016-03-06,2208,320411,56,7,5,5,2802,0,0,0,,0,02B,"NAPA VALLEY CORPORATE DR","ANSELMO CT",50.00,N,N,B,-,N,,,,,,,,,,Y,2,0,3,1,A,-,01,23153,A,N,E,I,A,B,H,-,C,D,0,,,,,Y,Y,A,07,2,0,1,0,0,0,0,0,0,"- ","- ",,,NAPA,NAPA,-122.27665885,38.2459718
7206637,2016,2016-03-23,2802,2016-03-06,2100,185,5,7,5,5,2802,0,0,0,,0,04A,"WINE COUNTRY AV","EMPEROR WY",30.00,W,N,C,-,N,,,,,,,,,,Y,4,0,1,1,A,-,08,22107,,N,E,I,A,B,H,-,C,D,0,,,,,Y,,A,01,0,0,1,0,0,0,0,0,0,"- ","- ",,,NAPA,NAPA,-122.32727623,38.334193339999999
7206877,2016,2017-02-13,2802,2016-02-21,1646,320108,58,7,5,5,2802,0,0,0,,0,04A,"RT 29","TROWER AV",0.00,,Y,A,-,Y,NAP,4,29,-,-,13.860,I,6,S,Y,3,0,1,3,A,-,01,23152,A,N,A,C,A,A,H,-,A,A,0,,,Y,,Y,Y,C,02,0,1,0,0,0,0,0,0,1,"- ","- ",,,NAPA,NAPA,-122.31716505999999,38.330485109999998
7207100,2014,2016-03-22,2800,2014-04-01,0700,14264,,2,5,2,2805,0,0,0,,0,032,"AMERICAN CANYON RD","FLOSDEN RD",2640.00,E,N,B,-,N,,,,,,,,,,Y,4,0,1,1,A,-,08,22107,,N,E,I,A,B,H,-,A,D,0,,,,,Y,,-,"- ",0,0,1,0,0,0,0,0,0,"- ","- ",38.163800000000002,-122.23036999999999,NAPA,"AMERICAN CANYON",-122.23089068,38.163914230000003
7207879,2016,2017-02-07,2800,2016-03-08,1742,250301,20207,2,5,2,2805,0,0,0,,0,002,"RT 29","MINI DR",520.00,N,N,A,-,Y,NAP,4,29,-,-,5.950,H,-,S,Y,4,0,1,3,A,-,03,22350,,N,C,C,A,A,H,-,A,D,0,,,,,Y,,D,22,0,0,1,0,0,0,0,0,0,"- ","- ",,,NAPA,"AMERICAN CANYON",-122.26625412,38.239030229999997
7209801,2016,2016-03-23,2802,2016-03-01,1827,320337,44,2,5,5,2802,0,0,0,,0,01B,"3RD ST","SEMINARY ST",0.00,,Y,A,-,N,,,,,,,,,,N,4,0,1,2,A,-,03,22350,,N,D,C,A,A,H,-,A,A,0,,,,,Y,,D,22,0,0,1,0,0,0,0,0,0,"- ","- ",,,NAPA,NAPA,-122.29139995,38.295459970000003
7210393,2016,2017-02-13,2800,2016-03-02,0903,250053,30402,3,5,2,2804,0,0,0,,0,001,"RT 29","MPM 19.10",125.00,N,N,A,-,Y,NAP,4,29,-,-,19.120,H,-,N,N,4,0,1,2,A,-,03,22350,,N,B,C,A,A,H,-,A,A,0,,,,,Y,,A,01,0,0,1,0,0,0,0,0,0,"- ","- ",,,NAPA,YOUNTVILLE,-122.36007419000001,38.398580709999997
7213828,2016,2017-02-07,2803,2016-03-10,1532,28,,4,5,2,2803,0,0,0,,0,,"RT 29","POPE ST",177.00,N,N,C,-,Y,NAP,4,29,-,-,28.520,H,-,S,Y,4,0,1,2,A,-,09,21804,A,N,D,C,A,B,H,-,A,D,0,,,,,Y,,A,07,0,0,1,0,0,0,0,0,0,"- ","- ",38.503210000000003,-122.46684999999999,NAPA,"SAINT HELENA",-122.46720714,38.503403349999999
8000764,2016,2016-04-06,2802,2016-03-17,0739,199,47,4,5,5,2802,0,0,0,,0,01B,"W IMOLA AV","SOUTH JEFFERSON ST",0.00,,Y,A,-,N,,,,,,,,,,Y,3,0,2,2,A,-,03,22350,,N,C,C,A,A,H,-,A,C,0,,,,,Y,,A,07,0,1,1,0,0,0,0,0,0,"- ","- ",,,NAPA,NAPA,-122.29369995,38.282049989999997
8000772,2016,2016-04-06,2802,2016-03-05,1505,320388,48,6,5,5,2802,0,0,0,,0,01B,"SOUTH COOMBS ST","W IMOLA AV",0.00,,Y,B,C,N,,,,,,,,,,Y,4,0,1,2,A,-,12,21453,A,N,D,D,A,B,H,-,A,A,0,,,,,Y,Y,A,01,0,0,1,0,0,0,0,0,0,"- ","- ",,,NAPA,NAPA,-122.28909991,38.281779919999998
8000821,2016,2017-02-07,2802,2016-03-15,1519,199,0,2,5,5,2802,0,0,0,,0,,"RT 29","LINCOLN AV",0.00,,Y,A,-,Y,NAP,4,29,-,-,11.970,R,1,N,N,4,0,1,2,A,-,03,22350,,N,C,C,A,A,H,-,A,A,0,,,,,Y,,A,01,0,0,1,0,0,0,0,0,0,"- ","- ",,,NAPA,NAPA,-122.30435014,38.305864399999997
8002849,2016,2016-03-30,2802,2016-03-15,1640,320119,30,2,5,5,2802,0,0,0,,0,01A,"CALIFORNIA BL","E ST",0.00,,Y,A,-,N,,,,,,,,,,N,3,0,1,2,A,-,05,21202,A,N,D,G,A,A,H,-,A,D,0,,Y,,,Y,,L,04,0,1,0,0,0,0,1,0,0,"- ","- ",,,NAPA,NAPA,-122.30132996,38.303289970000002
8003069,2016,2016-03-24,2802,2016-03-08,1015,199,35,2,5,5,2802,0,0,0,,0,01A,"CLAY ST","SEYMOUR ST",300.00,E,N,A,-,N,,,,,,,,,,Y,4,0,2,2,A,-,03,22350,,N,C,C,A,A,H,-,A,D,0,,,,,Y,,A,01,0,0,2,0,0,0,0,0,0,"- ","- ",,,NAPA,NAPA,-122.29587198,38.298541010000001
8003073,2016,2016-03-24,2802,2016-03-11,1100,320145,30,5,5,5,2802,0,0,0,,0,01A,"G ST","JEFFERSON ST",0.00,,Y,B,C,N,,,,,,,,,,Y,4,0,1,2,A,-,09,21802,A,N,D,C,A,B,H,-,A,A,0,,,,,Y,,A,08,0,0,1,0,0,0,0,0,0,"- ","- ",,,NAPA,NAPA,-122.29513991,38.306219900000002
8003077,2016,2016-03-24,2802,2016-03-10,1007,320129,28,4,5,5,2802,0,0,0,,0,003,"PUEBLO AV","SOSCOL AV",50.00,W,N,A,-,N,,,,,,,,,,N,4,0,1,2,A,-,03,22350,,N,C,C,A,B,H,-,A,A,0,,,,,Y,,A,01,0,0,1,0,0,0,0,0,0,"- ","- ",,,NAPA,NAPA,-122.28535995,38.317939709999997
8003081,2016,2016-03-24,2802,2016-03-09,1342,320143,28,3,5,5,2802,0,0,0,,0,003,"SOSCOL AV","LA HOMA DR",300.00,S,N,B,C,N,,,,,,,,,,Y,3,0,1,1,A,-,01,23152,A,N,E,I,A,B,H,-,A,D,0,,,,,Y,Y,A,01,0,1,0,0,0,0,0,0,0,"- ","- ",,,NAPA,NAPA,-122.2852,38.320063089999998
8006764,2016,2016-04-05,2800,2016-03-23,2036,250436,10201,3,5,2,2805,0,0,0,,0,001,"MARLA DR","MEADOW BAY DR",0.00,,Y,A,-,N,,,,,,,,,,Y,3,0,1,1,A,-,03,22350,,N,F,A,A,A,H,-,C,A,0,,,,,Y,,A,01,0,1,0,0,0,0,0,0,0,"- ","- ",,,NAPA,"AMERICAN CANYON",-122.26447985,38.155749960000001
8006943,2016,2017-02-13,2800,2016-03-15,2156,250126,30402,2,5,2,2804,0,0,0,,0,001,"RT 29",MADISON,0.00,,Y,A,-,Y,NAP,4,29,-,-,19.780,I,6,S,Y,4,0,1,2,A,-,03,22350,,N,C,C,A,A,H,-,C,A,0,,,,,Y,,D,22,0,0,1,0,0,0,0,0,0,"- ","- ",,,NAPA,YOUNTVILLE,-122.36868428,38.406087999999997
8007130,2016,2017-02-13,2803,2016-03-23,1019,28,,3,5,2,2803,0,0,0,,0,,"RT 29","CHARTER OAK AV",119.00,N,N,A,-,Y,NAP,4,29,-,-,28.340,H,-,N,Y,4,0,2,2,A,-,03,22350,,N,C,C,A,A,H,-,A,D,0,,,,,Y,,A,01,0,0,2,0,0,0,0,0,0,"- ","- ",38.503039999999999,-122.46657,NAPA,"SAINT HELENA",-122.46477548999999,38.501689519999999
8010205,2016,2017-02-09,2800,2016-03-26,1155,250400,20212,6,5,2,2805,0,0,0,,0,002,BROADWAY,"EUCALYPTUS DR",0.00,,Y,A,-,Y,NAP,4,29,-,-,0.178,H,-,N,N,3,0,2,2,A,-,08,22107,,N,D,C,A,A,H,-,A,A,0,,,Y,,Y,,C,02,0,1,1,0,0,0,0,0,2,"- ","- ",,,NAPA,"AMERICAN CANYON",-122.25332043,38.157854489999998
8019752,2016,2017-02-11,2803,2016-04-17,1219,14,,7,5,2,2803,0,0,0,,0,,"MAIN ST","MADRONA AV",30.00,S,N,A,-,Y,NAP,4,29,-,-,28.930,H,-,S,N,4,0,1,2,A,-,03,22350,,N,C,C,A,A,H,-,A,A,0,,,,,Y,,A,01,0,0,1,0,0,0,0,0,0,"- ","- ",38.507040000000003,-122.47322,NAPA,"SAINT HELENA",-122.47302289,38.50691063
8021517,2016,2016-04-14,2802,2016-03-20,1118,199,38,7,5,5,2802,0,0,0,,0,01C,"FRANKLIN ST","CLAY ST",0.00,,Y,B,C,N,,,,,,,,,,Y,4,0,2,2,A,-,09,21802,A,N,D,C,A,B,H,-,A,A,0,,,,,Y,,A,01,0,0,2,0,0,0,0,0,0,"- ","- ",,,NAPA,NAPA,-122.28923989,38.298319929999998
8021518,2016,2016-04-14,2802,2016-03-25,1440,320336,42,5,5,5,2802,0,0,0,,0,04B,"OLD SONOMA RD","WALNUT ST",50.00,E,N,A,-,N,,,,,,,,,,N,4,0,1,2,A,-,21,22106,,N,B,C,A,A,H,-,A,D,0,,,,,Y,,A,08,0,0,1,0,0,0,0,0,0,"- ","- ",,,NAPA,NAPA,-122.30009584,38.287775480000001
8021519,2016,2016-04-14,2802,2016-03-26,0113,197,2,6,5,5,2802,0,0,0,,0,003,"SALVADOR AV",DALE,100.00,E,N,A,-,N,,,,,,,,,,Y,3,0,1,2,A,-,08,22107,,N,E,I,A,A,H,-,C,D,0,,,,,Y,,A,01,0,1,0,0,0,0,0,0,0,"- ","- ",,,NAPA,NAPA,-122.31841823000001,38.341545969999999
8021520,2016,2016-04-14,2802,2016-03-27,0007,320287,28,7,5,5,2802,0,0,0,,0,003,"SOSCOL AV","LINCOLN AV",100.00,S,N,A,-,N,,,,,,,,,,N,2,0,1,2,A,-,11,21954,A,N,G,B,C,A,H,-,A,D,0,Y,,,,Y,Y,N,60,1,0,0,0,1,0,0,0,0,"- ","- ",,,NAPA,NAPA,-122.285251,38.30997541
8022513,2016,2016-04-21,2802,2016-04-01,1744,320334,49,5,5,5,2802,0,0,0,,0,02B,"SHETLER AV","SOSCOL AV",0.00,,Y,A,-,N,,,,,,,,,,Y,4,0,1,2,A,-,03,22350,,N,C,C,A,A,H,-,-,A,0,,,,,Y,,D,22,0,0,1,0,0,0,0,0,0,"- ","- ",,,NAPA,NAPA,-122.27445985999999,38.282409899999998
8022537,2016,2016-05-24,2802,2016-03-29,1450,320129,48,2,5,5,2802,0,0,0,,0,01B,"SOUTH JEFFERSON ST","S JEFFERSON ST 414",0.00,,-,A,-,N,,,,,,,,,,Y,4,0,1,3,A,-,03,22350,,M,C,C,A,A,H,-,A,A,0,,,,,Y,,A,01,0,0,1,0,0,0,0,0,0,"- ","- ",,,NAPA,NAPA,-122.29392707,38.284285250000003
8022675,2016,2016-04-22,2802,2016-03-28,1949,32L38,4,1,5,5,2802,0,0,0,,0,04A,"LINDA VISTA AV","CULPEPPER ST",0.00,,Y,A,-,N,,,,,,,,,,Y,2,0,1,2,D,-,00,,,N,G,B,B,A,H,-,B,D,0,Y,,,,Y,,-,"- ",1,0,0,0,1,0,0,0,0,"- ","- ",,,NAPA,NAPA,-122.32872999,38.33139997
8022699,2016,2016-04-22,2802,2016-03-30,1534,320091,287,3,5,5,2802,0,0,0,,0,003,"LINCOLN AV","LINCOLN AV 500",0.00,,N,A,-,N,,,,,,,,,,Y,4,0,1,2,A,-,09,21804,A,N,A,C,A,A,H,-,A,D,0,,,Y,,Y,,A,01,0,0,1,0,0,0,0,0,1,"- ","- ",,,NAPA,NAPA,-122.27877527,38.310339689999999
8022703,2016,2017-02-17,2802,2016-03-26,1846,320336,58,6,5,5,2802,0,0,0,,0,04A,"RT 29","WINE COUNTRY AV",0.00,,Y,A,-,Y,NAP,4,29,-,-,14.320,I,5,S,Y,3,0,2,2,A,-,03,22350,,N,C,C,A,A,H,-,A,A,0,,,,,Y,,A,01,0,1,1,0,0,0,0,0,0,"- ","- ",,,NAPA,NAPA,-122.32177819,38.336113859999998
8022762,2016,2016-04-20,2802,2016-04-04,1437,320448,22,1,5,5,2802,0,0,0,,0,003,"CLAREMONT WY","JEFFERSON ST",135.00,W,N,A,-,N,,,,,,,,,,N,3,0,1,2,A,-,05,21650,1,N,D,G,A,A,C,D,A,A,0,,Y,,,Y,,L,04,0,1,0,0,0,0,1,0,0,"- ","- ",,,NAPA,NAPA,-122.29983783,38.320913849999997
8022766,2016,2016-04-20,2802,2016-04-03,1140,320388,44,7,5,5,2802,0,0,0,,0,01B,"COOMBS ST","LAUREL ST",0.00,,Y,A,-,N,,,,,,,,,,N,4,0,1,2,A,-,12,22450,A,N,D,C,A,A,H,-,A,D,0,,,,,Y,,A,01,0,0,1,0,0,0,0,0,0,"- ","- ",,,NAPA,NAPA,-122.28546994,38.292019959999998
8022770,2016,2016-04-20,2802,2016-04-01,1600,320388,31,5,5,5,2802,0,0,0,,0,01A,"JEFFERSON ST","LINCOLN AV",0.00,,Y,A,-,N,,,,,,,,,,N,3,0,1,2,D,-,00,,,N,D,G,A,A,H,-,A,A,0,,Y,,,Y,,-,"- ",0,1,0,0,0,0,1,0,0,"- ","- ",,,NAPA,NAPA,-122.29572998,38.30840997
8022774,2016,2016-04-20,2802,2016-04-06,1305,320448,9,3,5,5,2802,0,0,0,,0,04A,"REDWOOD RD","SOLANO AV",0.00,,Y,A,-,N,,,,,,,,,,Y,4,0,2,2,A,-,09,21801,A,N,D,C,A,A,H,-,A,A,0,,,,,Y,,A,01,0,0,2,0,0,0,0,0,0,"- ","- ",,,NAPA,NAPA,-122.31027985,38.320999999999998
8022778,2016,2016-04-20,2802,2016-04-11,1755,185,12,1,5,5,2802,0,0,0,,0,003,"EL CAPITAN WY","JEFFERSON ST",0.00,,Y,A,-,N,,,,,,,,,,N,4,0,2,2,A,-,09,21802,A,N,D,C,A,A,H,-,A,A,0,,,,,Y,,A,01,0,0,2,0,0,0,0,0,0,"- ","- ",,,NAPA,NAPA,-122.30334997,38.326939979999999
8027123,2016,2016-04-26,2803,2016-04-12,1648,28,,2,5,2,2803,0,0,0,,0,,"OAK AV","PINE ST",63.00,S,N,B,-,N,,,,,,,,,,N,4,0,2,2,A,-,05,21460,A,N,A,C,A,A,H,-,A,D,0,,,,,Y,,A,01,0,0,2,0,0,0,0,0,0,"- ","- ",38.505499999999998,-122.47263,NAPA,"SAINT HELENA",-122.47248483,38.505355119999997
8027127,2016,2016-04-26,2803,2016-04-19,1257,28,,2,5,2,2803,0,0,0,,0,,"RAILROAD AV",ADAMS,102.00,N,N,A,-,N,,,,,,,,,,N,4,0,1,2,A,-,03,22350,,N,C,C,A,A,H,-,A,D,0,,,,,Y,,A,07,0,0,1,0,0,0,0,0,0,"- ","- ",38.505980000000001,-122.46957,NAPA,"SAINT HELENA",-122.46982792999999,38.506123449999997
8027213,2016,2016-04-28,2802,2016-04-13,1547,320301,39,3,5,5,2802,0,0,0,,0,02B,"3RD ST","SOSCOL AV",0.00,,Y,A,-,N,,,,,,,,,,N,4,0,1,2,A,-,11,21950,B,N,G,B,B,A,H,-,A,A,0,Y,,,,Y,,N,60,0,0,1,0,1,0,0,0,0,"- ","- ",,,NAPA,NAPA,-122.28234992,38.298539920000003
8027217,2016,2016-04-28,2802,2016-04-17,1328,320388,26,7,5,5,2802,0,0,0,,0,01A,"CALIFORNIA BL","LINCOLN AV",20.00,N,N,A,-,N,,,,,,,,,,N,4,0,4,3,A,-,03,22350,,N,C,C,A,A,H,-,A,A,0,,,,,Y,,A,01,0,0,4,0,0,0,0,0,0,"- ","- ",,,NAPA,NAPA,-122.30247491,38.307233670000002
8027221,2016,2016-04-27,2802,2016-04-15,1453,320388,27,5,5,5,2802,0,0,0,,0,01A,"LINCOLN AV","YAJOME ST",0.00,,Y,A,-,N,,,,,,,,,,N,4,0,2,2,A,-,09,21801,A,N,A,C,A,A,H,-,A,D,0,,,,,Y,,A,01,0,0,2,0,0,0,0,0,0,"- ","- ",,,NAPA,NAPA,-122.29133987,38.309189940000003
8027225,2016,2016-04-29,2802,2016-04-14,1506,320388,56,4,5,5,2802,0,0,0,,0,02B,"KAISER RD","NAPA VALLEY CORPORATE DR",0.00,,Y,A,-,N,,,,,,,,,,Y,3,0,1,2,A,-,09,21801,A,N,D,D,A,A,H,-,A,D,0,,,,,Y,,A,01,0,1,0,0,0,0,0,0,0,"- ","- ",,,NAPA,NAPA,-122.27465997,38.257579939999999
8027229,2016,2016-04-27,2802,2016-04-09,1247,320388,31,6,5,5,2802,0,0,0,,0,01A,"JACKSON ST","YAJOME ST",0.00,,Y,C,-,N,,,,,,,,,,N,3,0,2,2,A,-,09,21802,A,N,D,C,A,B,H,-,A,D,0,,,,,Y,,A,01,0,1,1,0,0,0,0,0,0,"- ","- ",,,NAPA,NAPA,-122.28947988,38.306879969999997
8027925,2016,2017-02-11,2803,2016-04-18,0912,29,,1,5,2,2803,0,0,0,,0,,"MAIN ST","GRAYSON AV",20.00,N,N,B,-,Y,NAP,4,29,-,-,28.100,H,-,N,Y,4,0,1,2,A,-,05,21460,A,N,A,C,A,A,H,-,A,D,0,,,,,Y,,A,07,0,0,1,0,0,0,0,0,0,"- ","- ",,,NAPA,"SAINT HELENA",-122.46178578999999,38.499073789999997
8028085,2016,2017-02-18,2800,2016-04-14,0822,250400,10204,4,5,2,2805,0,0,0,,0,001,"RT 29","RIO DEL MAR",20.00,S,N,A,-,Y,NAP,4,29,-,-,1.650,H,-,N,Y,4,0,1,2,A,-,03,22350,,N,C,D,A,A,H,-,A,A,0,,,,,Y,,A,08,0,0,1,0,0,0,0,0,0,"- ","- ",,,NAPA,"AMERICAN CANYON",-122.2545908,38.179028180000003
8029139,2016,2016-04-28,2802,2016-04-18,1438,320448,22,1,5,5,2802,0,0,0,,0,003,"JEFFERSON ST","TRANCAS ST",12.00,S,N,A,-,N,,,,,,,,,,N,4,0,1,2,A,-,03,22350,,N,C,C,A,A,H,-,A,A,0,,,,,Y,,D,22,0,0,1,0,0,0,0,0,0,"- ","- ",,,NAPA,NAPA,-122.3001098,38.322751140000001
8030416,2016,2016-05-04,2800,2016-03-18,1259,250226,20209,5,5,2,2805,0,0,0,,0,002,"NEWELL DR","NEWELL DR 3000",0.00,,-,A,-,N,,,,,,,,,,N,3,0,1,2,A,-,03,22350,,N,D,C,A,A,H,-,A,D,0,,,Y,,Y,,C,02,0,1,0,0,0,0,0,0,1,"- ","- ",,,NAPA,"AMERICAN CANYON",-122.24059314,38.166724909999999
8030855,2016,2016-05-16,2802,2016-04-25,1427,320448,33,1,5,5,2802,0,0,0,,0,02A,"EAST AV","EAST BERNA AV",12.00,S,N,A,-,N,,,,,,,,,,Y,3,0,1,2,A,-,08,22107,,N,D,E,A,A,H,-,A,D,0,,,,,Y,,D,22,0,1,0,0,0,0,0,0,0,"- ","- ",,,NAPA,NAPA,-122.27350726,38.30467711
8030872,2016,2016-05-05,2802,2016-04-22,1407,320388,,5,5,5,2802,0,0,0,,0,,"LISA CT","SHURTLEFF AV",300.00,W,N,A,-,N,,,,,,,,,,N,3,0,1,2,A,-,21,22106,,N,G,B,F,A,H,-,A,D,0,Y,,,,Y,,A,01,0,1,0,0,1,0,0,0,0,"- ","- ",,,NAPA,NAPA,-122.26430999999999,38.283380000000001
8030876,2016,2016-05-05,2802,2016-04-24,1602,320321,26,7,5,5,2802,0,0,0,,0,01A,"JEFFERSON ST","PUEBLO AV",0.00,,Y,A,-,N,,,,,,,,,,N,4,0,1,2,A,-,10,21952,,N,G,B,B,A,H,-,A,A,0,Y,,,,Y,,A,07,0,0,1,0,1,0,0,0,0,"- ","- ",,,NAPA,NAPA,-122.29783992999999,38.315679930000002
8030880,2016,2016-05-05,2802,2016-04-17,2001,185,26,7,5,5,2802,0,0,0,,0,01A,"CALIFORNIA BL","PUEBLO AV",40.00,S,N,A,-,N,,,,,,,,,,Y,4,0,2,2,A,-,03,22350,,N,C,C,A,A,H,-,C,A,0,,,,,Y,,A,01,0,0,2,0,0,0,0,0,0,"- ","- ",,,NAPA,NAPA,-122.30456555000001,38.314343530000002
8031040,2016,2016-05-10,2801,2016-04-17,0001,181,1,7,5,2,2801,0,0,0,,0,,"LINCOLN AV","LINCOLN AV 1108",0.00,,N,A,-,N,,,,,,,,,,N,3,0,1,1,A,-,21,22106,,M,E,I,A,-,H,-,C,D,0,,,,,Y,,A,71,0,1,0,0,0,0,0,0,0,"- ","- ",,,NAPA,CALISTOGA,-122.29493469000001,38.308543710000002
8033997,2016,2016-05-12,2802,2016-05-03,1630,320119,31,2,5,5,2802,0,0,0,,0,01A,"MAIN ST","LINCOLN AV",0.00,,Y,A,-,N,,,,,,,,,,N,4,0,1,2,A,-,03,22350,,M,C,C,A,A,H,-,A,A,0,,,,,Y,,D,22,0,0,1,0,0,0,0,0,0,"- ","- ",,,NAPA,NAPA,-122.29328993999999,38.308839970000001
8034003,2016,2016-05-11,2802,2016-04-28,1347,320388,15,4,5,5,2802,0,0,0,,0,04B,"BUHMAN AV","MEADOWBROOK CT",0.00,,Y,A,-,N,,,,,,,,,,N,4,0,1,2,A,-,08,22103,,N,B,C,A,A,H,-,A,D,0,,,,,Y,,A,01,0,0,1,0,0,0,0,0,0,"- ","- ",,,NAPA,NAPA,-122.33992997999999,38.303199990000003
8034011,2016,2016-05-11,2802,2016-04-29,1051,189,13,5,5,5,2802,0,0,0,,0,003,"JEFFERSON ST","TRANCAS ST",300.00,N,N,A,-,N,,,,,,,,,,Y,4,0,1,1,A,-,03,22350,,N,E,I,A,A,H,-,A,D,0,,,,,Y,,A,08,0,0,1,0,0,0,0,0,0,"- ","- ",,,NAPA,NAPA,-122.30065383,38.323492680000001
8034217,2016,2016-05-12,2802,2016-05-01,1232,320448,38,7,5,5,2802,0,0,0,,0,01C,"MAIN ST","3RD ST",50.00,N,N,A,-,N,,,,,,,,,,Y,4,0,1,2,A,-,01,23152,A,N,C,E,A,A,H,-,A,D,0,,,,,Y,Y,A,01,0,0,1,0,0,0,0,0,0,"- ","- ",,,NAPA,NAPA,-122.28442929000001,38.297902870000001
8034225,2016,2016-05-17,2802,2016-05-01,1803,32L38,121,7,5,5,2802,0,0,0,,0,04A,"TROWER AV","MAHER ST",0.00,,N,A,-,N,,,,,,,,,,Y,4,0,2,2,A,-,09,21801,A,N,D,C,A,A,H,-,A,D,0,,,,,Y,,A,01,0,0,2,0,0,0,0,0,0,"- ","- ",,,NAPA,NAPA,-122.32085995,38.328729899999999
8039168,2016,2016-05-19,2802,2016-04-28,1502,320388,31,4,5,5,2802,0,0,0,,0,01A,"LINCOLN AV","JEFFERSON ST",200.00,,N,A,-,N,,,,,,,,,,Y,4,0,3,2,A,-,03,22350,,N,C,C,A,A,H,-,A,A,0,,,,,Y,,A,01,0,0,3,0,0,0,0,0,0,"- ","- ",,,NAPA,NAPA,-122.29572998,38.30840997
8041833,2016,2016-05-27,2802,2016-04-24,2359,188,36,7,5,5,2802,0,0,0,,0,01A,"MAIN ST","NAPA ST",10.00,N,N,A,-,N,,,,,,,,,,N,4,0,1,2,A,-,17,22517,,N,H,G,A,A,H,-,B,D,0,,Y,,Y,Y,,F,26,0,0,1,0,0,0,1,0,0,"- ","- ",,,NAPA,NAPA,-122.28833811,38.302693470000001
8041837,2016,2016-08-29,2802,2016-05-15,0111,195,51,7,5,5,2802,0,0,0,,0,02B,"KANSAS AV","CORONADO AV",78.00,E,N,A,-,N,,,,,,,,,,Y,3,0,1,2,A,-,01,23152,A,N,B,E,A,A,H,-,C,A,0,,,,,Y,Y,A,01,0,1,0,0,0,0,0,0,0,"- ","- ",,,NAPA,NAPA,-122.26775818,38.285581649999997
8041931,2016,2016-06-08,2802,2016-05-14,1043,320388,22,6,5,5,2802,0,0,0,,0,003,"BEARD RD","PEAR TREE LN",420.00,N,N,A,-,N,,,,,,,,,,N,4,0,1,3,A,-,08,22107,,N,B,C,A,A,H,-,A,D,0,,,,,Y,,A,01,0,0,1,0,0,0,0,0,0,"- ","- ",,,NAPA,NAPA,-122.29546529,38.321883030000002
8041939,2016,2016-05-27,2802,2016-05-15,1552,320448,20,7,5,5,2802,0,0,0,,0,04A,"LINDA VISTA AV","MACLEAN ST",0.00,,Y,A,-,N,,,,,,,,,,Y,4,0,1,2,A,-,09,21802,A,N,A,C,A,A,H,-,A,D,0,,,,,Y,,A,01,0,0,1,0,0,0,0,0,0,"- ","- ",,,NAPA,NAPA,-122.3180399,38.318509990000003
8041943,2016,2016-05-27,2802,2016-05-14,1550,320448,44,6,5,5,2802,0,0,0,,0,01B,"PINE ST","RANDOLPH ST",0.00,,Y,A,-,N,,,,,,,,,,Y,4,0,1,2,A,-,01,23152,A,F,D,C,A,A,H,-,A,D,0,,,,,Y,Y,A,01,0,0,1,0,0,0,0,0,0,"- ","- ",,,NAPA,NAPA,-122.28721992,38.290789930000003
8045058,2016,2016-05-20,2802,2016-05-03,1120,230143,20,2,5,5,2802,0,0,0,,0,04A,"REDWOOD RD","SOLANO AV",0.00,,Y,A,-,N,,,,,,,,,,N,3,0,1,2,A,-,10,21950,A,N,G,B,B,A,H,-,A,D,0,Y,,,,Y,,D,22,0,1,0,0,1,0,0,0,0,"- ","- ",,,NAPA,NAPA,-122.31027985,38.320999999999998