CASE_ID,ACCIDENT_YEAR,PROC_DATE,JURIS,COLLISION_DATE,COLLISION_TIME,OFFICER_ID,REPORTING_DISTRICT,DAY_OF_WEEK,CHP_SHIFT,POPULATION,CNTY_CITY_LOC,SPECIAL_COND,BEAT_TYPE,CHP_BEAT_TYPE,CITY_DIVISION_LAPD,CHP_BEAT_CLASS,BEAT_NUMBER,PRIMARY_RD,SECONDARY_RD,DISTANCE,DIRECTION,INTERSECTION,WEATHER_1,WEATHER_2,STATE_HWY_IND,CALTRANS_COUNTY,CALTRANS_DISTRICT,STATE_ROUTE,ROUTE_SUFFIX,POSTMILE_PREFIX,POSTMILE,LOCATION_TYPE,RAMP_INTERSECTION,SIDE_OF_HWY,TOW_AWAY,COLLISION_SEVERITY,NUMBER_KILLED,NUMBER_INJURED,PARTY_COUNT,PRIMARY_COLL_FACTOR,PCF_CODE_OF_VIOL,PCF_VIOL_CATEGORY,PCF_VIOLATION,PCF_VIOL_SUBSECTION,HIT_AND_RUN,TYPE_OF_COLLISION,MVIW,PED_ACTION,ROAD_SURFACE,ROAD_COND_1,ROAD_COND_2,LIGHTING,CONTROL_DEVICE,CHP_ROAD_TYPE,PEDESTRIAN_ACCIDENT,BICYCLE_ACCIDENT,MOTORCYCLE_ACCIDENT,TRUCK_ACCIDENT,NOT_PRIVATE_PROPERTY,ALCOHOL_INVOLVED,STWD_VEHTYPE_AT_FAULT,CHP_VEHTYPE_AT_FAULT,COUNT_SEVERE_INJ,COUNT_VISIBLE_INJ,COUNT_COMPLAINT_PAIN,COUNT_PED_KILLED,COUNT_PED_INJURED,COUNT_BICYCLIST_KILLED,COUNT_BICYCLIST_INJURED,COUNT_MC_KILLED,COUNT_MC_INJURED,PRIMARY_RAMP,SECONDARY_RAMP,LATITUDE,LONGITUDE,COUNTY,CITY,POINT_X,POINT_Y
82341442,2024,2024-03-19,2802,2024-02-22,"640 ",254,,4,5,5,2802,0,0,0,,0,001,"JEFFERSON ST","RIVER PARK BLVD",0.00,,Y,B,-,N,,,,,,,,,,N,4,0,1,3,A,-,09,21802,A,N,D,C,A,B,H,-,A,A,0,,,,,Y,,A,07,0,0,1,0,0,0,0,0,0,"- ","- ",38.277938842773438,-122.29300689697266,NAPA,NAPA,-122.29293823242188,38.277927398681641
82341448,2024,2024-03-19,2802,2024-03-11,1646,320577,,1,5,5,2802,0,0,0,,0,002,"3RD ST","SOSCOL AVE",0.00,,Y,A,-,N,,,,,,,,,,N,3,0,1,2,A,-,05,21650,1,N,D,G,A,A,H,-,A,A,0,,Y,,,Y,,L,04,0,1,0,0,0,0,1,0,0,"- ","- ",38.298561096191406,-122.28230285644531,NAPA,NAPA,-122.2823486328125,38.298538208007812
82341452,2024,2024-03-19,2802,2024-03-14,"813 ",320582,,4,5,5,2802,0,0,0,,0,001,"LINCOLN AVE","CALIFORNIA BLVD",230.00,W,N,A,-,N,,,,,,,,,,Y,3,0,1,2,A,-,21,22106,,N,C,C,A,A,H,-,A,A,0,,,,,Y,,A,01,0,1,0,0,0,0,0,0,0,"- ","- ",38.307071685791016,-122.20243835449219,NAPA,NAPA,-122.30323791503906,38.307037353515625
82341454,2024,2024-03-19,2802,2024-03-15,1619,320553,,5,5,5,2802,0,0,0,,0,004,"REDWOOD RD","2030 REDWOOD ROAD",0.00,,Y,A,-,N,,,,,,,,,,Y,4,0,1,2,A,-,09,21804,A,N,D,C,A,A,H,-,A,A,0,,,,,Y,,A,07,0,0,1,0,0,0,0,0,0,"- ","- ",38.320690155029297,-122.31192016601562,NAPA,NAPA,-122.30908966064453,38.321216583251953
82343511,2024,2024-03-21,2802,2024-03-04,1100,118,NAPA,1,5,5,2802,0,0,0,,0,003,"CLAREMONT WAY","TRANCAS ST",100.00,S,N,A,-,N,,,,,,,,,,N,3,0,2,2,A,-,03,22350,,N,C,C,A,A,H,-,A,D,0,,,,,Y,,A,07,0,2,0,0,0,0,0,0,0,"- ","- ",38.322311401367188,-122.3028564453125,NAPA,NAPA,-122.3028564453125,38.322040557861328
82343512,2024,2024-03-21,2802,2024-03-19,"18  ",199,,2,5,5,2802,0,0,0,,0,003,"JEFFERSON ST","TROWER AVE",260.00,N,N,A,-,N,,,,,,,,,,Y,4,0,1,1,A,-,01,23152,A,N,E,I,A,A,H,-,C,D,0,,,,,Y,Y,A,01,0,0,1,0,0,0,0,0,0,"- ","- ",38.332790374755859,-122.30799102783203,NAPA,NAPA,-122.3084716796875,38.333389282226562
82345245,2024,2024-03-25,2802,2024-03-13,1430,320425,,3,5,5,2802,0,0,0,,0,001,"MAIN ST","YOUNT ST",0.00,,Y,A,-,N,,,,,,,,,,Y,4,0,1,2,A,-,09,21802,A,N,D,C,A,A,H,-,A,A,0,,,,,Y,Y,A,08,0,0,1,0,0,0,0,0,0,"- ","- ",38.304100036621094,-122.28941345214844,NAPA,NAPA,-122.28943634033203,38.304054260253906
82350220,2024,2024-03-29,2802,2024-03-23,"341 ",113,2802,6,5,5,2802,0,0,0,,0,004,"BROWNS VALLEY RD","MCCORMICK LN",30.00,E,N,B,-,N,,,,,,,,,,Y,3,0,1,1,A,-,01,23152,A,N,E,I,A,B,H,-,C,D,0,,,,,Y,Y,A,01,0,1,0,0,0,0,0,0,0,"- ","- ",38.305210113525391,-122.2310791015625,NAPA,NAPA,-122.33098602294922,38.305217742919922
82355639,2024,2024-04-04,2802,2024-03-03,1055,244,NAPA,7,5,5,2802,0,0,0,,0,002,"IMOLA AVE","GASSER DR",9.00,E,N,B,-,N,,,,,,,,,,N,4,0,1,2,A,-,10,21950,A,N,G,B,B,B,H,-,A,A,0,Y,,,,Y,,A,01,0,0,1,0,1,0,0,0,0,"- ","- ",38.280941009521484,-122.27860260009766,NAPA,NAPA,-122.27854156494141,38.280868530273438
82358192,2024,2024-04-08,2800,2024-03-26,2030,555,,2,5,2,2805,0,0,0,,0,,"AMERICAN CANYON RD","FLOSDEN RD",0.00,,Y,A,-,N,,,,,,,,,,Y,4,0,1,2,A,-,17,21461,A,F,D,C,A,A,H,-,C,A,0,,,,,Y,,A,01,0,0,1,0,0,0,0,0,0,"- ","- ",38.164470672607422,-122.23999786376953,NAPA,"AMERICAN CANYON",-122.24001312255859,38.164409637451172
82368493,2024,2024-04-22,2802,2024-04-15,1517,320577,,1,5,5,2802,0,0,0,,0,004,"WESTVIEW DR","ANITA CT",32.00,S,N,A,-,N,,,,,,,,,,Y,3,0,1,3,C,-,18,,,N,B,E,A,A,H,-,A,A,0,,,,,Y,,-,"- ",0,1,0,0,0,0,0,0,0,"- ","- ",38.308689117431641,-122.33296203613281,NAPA,NAPA,-122.33296203613281,38.308631896972656
82368495,2024,2024-04-19,2802,2024-04-16,1358,320577,,2,5,5,2802,0,0,0,,0,002,"SILVERADO TRL","SOUSA LN",0.00,,Y,A,-,N,,,,,,,,,,Y,4,0,1,2,A,-,03,22350,,N,C,C,A,A,H,-,A,A,0,,,,,Y,,A,07,0,0,1,0,0,0,0,0,0,"- ","- ",38.292739868164062,-122.27538299560547,NAPA,NAPA,-122.27536010742188,38.292751312255859
82378087,2024,2024-06-25,2802,2024-04-13,1737,320553,,6,5,5,2802,0,0,0,,0,003,"RT 29","WINE COUNTRY AVE",0.00,,Y,C,-,Y,,,,,,,,,,Y,4,0,3,2,A,-,12,21453,A,N,D,C,A,B,H,-,A,A,0,,,,,Y,,A,01,0,0,3,0,0,0,0,0,0,"- ","- ",38.336139678955078,-122.22141265869141,NAPA,NAPA,-122.32161712646484,38.336238861083984
82379143,2024,2024-05-01,2802,2024-03-19,1815,226,2802,2,5,5,2802,0,0,0,,0,003,"TRANCAS ST","CLAREMONT WAY",0.00,,Y,A,-,N,,,,,,,,,,N,3,0,2,2,A,-,00,22110,A,N,D,C,A,A,H,-,A,A,0,,,,,Y,,A,01,0,1,1,0,0,0,0,0,0,"- ","- ",38.322311401367188,-122.3028564453125,NAPA,NAPA,-122.30293273925781,38.322307586669922
82379145,2024,2024-05-01,2802,2024-04-02,1955,252,NAPA,2,5,5,2802,0,0,0,,0,004,"REDWOOD RD","DRY CREEK RD (N)",0.00,,Y,A,-,N,,,,,,,,,,N,4,0,1,2,A,-,09,21801,A,N,D,C,A,A,H,-,C,D,0,,,,,Y,,A,01,0,0,1,0,0,0,0,0,0,"- ","- ",38.318138122558594,-122.327392578125,NAPA,NAPA,-122.32715606689453,38.317886352539062
82379147,2024,2024-05-01,2802,2024-04-16,1446,320577,,2,5,5,2802,0,0,0,,0,002,"KANSAS AVE","KANSAS CT",29.00,N,N,A,-,N,,,,,,,,,,Y,3,0,2,3,A,-,06,21755,A,N,D,C,A,A,H,-,A,A,0,,,,,Y,,A,01,0,1,1,0,0,0,0,0,0,"- ","- ",38.285160064697266,-122.17240142822266,NAPA,NAPA,-122.27223968505859,38.285346984863281
82379150,2024,2024-05-01,2802,2024-04-19,1951,248,,5,5,5,2802,0,0,0,,0,001,"CALISTOGA AVE","1328 CALISTOGA AVE",20.00,S,N,A,-,N,,,,,,,,,,N,3,0,1,1,C,-,18,,,N,H,A,A,A,H,-,B,A,0,,,,,Y,,-,"- ",0,1,0,0,0,0,0,0,0,"- ","- ",,,NAPA,NAPA,,
82379153,2024,2024-05-01,2802,2024-04-22,1615,320577,,1,5,5,2802,0,0,0,,0,002,"SOSCOL AVE","3RD ST",90.00,N,N,A,-,N,,,,,,,,,,N,4,0,1,2,A,-,07,21658,A,N,C,C,A,A,H,-,A,A,0,,,,,Y,,A,01,0,0,1,0,0,0,0,0,0,"- ","- ",38.298561096191406,-122.28230285644531,NAPA,NAPA,-122.28250122070312,38.298755645751953
82379154,2024,2024-05-03,2802,2024-04-26,2139,320553,,5,5,5,2802,0,0,0,,0,001,"COOMBS ST","3RD ST",0.00,,Y,A,-,N,,,,,,,,,,Y,4,0,2,2,A,-,12,21453,A,N,A,C,A,A,H,-,C,A,0,,,,,Y,,A,07,0,0,2,0,0,0,0,0,0,"- ","- ",38.296909332275391,-122.18576812744141,NAPA,NAPA,-122.28575134277344,38.297096252441406
82383340,2024,2024-05-08,2802,2024-04-25,1456,320577,,4,5,5,2802,0,0,0,,0,001,"LINCOLN AVE","CALIFORNIA BLVD",185.00,W,N,A,-,N,,,,,,,,,,N,4,0,1,2,A,-,03,22350,,F,C,C,A,A,H,-,A,A,0,,,,,Y,,-,99,0,0,1,0,0,0,0,0,0,"- ","- ",38.30718994140625,-122.30239105224609,NAPA,NAPA,-122.30308532714844,38.307064056396484
82383343,2024,2024-05-07,2802,2024-05-01,2116,320577,,3,5,5,2802,0,0,0,,0,001,"COOMBS ST","3RD ST",0.00,,Y,A,-,N,,,,,,,,,,Y,3,0,2,2,A,-,12,21453,A,N,D,C,A,A,H,-,C,A,0,,,,,Y,,A,07,0,1,1,0,0,0,0,0,0,"- ","- ",38.297088623046875,-122.28574371337891,NAPA,NAPA,-122.28575134277344,38.297096252441406
82385529,2024,2024-05-09,2802,2024-05-02,"337 ",182,,4,5,5,2802,0,0,0,,0,003,"HAGEN RD","SILVERADO TRL (N)",1130.00,N,N,A,-,N,,,,,,,,,,Y,3,0,1,1,A,-,08,22107,,N,E,I,A,A,H,-,D,A,0,,,,,Y,Y,-,"- ",0,1,0,0,0,0,0,0,0,"- ","- ",38.320571899414062,-122.17191314697266,NAPA,NAPA,-122.27200317382812,38.320560455322266
82386548,2024,2024-05-10,2802,2024-04-29,"600 ",248,,1,5,5,2802,0,0,0,,0,001,"CALIFORNIA BLVD","PARK AVE",0.00,,Y,A,-,N,,,,,,,,,,Y,3,0,1,2,A,-,09,21802,A,N,D,C,A,A,H,-,A,A,0,,,,,Y,,A,01,0,1,0,0,0,0,0,0,0,"- ","- ",38.311370849609375,-122.20365142822266,NAPA,NAPA,-122.3037109375,38.311470031738281
82389030,2024,2024-06-05,2802,2024-05-06,2037,320577,,1,5,5,2802,0,0,0,,0,002,"HENNESSEY DR","COOMBSVILLE RD",70.00,W,N,A,-,N,,,,,,,,,,Y,3,0,1,1,A,-,01,23152,A,N,E,I,A,A,H,-,C,A,0,,,,,Y,Y,A,01,0,1,0,0,0,0,0,0,0,"- ","- ",38.297798156738281,-122.17315673828125,NAPA,NAPA,-122.27305603027344,38.297874450683594
82392403,2024,2024-05-20,2802,2024-04-16,1546,320425,,2,5,5,2802,0,0,0,,0,004,"RT 29","TROWER AVE",280.00,S,N,A,-,Y,NAP,,29," "," ",13.860,H,,R,Y,4,0,4,4,A,-,00,23153,F,F,C,C,A,A,H,-,A,A,0,,,,,Y,,D,22,0,0,4,0,0,0,0,0,0,"- ","- ",38.330730438232422,-122.31709289550781,NAPA,NAPA,-122.31710815429688,38.330722808837891
82393213,2024,2024-05-20,2802,2024-04-02,1621,226,,2,5,5,2802,0,0,0,,0,002,"MONTECITO BLVD","EAST AVE",0.00,,Y,A,-,N,,,,,,,,,,N,3,0,3,2,A,-,08,22107,,N,D,C,A,A,H,-,A,D,0,,,,,Y,,A,01,0,2,1,0,0,0,0,0,0,"- ","- ",38.302021026611328,-122.27391815185547,NAPA,NAPA,-122.27395629882812,38.302021026611328
82393217,2024,2024-05-20,2802,2024-05-14,2157,320577,,2,5,5,2802,0,0,0,,0,001,"JEFFERSON ST","CINNAMOND ST",96.00,S,N,A,-,N,,,,,,,,,,N,3,0,1,3,A,-,01,23152,A,N,B,E,A,A,H,-,C,A,0,,,,,Y,Y,A,01,0,1,0,0,0,0,0,0,0,"- ","- ",38.288860321044922,-122.19436645507812,NAPA,NAPA,-122.29432678222656,38.288715362548828
82394688,2024,2024-05-21,2802,2024-05-13,1431,320425,,1,5,5,2802,0,0,0,,0,001,"CALIFORNIA BLVD","3RD ST",0.00,,Y,A,-,N,,,,,,,,,,Y,4,0,2,2,A,-,09,21802,A,N,D,C,A,A,H,-,A,A,0,,,,,Y,,A,01,0,0,2,0,0,0,0,0,0,"- ","- ",38.296501159667969,-122.30043792724609,NAPA,NAPA,-122.30040740966797,38.296474456787109
82395786,2024,2024-05-22,2802,2024-05-17,1828,320577,,5,5,5,2802,0,0,0,,0,003,"TRANCAS ST","CALIFORNIA BLVD",261.00,E,N,A,-,N,,,,,,,,,,N,3,0,1,2,A,-,05,21650,1,N,D,G,A,A,H,-,A,A,0,,Y,,,Y,,L,04,0,1,0,0,0,0,1,0,0,"- ","- ",38.321811676025391,-122.30580902099609,NAPA,NAPA,-122.30496978759766,38.321952819824219
82398673,2024,2024-05-27,2802,2024-04-18,"817 ",254,,4,5,5,2802,0,0,0,,0,003,"TRANCAS ST","CALIFORNIA BLVD",150.00,W,N,A,-,N,,,,,,,,,,N,4,0,1,3,A,-,07,21658,A,N,B,C,A,A,H,-,A,D,0,,,,,Y,,A,07,0,0,1,0,0,0,0,0,0,"- ","- ",38.321811676025391,-122.30580902099609,NAPA,NAPA,-122.30637359619141,38.321712493896484
82400818,2024,2024-05-30,2802,2024-05-16,1712,320577,,4,5,5,2802,0,0,0,,0,001,"1ST ST","SCHOOL ST",106.00,E,N,A,-,N,,,,,,,,,,N,3,0,1,2,A,-,11,21956,,N,G,B,E,A,H,-,A,A,0,Y,,,,Y,,N,60,0,1,0,0,1,0,0,0,0,"- ","- ",38.297210693359375,-122.28945159912109,NAPA,NAPA,-122.28910064697266,38.297397613525391
82400819,2024,2024-05-29,2802,2024-05-19,1201,320582,,7,5,5,2802,0,0,0,,0,003,"JEFFERSON ST","EL CAPITAN WAY",0.00,,Y,A,-,N,,,,,,,,,,Y,3,0,1,2,A,-,09,21801,A,N,D,C,A,A,H,-,A,A,0,,,,,Y,,A,01,0,1,0,0,0,0,0,0,0,"- ","- ",38.326908111572266,-122.30343627929688,NAPA,NAPA,-122.30335235595703,38.326942443847656
82404777,2024,2024-06-04,2800,2024-06-01,1540,520,,6,5,2,2805,0,0,0,,0,001,BROADWAY,"POCO WAY",603.00,S,N,A,-,N,,,,,,,,,,Y,3,0,1,2,A,-,04,21703,,N,C,C,A,A,H,-,A,D,0,,,Y,,Y,,C,02,0,1,0,0,0,0,0,0,1,"- ","- ",38.177089691162109,-122.25450897216797,NAPA,"AMERICAN CANYON",-122.25421142578125,38.175449371337891
82409827,2024,2024-06-10,2800,2024-05-20,1410,521,,1,5,2,2805,0,0,0,,0,,BROADWAY,"SOUTH KELLY RD",1075.00,S,N,A,-,N,,,,,,,,,,N,3,0,1,2,A,-,03,22350,,N,D,C,A,A,H,-,A,A,0,,,,,Y,,A,01,0,1,0,0,0,0,0,0,0,"- ","- ",38.2076416015625,-122.25630950927734,NAPA,"AMERICAN CANYON",-122.25603485107422,38.204666137695312
82413428,2024,2024-06-13,2800,2024-05-19,1246,515,,7,5,2,2805,0,0,0,,0,,"AMERICAN CANYON RD","STATE ROUTE 29",0.00,,Y,A,-,Y,,,,,,,,,,N,4,0,2,3,A,-,03,22350,,N,C,C,A,A,H,-,A,A,0,,,,,Y,,A,01,0,0,2,0,0,0,0,0,0,"- ","- ",,,NAPA,"AMERICAN CANYON",-122.25273895263672,38.165634155273438
82415360,2024,2024-06-17,2802,2024-03-19,1440,254,,2,5,5,2802,0,0,0,,0,003,"TRANCAS ST","OLD CALIFORNIA WAY",0.00,,Y,A,-,N,,,,,,,,,,N,4,0,1,2,A,-,08,22107,,N,D,C,A,A,H,-,A,D,0,,,Y,,Y,,A,07,0,0,1,0,0,0,0,0,1,"- ","- ",38.321578979492188,-122.30715942382812,NAPA,NAPA,-122.30722045898438,38.321559906005859
82415361,2024,2024-06-17,2802,2024-05-21,"814 ",254,,2,5,5,2802,0,0,0,,0,004,"RT 29","RT 12",1400.00,S,N,A,-,Y,NAP,,29," ",R,8.655,H,,R,Y,4,0,1,2,A,-,03,22350,,N,C,C,A,A,H,-,A,D,0,,,,,Y,,A,01,0,0,1,0,0,0,0,0,0,"- ","- ",38.257560729980469,-122.30274963378906,NAPA,NAPA,-122.30275726318359,38.257556915283203
82415363,2024,2024-06-17,2802,2024-03-31,"241 ",235,,7,5,5,2802,0,0,0,,0,001,"RANDOLPH ST","PINE ST",230.00,S,N,A,-,N,,,,,,,,,,Y,3,0,1,3,A,-,01,23152,B,N,C,E,A,A,H,-,C,A,0,,,,,Y,Y,A,01,0,1,0,0,0,0,0,0,0,"- ","- ",38.290760040283203,-122.28723907470703,NAPA,NAPA,-122.28743743896484,38.290180206298828
82415368,2024,2024-06-17,2802,2024-05-30,2159,320577,,4,5,5,2802,0,0,0,,0,002,"SOSCOL AVE","1ST ST",20.00,N,N,A,-,N,,,,,,,,,,N,4,0,1,3,A,-,01,23152,A,F,C,C,A,A,H,-,C,A,0,,,,,Y,Y,A,01,0,0,1,0,0,0,0,0,0,"- ","- ",38.300228118896484,-122.283447265625,NAPA,NAPA,-122.28353118896484,38.300270080566406
82415369,2024,2024-06-17,2802,2024-06-01,1355,320582,,6,5,5,2802,0,0,0,,0,002,"SOSCOL AVE","SILVERADO TRL (S)",80.00,S,N,A,-,N,,,,,,,,,,N,3,0,1,2,A,-,03,22350,,N,C,C,A,A,H,-,A,A,0,,,,,Y,,D,22,0,1,0,0,0,0,0,0,0,"- ","- ",38.312961578369141,-122.28569030761719,NAPA,NAPA,-122.27515411376953,38.287944793701172
82415370,2024,2024-06-17,2802,2024-06-01,2205,216,,6,5,5,2802,0,0,0,,0,002,"SOSCOL AVE","SHETLER AVE",300.00,S,N,A,-,N,,,,,,,,,,N,4,0,1,2,A,-,03,22350,,F,C,C,A,A,H,-,C,A,0,,,,,Y,,-,99,0,0,1,0,0,0,0,0,0,"- ","- ",38.307468414306641,-122.28502655029297,NAPA,NAPA,-122.27418518066406,38.281600952148438
82415372,2024,2024-06-17,2802,2024-06-04,"924 ",224,,2,5,5,2802,0,0,0,,0,001,"LINCOLN AVE","RT 29 NB OFFRAMP (E)",0.00,,Y,A,-,Y,,,,,,,,,,Y,4,0,1,2,A,-,03,22350,,N,C,C,A,A,H,-,A,A,0,,,,,Y,,A,07,0,0,1,0,0,0,0,0,0,"- ","- ",38.307098388671875,-122.30287933349609,NAPA,NAPA,-122.30465698242188,38.306808471679688
82415375,2024,2024-06-17,2802,2024-06-11,1235,320577,,2,5,5,2802,0,0,0,,0,002,"SOSCOL AVE","SILVERADO TRL (S)",20.00,N,N,A,-,N,,,,,,,,,,N,2,0,1,2,A,-,03,22350,,N,C,C,A,A,H,-,A,A,0,,,,,Y,,A,01,1,0,0,0,0,0,0,0,0,"- ","- ",38.312961578369141,-122.28569030761719,NAPA,NAPA,-122.27524566650391,38.288211822509766
82415376,2024,2024-06-17,2802,2024-06-12,1609,320577,,3,5,5,2802,0,0,0,,0,001,"JEFFERSON ST","LINCOLN AVE",34.00,S,N,A,-,N,,,,,,,,,,N,3,0,1,2,A,-,04,21703,,N,C,C,A,A,H,-,A,A,0,,,,,Y,,D,22,0,1,0,0,0,0,0,0,0,"- ","- ",38.308399200439453,-122.29576873779297,NAPA,NAPA,-122.29570770263672,38.308319091796875
82418905,2024,2024-06-20,2800,2024-06-10,1434,521,,1,5,2,2805,0,0,0,,0,,"ELLIOTT DR","FOLLAND DR",298.00,S,N,A,-,N,,,,,,,,,,N,4,0,1,3,A,-,08,22107,,N,C,E,A,A,H,-,A,A,0,,,,,Y,,A,01,0,0,1,0,0,0,0,0,0,"- ","- ",38.160701751708984,-122.26020812988281,NAPA,"AMERICAN CANYON",-122.26016235351562,38.159862518310547
82420083,2024,2024-06-24,2802,2024-04-27,1909,320553,,6,5,5,2802,0,0,0,,0,003,"JEFFERSON ST","SHERIDAN DR",0.00,,Y,A,-,N,,,,,,,,,,Y,4,0,1,2,A,-,12,21453,A,F,D,C,A,A,H,-,A,A,0,,,,,Y,,A,01,0,0,1,0,0,0,0,0,0,"- ","- ",38.319381713867188,-122.29885864257812,NAPA,NAPA,-122.29892730712891,38.319355010986328
82420085,2024,2024-06-21,2802,2024-05-25,1430,212,,6,5,5,2802,0,0,0,,0,002,"SILVERADO TRL","FAIRVIEW DR",0.00,,Y,A,-,N,,,,,,,,,,N,3,0,1,2,A,-,03,22350,,N,C,C,A,A,H,-,A,D,0,,,,,Y,,A,01,0,1,0,0,0,0,0,0,0,"- ","- ",38.29595947265625,-122.17537689208984,NAPA,NAPA,-122.27536773681641,38.296161651611328
82420091,2024,2024-06-21,2802,2024-06-14,"958 ",320582,,5,5,5,2802,0,0,0,,0,004,"WINE COUNTRY AVE","SOLANO AVE",80.00,W,N,A,-,N,,,,,,,,,,N,3,0,1,2,A,-,17,22517,,N,H,G,A,A,H,-,A,A,0,,Y,,,Y,,A,01,0,1,0,0,0,0,1,0,0,"- ","- ",38.335918426513672,-122.22209167480469,NAPA,NAPA,-122.32250213623047,38.335899353027344
82423669,2024,2024-06-26,2802,2024-06-01,2144,212,,6,5,5,2802,0,0,0,,0,002,"SOSCOL AVE","KANSAS AVE",20.00,N,N,A,-,N,,,,,,,,,,N,4,0,2,2,A,-,08,22107,,F,B,C,A,A,H,-,C,A,0,,,,,Y,Y,A,01,0,0,2,0,0,0,0,0,0,"- ","- ",38.285011291503906,-122.17469024658203,NAPA,NAPA,-122.27463531494141,38.285236358642578
82423670,2024,2024-06-26,2802,2024-06-11,1337,254,,2,5,5,2802,0,0,0,,0,004,"REDWOOD RD","SOLANO AVE",206.00,W,N,A,-,N,,,,,,,,,,N,3,0,1,2,A,-,09,21804,A,N,D,G,A,A,H,-,A,A,0,,Y,,,Y,,A,07,0,1,0,0,0,0,1,0,0,"- ","- ",38.320980072021484,-122.31025695800781,NAPA,NAPA,-122.31098175048828,38.320880889892578
82423671,2024,2024-06-26,2802,2024-06-16,1130,320582,,7,5,5,2802,0,0,0,,0,001,"WALNUT ST","PINE ST",0.00,,Y,A,-,N,,,,,,,,,,Y,3,0,2,3,A,-,12,22450,A,N,D,C,A,A,H,-,A,A,0,,,,,Y,,D,22,0,2,0,0,0,0,0,0,0,"- ","- ",38.291221618652344,-122.30027770996094,NAPA,NAPA,-122.30024719238281,38.291210174560547
82423672,2024,2024-06-26,2802,2024-06-16,2101,247,,7,5,5,2802,0,0,0,,0,001,"3RD ST","FRANKLIN ST",20.00,E,N,A,-,N,,,,,,,,,,Y,4,0,1,2,A,-,12,22450,A,N,D,C,A,A,H,-,C,A,0,,,,,Y,,A,01,0,0,1,0,0,0,0,0,0,"- ","- ",38.296199798583984,-122.28756713867188,NAPA,NAPA,-122.28748321533203,38.296237945556641
82423673,2024,2024-06-26,2802,2024-06-17,1920,320577,,1,5,5,2802,0,0,0,,0,002,"SILVERADO TRL","HIGHLAND DR",35.00,N,N,A,-,N,,,,,,,,,,Y,3,0,2,3,A,-,03,22350,,N,C,C,A,A,H,-,A,A,0,,,,,Y,,D,22,0,2,0,0,0,0,0,0,0,"- ","- ",38.306598663330078,-122.27761840820312,NAPA,NAPA,-122.27765655517578,38.306686401367188
82424619,2024,2024-06-27,2802,2024-06-25,2351,192,,2,5,5,2802,0,0,0,,0,001,"JEFFERSON ST","ELM ST",0.00,,Y,A,-,N,,,,,,,,,,N,3,0,1,2,A,-,01,23152,A,N,D,G,A,A,H,-,D,A,0,,Y,,,Y,Y,A,01,0,1,0,0,0,0,1,0,0,"- ","- ",38.289779663085938,-122.29432678222656,NAPA,NAPA,-122.29434204101562,38.289760589599609
82425550,2024,2024-06-28,2800,2024-06-21,"600 ",226,,5,5,2,2805,0,0,0,,0,,"GREEN ISLAND RD","DEVLIN RD",0.00,,Y,B,-,N,,,,,,,,,,N,4,0,1,2,D,-,00,,,N,C,C,A,A,H,-,A,A,0,,,,,Y,,-,"- ",0,0,1,0,0,0,0,0,0,"- ","- ",,,NAPA,"AMERICAN CANYON",,
82427982,2024,2024-07-02,2800,2024-06-24,1747,557,,1,5,2,2805,0,0,0,,0,,"MELVIN RD","POCO WAY",71.00,N,N,A,-,N,,,,,,,,,,Y,4,0,1,1,A,-,04,21703,,N,E,I,A,A,H,-,A,D,0,,,,,Y,,A,01,0,0,1,0,0,0,0,0,0,"- ","- ",38.1768798828125,-122.256591796875,NAPA,"AMERICAN CANYON",-122.25653839111328,38.17706298828125
82428147,2024,2024-07-02,2802,2024-06-19,1151,185,,3,5,5,2802,0,0,0,,0,004,"SOLANO AVE","W PARK",130.00,N,N,A,-,N,,,,,,,,,,N,4,0,1,2,A,-,03,22350,,N,C,C,A,A,H,-,A,D,0,,,,,Y,,A,01,0,0,1,0,0,0,0,0,0,"- ","- ",38.311721801757812,-122.30644226074219,NAPA,NAPA,-122.30656433105469,38.312049865722656
82428148,2024,2024-07-02,2802,2024-06-23,"741 ",320582,,7,5,5,2802,0,0,0,,0,001,"JEFFERSON ST","CLAY ST",0.00,,Y,A,-,N,,,,,,,,,,N,3,0,1,2,A,-,10,21950,A,N,G,B,B,A,H,-,A,A,0,Y,,,,Y,,D,22,0,1,0,0,1,0,0,0,0,"- ","- ",38.298259735107422,-122.29326629638672,NAPA,NAPA,-122.29325866699219,38.298267364501953
82428149,2024,2024-07-02,2802,2024-06-27,"700 ",320582,,4,5,5,2802,0,0,0,,0,001,"3RD ST","JEFFERSON ST",52.00,E,N,A,-,N,,,,,,,,,,Y,3,0,1,2,A,-,08,22100,A,N,A,C,A,A,H,-,A,A,0,,,,,Y,,A,01,0,1,0,0,0,0,0,0,0,"- ","- ",38.295730590820312,-122.29370880126953,NAPA,NAPA,-122.29347991943359,38.295700073242188