CASE_ID,ACCIDENT_YEAR,PROC_DATE,JURIS,COLLISION_DATE,COLLISION_TIME,OFFICER_ID,REPORTING_DISTRICT,DAY_OF_WEEK,CHP_SHIFT,POPULATION,CNTY_CITY_LOC,SPECIAL_COND,BEAT_TYPE,CHP_BEAT_TYPE,CITY_DIVISION_LAPD,CHP_BEAT_CLASS,BEAT_NUMBER,PRIMARY_RD,SECONDARY_RD,DISTANCE,DIRECTION,INTERSECTION,WEATHER_1,WEATHER_2,STATE_HWY_IND,CALTRANS_COUNTY,CALTRANS_DISTRICT,STATE_ROUTE,ROUTE_SUFFIX,POSTMILE_PREFIX,POSTMILE,LOCATION_TYPE,RAMP_INTERSECTION,SIDE_OF_HWY,TOW_AWAY,COLLISION_SEVERITY,NUMBER_KILLED,NUMBER_INJURED,PARTY_COUNT,PRIMARY_COLL_FACTOR,PCF_CODE_OF_VIOL,PCF_VIOL_CATEGORY,PCF_VIOLATION,PCF_VIOL_SUBSECTION,HIT_AND_RUN,TYPE_OF_COLLISION,MVIW,PED_ACTION,ROAD_SURFACE,ROAD_COND_1,ROAD_COND_2,LIGHTING,CONTROL_DEVICE,CHP_ROAD_TYPE,PEDESTRIAN_ACCIDENT,BICYCLE_ACCIDENT,MOTORCYCLE_ACCIDENT,TRUCK_ACCIDENT,NOT_PRIVATE_PROPERTY,ALCOHOL_INVOLVED,STWD_VEHTYPE_AT_FAULT,CHP_VEHTYPE_AT_FAULT,COUNT_SEVERE_INJ,COUNT_VISIBLE_INJ,COUNT_COMPLAINT_PAIN,COUNT_PED_KILLED,COUNT_PED_INJURED,COUNT_BICYCLIST_KILLED,COUNT_BICYCLIST_INJURED,COUNT_MC_KILLED,COUNT_MC_INJURED,PRIMARY_RAMP,SECONDARY_RAMP,LATITUDE,LONGITUDE,COUNTY,CITY,POINT_X,POINT_Y
8643475,2018,2018-06-27,2802,2018-06-15,0340,320344,101,5,5,5,2802,0,0,0,,0,02A,"EAST AV","EVANS AV",300.00,S,N,A,-,N,,,,,,,,,,Y,3,0,2,1,A,-,03,22350,,N,E,I,A,A,H,-,C,A,0,,,,,Y,Y,A,07,0,1,1,0,0,0,0,0,0,"- ","- ",,,NAPA,NAPA,-122.27370452880859,38.302326202392578
8643479,2018,2018-06-27,2802,2018-06-13,1959,320447,58,3,5,5,2802,0,0,0,,0,04A,"RT 29","SALVADOR AV",0.00,,Y,A,-,Y,,,,,,,,,,N,4,0,1,2,A,-,03,22350,,N,C,C,A,A,H,-,A,A,0,,,,,Y,,A,01,0,0,1,0,0,0,0,0,0,"- ","- ",,,NAPA,NAPA,-122.32440185546875,38.339519500732422
8643483,2018,2018-06-27,2802,2018-06-15,1616,320425,44,5,5,5,2802,0,0,0,,0,01B,"ELM ST","RANDOLPH ST",0.00,,Y,A,-,N,,,,,,,,,,Y,4,0,2,2,A,-,01,23152,A,N,D,C,A,A,H,-,A,D,0,,,,,Y,Y,A,01,0,0,2,0,0,0,0,0,0,"- ","- ",,,NAPA,NAPA,-122.28775787353516,38.289279937744141
8643487,2018,2018-06-27,2802,2018-06-16,0608,195,34,6,5,5,2802,0,0,0,,0,04B,"1ST ST","CHELSEA AV",429.00,W,N,A,-,N,,,,,,,,,,Y,3,0,1,3,A,-,01,23152,A,N,F,A,A,A,H,-,A,A,0,,,,,Y,Y,A,01,0,1,0,0,0,0,0,0,0,"- ","- ",,,NAPA,NAPA,-122.31261444091797,38.301105499267578
8644973,2018,2018-07-03,2802,2018-05-29,1252,320447,13,2,5,5,2802,0,0,0,,0,003,"TRANCAS ST","BEARD RD",0.00,,Y,A,-,N,,,,,,,,,,Y,3,0,3,3,A,-,09,21453,C,N,D,C,A,A,H,-,A,A,0,,,,,Y,,A,01,0,2,1,0,0,0,0,0,0,"- ","- ",,,NAPA,NAPA,-122.29595947265625,38.323539733886719
8645067,2018,2018-06-28,2802,2018-06-08,1157,320425,28,5,5,5,2802,0,0,0,,0,003,"LINCOLN AV","JORDAN LN",0.00,,Y,A,-,N,,,,,,,,,,Y,4,0,1,2,A,-,09,21801,A,N,D,C,A,A,H,-,A,D,0,,,Y,,Y,,A,01,0,0,1,0,0,0,0,0,1,"- ","- ",,,NAPA,NAPA,-122.28205871582031,38.31024169921875
8645071,2018,2018-06-28,2802,2018-06-07,1231,320425,16,4,5,5,2802,0,0,0,,0,04B,"PARTRICK RD","BROWNS VALLEY RD",135.00,E,N,A,-,N,,,,,,,,,,N,3,0,1,2,A,-,11,21954,A,N,G,B,D,A,H,-,A,D,0,Y,,Y,,Y,,N,60,0,1,0,0,1,0,0,0,0,"- ","- ",,,NAPA,NAPA,-122.34046936035156,38.306888580322266
8646674,2018,2018-07-05,2801,2018-06-05,1030,178,2,2,5,2,2801,0,0,0,,0,,"BRANNAN ST","SILVERADO TRL",803.00,S,N,A,-,N,,,,,,,,,,N,2,0,1,2,A,-,08,22107,,N,G,B,E,A,H,-,A,D,0,Y,,,,Y,,A,08,1,0,0,0,1,0,0,0,0,"- ","- ",,,NAPA,CALISTOGA,-122.57390594482422,38.584598541259766
8646972,2018,2018-07-11,2800,2018-06-21,1541,250398,20207,4,5,2,2805,0,0,0,,0,002,BROADWAY,"VENTANA DR",32.00,N,N,A,-,N,,,,,,,,,,Y,3,0,1,1,A,-,01,23152,F,N,E,I,A,A,H,-,A,A,0,,,,,Y,,-,"- ",0,1,0,0,0,0,0,0,0,"- ","- ",,,NAPA,"AMERICAN CANYON",-122.25171661376953,38.158565521240234
8647585,2018,2018-07-27,2802,2018-06-12,2124,320388,56,2,5,5,2802,0,0,0,,0,02B,"NAPA VALLEY CORPORATE DR","BORDEAUX WY",0.00,,Y,A,-,N,,,,,,,,,,Y,3,0,3,2,A,-,09,21804,A,N,D,C,A,A,H,-,C,D,0,,,,,Y,,A,01,0,1,2,0,0,0,0,0,0,"- ","- ",,,NAPA,NAPA,-122.27536010742188,38.247200012207031
8647589,2018,2018-07-06,2802,2018-05-31,0737,320129,22,4,5,5,2802,0,0,0,,0,003,"JEFFERSON ST","PUEBLO AV",0.00,,Y,A,-,N,,,,,,,,,,Y,4,0,1,2,A,-,12,21453,A,N,D,C,A,A,H,-,A,A,0,,,,,Y,,A,01,0,0,1,0,0,0,0,0,0,"- ","- ",,,NAPA,NAPA,-122.29783630371094,38.315681457519531
8649587,2018,2018-08-28,2802,2018-07-14,2142,32L38,52,6,5,5,2802,0,0,0,,0,04B,"GOLDEN GATE DR","W IMOLA AV",0.00,,Y,A,-,N,,,,,,,,,,Y,2,0,2,2,A,-,01,23152,A,N,D,C,A,A,H,-,C,A,0,,,,,Y,Y,A,01,1,0,1,0,0,0,0,0,0,"- ","- ",,,NAPA,NAPA,-122.30259704589844,38.281909942626953
8649682,2018,2018-11-02,2802,2018-07-13,2301,199,58,5,5,5,2802,0,0,0,,0,04A,"RT 29","TROWER AV",0.00,,Y,A,-,Y,NAP,4,29,-,-,13.850,H,-,N,Y,4,0,1,2,A,-,01,23152,B,N,C,C,A,A,H,-,C,A,0,,,,,Y,Y,A,01,0,0,1,0,0,0,0,0,0,"- ","- ",,,NAPA,NAPA,-122.31684875488281,38.330455780029297
8651449,2018,2019-01-09,2803,2018-09-11,0925,14,,2,5,2,2803,0,0,0,,0,,"MAIN ST","DOWDELL LN",0.00,,Y,A,-,Y,NAP,4,29,-,-,27.160,H,-,N,N,4,0,1,3,A,-,03,22350,,N,C,C,A,A,H,-,A,D,0,,,,,Y,,D,22,0,0,1,0,0,0,0,0,0,"- ","- ",38.496761322021484,-122.46275329589844,NAPA,"SAINT HELENA",-122.45002746582031,38.488872528076172
8652109,2018,2018-07-27,2802,2018-06-17,0216,320388,27,7,5,5,2802,0,0,0,,0,01A,"MAIN ST","LINCOLN AV",500.00,N,N,A,-,N,,,,,,,,,,Y,4,0,1,3,A,-,01,23152,A,M,B,E,A,A,H,-,C,D,0,,,,,Y,Y,A,01,0,0,1,0,0,0,0,0,0,"- ","- ",,,NAPA,NAPA,-122.29367828369141,38.310176849365234
8652243,2018,2018-08-23,2800,2018-05-25,2052,250470,10204,5,5,2,2805,0,0,0,,0,001,BROADWAY,"RIO DEL MAR",0.00,,Y,B,-,Y,NAP,4,29,-,-,1.660,I,5,N,Y,2,0,1,2,A,-,11,21950,B,N,G,B,B,A,H,-,C,A,0,Y,,,,Y,Y,N,60,1,0,0,0,1,0,0,0,0,"- ","- ",,,NAPA,"AMERICAN CANYON",-122.25461578369141,38.179168701171875
8652500,2018,2018-08-28,2802,2018-06-30,2242,320455,1091,6,5,5,2802,0,0,0,,0,001,"RT 29","SOSCOL FERRY",3200.00,W,N,A,-,Y,NAP,4,29,-,-,5.600,H,-,N,Y,4,0,1,1,A,-,03,22350,,N,F,A,A,A,H,-,D,D,0,,,,,Y,,D,22,0,0,1,0,0,0,0,0,0,"- ","- ",,,NAPA,NAPA,-122.26200866699219,38.23565673828125
8652504,2018,2018-07-31,2802,2018-06-28,2157,320388,38,4,5,5,2802,0,0,0,,0,01C,"3RD ST","MAIN ST",0.00,,Y,A,-,N,,,,,,,,,,N,3,0,1,2,A,-,10,21950,A,N,G,B,B,A,H,-,C,A,0,Y,,,,Y,,A,01,0,1,0,0,1,0,0,0,0,"- ","- ",,,NAPA,NAPA,-122.28433227539062,38.29779052734375
8652607,2018,2018-08-28,2802,2018-06-15,2320,320145,,5,5,5,2802,0,0,0,,0,,"AIRPORT BL","RT 29",0.00,,Y,A,-,Y,NAP,4,12,-,-,0.000,I,5,W,Y,4,0,1,2,A,-,01,23153,E,N,A,C,A,A,H,-,C,A,0,,,,,Y,,A,07,0,0,1,0,0,0,0,0,0,"- ","- ",,,NAPA,NAPA,-122.25788879394531,38.223167419433594
8652611,2018,2018-08-28,2802,2018-06-30,0424,320388,74,6,5,5,2802,0,0,0,,0,04B,"RT 12","RT 29",0.00,,Y,A,-,Y,NAP,4,29,-,-,4.690,H,-,N,Y,4,0,2,2,A,-,"- ",,,N,C,C,A,A,H,-,C,A,0,,,,,Y,,A,01,0,0,2,0,0,0,0,0,0,"- ","- ",,,NAPA,NAPA,-122.25777435302734,38.222965240478516
8653257,2018,2018-08-13,2803,2018-06-10,2148,31,,7,5,2,2803,0,0,0,,0,,"SPRING ST","SPRING BROOK CT",19.00,E,N,A,-,N,,,,,,,,,,Y,4,0,1,1,A,-,08,22107,,N,A,I,A,A,H,-,C,D,0,,,,,Y,,A,01,0,0,1,0,0,0,0,0,0,"- ","- ",38.507438659667969,-122.45613098144531,NAPA,"SAINT HELENA",-122.47457122802734,38.495655059814453
8653287,2018,2018-07-11,2800,2018-06-27,1848,250417,20207,3,5,2,2805,0,0,0,,0,002,"DANIEL DR","FLOSDEN RD",0.00,,Y,A,-,N,,,,,,,,,,N,4,0,1,2,A,-,05,21650,1,N,B,G,A,A,H,-,A,D,0,,Y,,,Y,,L,04,0,0,1,0,0,0,1,0,0,"- ","- ",,,NAPA,"AMERICAN CANYON",-122.23908233642578,38.159008026123047
8654489,2018,2018-07-17,2802,2018-07-02,1901,320411,43,1,5,5,2802,0,0,0,,0,01B,"GESFORD ST","OLD SONOMA RD",0.00,,Y,A,-,N,,,,,,,,,,Y,4,0,2,2,A,-,04,21703,,N,C,C,A,A,H,-,A,D,0,,,,,Y,,D,22,0,0,2,0,0,0,0,0,0,"- ","- ",,,NAPA,NAPA,-122.29651641845703,38.287769317626953
8654650,2018,2018-07-16,2802,2018-06-22,1115,189,38,5,5,5,2802,0,0,0,,0,00C,"4TH ST","COOMBS ST",0.00,,Y,A,-,N,,,,,,,,,,N,4,0,1,2,A,-,09,21802,A,N,D,C,A,A,H,-,A,A,0,,,,,Y,,A,01,0,0,1,0,0,0,0,0,0,"- ","- ",,,NAPA,NAPA,-122.28520202636719,38.296398162841797
8654654,2018,2018-07-16,2802,2018-06-19,1006,320447,30,2,5,5,2802,0,0,0,,0,01A,"KENNEDY WY","LINCOLN AV",0.00,,Y,A,-,N,,,,,,,,,,N,4,0,1,2,D,-,00,,,N,H,G,A,A,H,-,A,D,0,,Y,,,Y,,-,"- ",0,0,1,0,0,0,1,0,0,"- ","- ",,,NAPA,NAPA,-122.29757690429688,38.308090209960938
8654658,2018,2018-07-16,2802,2018-06-02,0909,189,323,6,5,5,2802,0,0,0,,0,01B,"JEFFERSON ST","LAUREL ST",0.00,,Y,A,-,N,,,,,,,,,,N,3,0,1,2,A,-,10,21950,A,F,G,B,B,A,H,-,A,A,0,Y,,,,Y,,A,01,0,1,0,0,1,0,0,0,0,"- ","- ",,,NAPA,NAPA,-122.29424285888672,38.292671203613281
8656733,2018,2018-08-13,2800,2018-04-03,1428,250398,0,2,5,2,2805,0,0,0,,0,,"AMERICAN CANYON RD","FLOSDEN RD",350.00,E,N,A,-,N,,,,,,,,,,N,2,0,1,1,C,-,18,,,N,F,A,A,A,B,-,A,D,0,,,Y,,Y,,-,"- ",1,0,0,0,0,0,0,0,1,"- ","- ",,,NAPA,"AMERICAN CANYON",-122.23883819580078,38.164180755615234
8656986,2018,2018-09-05,2802,2018-07-14,1501,320425,412,6,5,5,2802,0,0,0,,0,02B,"W IMOLA AV","W IMOLA AV 820",0.00,,-,A,-,N,,,,,,,,,,N,4,0,1,2,A,-,03,22350,,N,C,C,A,A,H,-,A,A,0,,,,,Y,,D,22,0,0,1,0,0,0,0,0,0,"- ","- ",,,NAPA,NAPA,-122.276291,38.280749999999998
8657010,2018,2018-09-05,2802,2018-07-25,1734,320447,39,3,5,5,2802,0,0,0,,0,02B,"SOSCOL AV","8TH ST",550.00,S,N,A,-,N,,,,,,,,,,Y,4,0,2,2,A,-,03,22350,,N,C,C,A,A,H,-,A,D,0,,,,,Y,,D,22,0,0,2,0,0,0,0,0,0,"- ","- ",,,NAPA,NAPA,-122.27865600585938,38.293430328369141
8657175,2018,2018-09-21,2802,2018-07-13,1400,320425,38,5,5,5,2802,0,0,0,,0,01C,"2ND ST","RANDOLPH ST",0.00,,Y,A,-,N,,,,,,,,,,N,3,0,1,2,A,-,06,21760,C,F,G,B,A,A,H,-,A,D,0,,Y,,,Y,Y,-,99,0,1,0,0,0,0,1,0,0,"- ","- ",,,NAPA,NAPA,-122.2872314453125,38.297378540039062
8657179,2018,2018-09-21,2802,2018-07-13,1713,320425,35,5,5,5,2802,0,0,0,,0,01A,"1ST ST","SEYMOUR ST",0.00,,Y,A,-,N,,,,,,,,,,Y,4,0,2,2,A,-,08,22107,,N,D,C,A,A,H,-,A,D,0,,,,,Y,,A,01,0,0,2,0,0,0,0,0,0,"- ","- ",,,NAPA,NAPA,-122.29704284667969,38.297828674316406
8657191,2018,2018-09-21,2802,2018-07-19,1518,320113,37,4,5,5,2802,0,0,0,,0,01C,"2ND ST","FRANKLIN ST",0.00,,Y,A,-,N,,,,,,,,,,Y,4,0,2,3,A,-,09,21802,A,N,D,C,A,A,H,-,A,A,0,,,,,Y,Y,A,01,0,0,2,0,0,0,0,0,0,"- ","- ",,,NAPA,NAPA,-122.28810119628906,38.296928405761719
8657195,2018,2018-09-21,2802,2018-07-20,0928,189,49,5,5,5,2802,0,0,0,,0,02B,"SOSCOL AV","OIL COMPANY RD",500.00,S,N,A,-,N,,,,,,,,,,Y,4,0,1,2,A,-,08,22107,,N,A,C,A,A,H,-,A,D,0,,,,,Y,,A,01,0,0,1,0,0,0,0,0,0,"- ","- ",,,NAPA,NAPA,-122.27714538574219,38.291255950927734
8657199,2018,2018-09-21,2802,2018-07-24,1644,320447,39,2,5,5,2802,0,0,0,,0,02B,"SOSCOL AV","3RD ST",650.00,S,N,A,-,N,,,,,,,,,,N,3,0,1,2,D,-,00,,,N,C,C,A,A,H,-,A,D,0,,,Y,,Y,,-,"- ",0,1,0,0,0,0,0,0,1,"- ","- ",,,NAPA,NAPA,-122.28121185302734,38.2969970703125
8660860,2018,2018-07-31,2800,2018-06-21,2115,250446,20207,4,5,2,2805,0,0,0,,0,002,"AMERICAN CANYON RD","FLOSDEN RD",0.00,,Y,A,-,N,,,,,,,,,,N,4,0,1,2,A,-,10,21950,A,N,G,B,B,A,H,-,C,A,0,Y,,,,Y,,A,01,0,0,1,0,1,0,0,0,0,"- ","- ",,,NAPA,"AMERICAN CANYON",-122.24001312255859,38.164409637451172
8660864,2018,2018-08-16,2800,2018-06-23,1341,250372,20212,6,5,2,2805,0,0,0,,0,002,"MAIN ST","NAPA JUNCTION RD",500.00,S,N,A,-,Y,NAP,4,29,-,-,1.950,H,-,N,Y,3,0,2,2,A,-,03,22350,,N,C,C,A,A,H,-,A,D,0,,,,,Y,,A,01,0,1,1,0,0,0,0,0,0,"- ","- ",,,NAPA,"AMERICAN CANYON",-122.25516510009766,38.183361053466797
8660872,2018,2018-07-31,2800,2018-06-28,1912,250301,20208,4,5,2,2805,0,0,0,,0,002,"FLOSDEN RD","VIA BELLAGIO",0.00,,Y,A,-,N,,,,,,,,,,Y,4,0,1,2,A,-,12,21453,A,N,D,C,A,A,H,-,A,A,0,,,,,Y,,A,01,0,0,1,0,0,0,0,0,0,"- ","- ",,,NAPA,"AMERICAN CANYON",-122.23973846435547,38.162239074707031
8663514,2018,2018-07-19,2802,2018-06-26,1532,320447,17,2,5,5,2802,0,0,0,,0,04B,"BROWNS VALLEY RD","WESTVIEW DR",0.00,,Y,A,-,N,,,,,,,,,,Y,4,0,3,2,A,-,09,21802,A,N,D,C,A,A,H,-,A,D,0,,,,,Y,,A,01,0,0,3,0,0,0,0,0,0,"- ","- ",,,NAPA,NAPA,-122.33278656005859,38.305641174316406
8663518,2018,2018-07-19,2802,2018-06-25,1415,320425,22,1,5,5,2802,0,0,0,,0,003,"JEFFERSON ST","PUEBLO AV",0.00,,Y,A,-,N,,,,,,,,,,Y,4,0,2,2,D,-,00,,,N,D,C,A,A,H,-,A,A,0,,,,,Y,,-,"- ",0,0,2,0,0,0,0,0,0,"- ","- ",,,NAPA,NAPA,-122.29783630371094,38.315681457519531
8664262,2018,2018-08-21,2802,2018-06-26,0934,320447,58,2,5,5,2802,0,0,0,,0,04A,"RT 29","SALVADOR AV",500.00,S,N,A,-,Y,NAP,4,29,-,-,14.520,H,-,N,Y,4,0,1,2,A,-,03,22350,,N,C,C,A,A,H,-,A,D,0,,,,,Y,,E,22,0,0,1,0,0,0,0,0,0,"- ","- ",,,NAPA,NAPA,-122.32351684570312,38.338665008544922
8664304,2018,2018-10-24,2802,2018-07-04,1351,320425,58,3,5,5,2802,0,0,0,,0,04A,"1ST ST","RT 29",0.00,,Y,A,-,Y,NAP,4,29,-,-,11.361,R,4,N,Y,3,0,1,2,A,-,09,21802,A,N,D,C,A,A,H,-,A,D,0,,,,,Y,,A,08,0,1,0,0,0,0,0,0,0,"- ",NF,,,NAPA,NAPA,-122.30181884765625,38.297176361083984
8664341,2018,2018-07-20,2802,2018-07-08,0106,191,43,7,5,5,2802,0,0,0,,0,01B,"JEFFERSON ST","ELM ST",0.00,,N,A,-,N,,,,,,,,,,Y,3,0,1,2,A,-,01,23152,A,N,A,E,A,A,H,-,C,D,0,,,,,Y,Y,A,01,0,1,0,0,0,0,0,0,0,"- ","- ",,,NAPA,NAPA,-122.29434204101562,38.289760589599609
8664345,2018,2018-07-20,2802,2018-07-02,1618,320113,27,1,5,5,2802,0,0,0,,0,01A,"CENTRAL AV","CENTRAL AV 768",10.00,N,N,A,-,N,,,,,,,,,,N,2,0,1,1,B,-,22,,,N,F,A,A,A,B,-,A,D,0,,,Y,,Y,,C,02,1,0,0,0,0,0,0,0,1,"- ","- ",,,NAPA,NAPA,,
8664392,2018,2018-08-17,2801,2018-07-11,1315,147,3,3,5,2,2801,0,0,0,,0,,"CEDAR ST","CEDAR ST 1010",0.00,,N,A,-,N,,,,,,,,,,N,3,0,1,2,A,-,"- ",,,N,G,B,A,A,H,-,A,D,0,,Y,,,Y,,L,04,0,1,0,0,0,0,1,0,0,"- ","- ",,,NAPA,CALISTOGA,-122.57856099999999,38.576390000000004
8664657,2018,2018-07-31,2802,2018-07-14,1735,186,25,6,5,5,2802,0,0,0,,0,04A,"SOLANO AV","W LINCOLN AV",500.00,N,N,A,-,N,,,,,,,,,,Y,2,0,2,2,A,-,01,23152,A,N,A,C,A,A,H,-,A,D,0,,,,,Y,Y,A,01,1,1,0,0,0,0,0,0,0,"- ","- ",,,NAPA,NAPA,-122.30532073974609,38.307502746582031
8666177,2018,2018-07-30,2800,2018-07-16,1946,250206,20207,1,5,2,2805,0,0,0,,0,002,"AMERICAN CANYON RD","NEWELL DR",0.00,,Y,A,-,N,,,,,,,,,,Y,3,0,2,2,A,-,08,22100,A,N,A,C,A,A,H,-,A,A,0,,,,,Y,Y,A,01,0,1,1,0,0,0,0,0,0,"- ","- ",,,NAPA,"AMERICAN CANYON",-122.24001312255859,38.164409637451172
8666831,2018,2018-08-10,2802,2018-05-19,0034,320094,74,6,5,5,2802,0,0,0,,0,04B,"RT 12","RT 29",0.00,,Y,A,-,Y,NAP,4,29,-,R,8.657,I,5,N,Y,2,0,1,1,A,-,01,23152,B,N,E,I,A,A,H,-,C,A,0,,,,,Y,Y,D,22,1,0,0,0,0,0,0,0,0,"- ","- ",,,NAPA,NAPA,-122.30262756347656,38.257541656494141
8666998,2018,2018-11-02,2803,2018-07-01,2309,28,,7,5,2,2803,0,0,0,,0,,"RT 29","GRAYSON AV",458.00,N,N,B,-,Y,NAP,4,29,-,-,28.180,H,-,S,Y,3,0,1,1,A,-,08,22107,,N,E,I,A,A,H,-,C,D,0,,,,,Y,,A,01,0,1,0,0,0,0,0,0,0,"- ","- ",38.499610900878906,-122.43260192871094,NAPA,"SAINT HELENA",-122.46277618408203,38.499950408935547
8668643,2018,2018-09-10,2800,2018-07-11,1038,250226,20207,3,5,2,2805,0,0,0,,0,002,"AMERICAN CANYON RD","NEWELL DR",0.00,,Y,A,-,N,,,,,,,,,,Y,4,0,1,3,A,-,12,21453,A,N,D,C,A,A,H,-,A,A,0,,,,,Y,,A,08,0,0,1,0,0,0,0,0,0,"- ","- ",,,NAPA,"AMERICAN CANYON",-122.24001312255859,38.164409637451172
8674164,2018,2018-11-06,2802,2018-07-20,2206,320145,50,5,5,5,2802,0,0,0,,0,02B,"IMOLA AV","SOSCOL AV",0.00,,Y,A,-,Y,NAP,4,121,-,-,6.010,I,5,N,,4,0,2,2,A,-,01,23152,B,N,B,C,A,A,H,-,C,A,0,,,,,Y,Y,A,01,0,0,2,0,0,0,0,0,0,"- ","- ",,,NAPA,NAPA,-122.27468872070312,38.280551910400391
8675270,2018,2018-10-05,2802,2018-08-03,1259,320456,1,5,5,5,2802,0,0,0,,0,04A,"SOLANO AV","WINE COUNTRY AV",0.00,,Y,A,-,N,,,,,,,,,,Y,4,0,1,2,A,-,12,21453,A,N,D,C,A,A,H,-,A,A,0,,,,,Y,,D,22,0,0,1,0,0,0,0,0,0,"- ","- ",,,NAPA,NAPA,-122.32224273681641,38.335979461669922
8675344,2018,2018-10-04,2802,2018-08-01,1519,320129,26,3,5,5,2802,0,0,0,,0,01A,"JEFFERSON ST","GEORGE ST",0.00,,Y,A,-,N,,,,,,,,,,N,3,0,1,2,A,-,08,22107,,N,D,G,A,A,H,-,A,A,0,,Y,,,Y,,L,04,0,1,0,0,0,0,1,0,0,"- ","- ",,,NAPA,NAPA,-122.29624938964844,38.310131072998047
8675348,2018,2018-10-04,2802,2018-08-06,1618,320108,23,1,5,5,2802,0,0,0,,0,003,"OLD SOSCOL WY","SOSCOL AV",0.00,,Y,A,-,N,,,,,,,,,,Y,4,0,1,2,A,-,05,21460,A,F,D,C,A,A,H,-,A,D,0,,,,,Y,Y,-,99,0,0,1,0,0,0,0,0,0,"- ","- ",,,NAPA,NAPA,-122.28582000732422,38.321769714355469
8675350,2018,2018-10-03,2802,2018-07-31,1237,320129,27,2,5,5,2802,0,0,0,,0,01A,"JEFFERSON ST","GEORGE ST",0.00,,Y,A,-,N,,,,,,,,,,N,4,0,1,2,A,-,03,22350,,N,C,C,A,A,H,-,A,A,0,,,,,Y,,A,01,0,0,1,0,0,0,0,0,0,"- ","- ",,,NAPA,NAPA,-122.29624938964844,38.310131072998047
8675352,2018,2018-10-29,2802,2018-08-04,1742,320344,74,6,5,5,2802,0,0,0,,0,04B,"RT 29","RT 12",7920.00,S,N,A,-,Y,NAP,4,29,-,R,7.160,H,-,S,Y,3,0,2,3,A,-,03,22350,,N,C,C,A,A,H,-,A,A,0,,,,,Y,,A,01,0,1,1,0,0,0,0,0,0,"- ","- ",,,NAPA,NAPA,-122.28622436523438,38.243995666503906
8675354,2018,2018-10-03,2802,2018-07-28,1940,320425,27,6,5,5,2802,0,0,0,,0,01A,"PUEBLO AV","MAIN ST",0.00,,N,A,-,N,,,,,,,,,,N,4,0,1,2,A,-,03,22350,,M,C,C,A,A,H,-,A,D,0,,,,,Y,,A,01,0,0,1,0,0,0,0,0,0,"- ","- ",,,NAPA,NAPA,-122.29540252685547,38.316131591796875
8680068,2018,2018-08-21,2802,2018-07-27,0950,205,37,5,5,5,2802,0,0,0,,0,01C,"2ND ST","JEFFERSON ST",0.00,,Y,A,-,N,,,,,,,,,,Y,4,0,2,2,A,-,12,21453,A,N,D,C,A,A,H,-,A,A,0,,,,,Y,,A,01,0,0,2,0,0,0,0,0,0,"- ","- ",,,NAPA,NAPA,-122.29353332519531,38.296539306640625
8680080,2018,2018-08-29,2802,2018-07-14,1626,320425,36,6,5,5,2802,0,0,0,,0,01A,"BROWN ST","NAPA ST",0.00,,Y,A,-,N,,,,,,,,,,Y,3,0,2,2,A,-,12,22450,A,N,D,C,A,A,H,-,A,D,0,,,,,Y,,A,01,0,1,1,0,0,0,0,0,0,"- ","- ",,,NAPA,NAPA,-122.28919219970703,38.302238464355469
8680095,2018,2018-10-08,2802,2018-07-30,2156,320336,27,1,5,5,2802,0,0,0,,0,01A,"BROWN ST","LINCOLN AV",0.00,,Y,A,-,N,,,,,,,,,,N,4,0,1,2,A,-,10,21950,A,M,G,B,B,A,H,-,C,A,0,Y,,,,Y,,-,99,0,0,1,0,1,0,0,0,0,"- ","- ",,,NAPA,NAPA,-122.29444122314453,38.308639526367188
8680107,2018,2018-10-08,2802,2018-07-24,1311,320107,22,2,5,5,2802,0,0,0,,0,003,"COOPER CT","PUEBLO AV",164.00,N,N,A,-,N,,,,,,,,,,N,4,0,1,2,D,-,00,,,M,G,B,E,A,H,-,A,D,0,Y,,,,Y,,-,"- ",0,0,1,0,1,0,0,0,0,"- ","- ",,,NAPA,NAPA,-122.29623413085938,38.316440582275391
8680187,2018,2018-08-28,2800,2018-07-20,1854,250448,10202,5,5,2,2805,0,0,0,,0,001,"LOS ALTOS DR","RIO DEL MAR",0.00,,Y,A,-,N,,,,,,,,,,Y,2,0,1,1,A,-,03,22350,,N,H,A,A,A,H,-,A,D,0,,,Y,,Y,,C,02,1,0,0,0,0,0,0,0,1,"- ","- ",,,NAPA,"AMERICAN CANYON",-122.25837707519531,38.177749633789062
8681105,2018,2018-08-31,2802,2018-07-27,1440,32L38,16,5,5,5,2802,0,0,0,,0,04B,"PATRICK RD","BROWNS VALLEY RD",2640.00,W,N,A,-,N,,,,,,,,,,Y,3,0,1,2,A,-,08,22107,,N,D,C,A,A,H,-,A,A,0,,,,,Y,,A,01,0,1,0,0,0,0,0,0,0,"- ","- ",,,NAPA,NAPA,-122.34828948974609,38.310848236083984
8681361,2018,2018-08-27,2802,2018-08-03,1448,320425,36,5,5,5,2802,0,0,0,,0,01A,"JEFFERSON ST","POLK ST",0.00,,Y,A,-,N,,,,,,,,,,Y,3,0,1,2,A,-,08,22107,,N,D,C,A,A,H,-,A,D,0,,,,,Y,,A,01,0,1,0,0,0,0,0,0,0,"- ","- ",,,NAPA,NAPA,-122.29312896728516,38.299079895019531
8681369,2018,2018-08-27,2802,2018-08-11,1335,195,9,6,5,5,2802,0,0,0,,0,04A,"REDWOOD RD","SOLANO AV",152.00,,N,A,-,N,,,,,,,,,,Y,3,0,1,2,A,-,08,22107,,N,B,C,A,A,H,-,A,A,0,,,,,Y,,A,01,0,1,0,0,0,0,0,0,0,"- ","- ",,,NAPA,NAPA,-122.31027984619141,38.320999145507812
8681377,2018,2018-08-27,2802,2018-08-03,1317,186,31,5,5,5,2802,0,0,0,,0,01A,"JEFFERSON ST","JEFFERSON ST 1830",0.00,,-,A,-,N,,,,,,,,,,Y,4,0,1,1,A,-,03,22350,,N,F,A,A,A,H,-,A,D,0,,,Y,,Y,,C,02,0,0,1,0,0,0,0,0,1,"- ","- ",,,NAPA,NAPA,-122.29452000000001,38.304152000000002
8687155,2018,2018-08-30,2801,2018-08-17,1600,147,2,5,5,2,2801,0,0,0,,0,,"WASHINGTON ST","EARL ST",0.00,,Y,A,-,N,,,,,,,,,,Y,3,0,1,2,A,-,09,21804,A,N,D,C,A,A,H,-,A,D,0,,,,,Y,,I,11,0,1,0,0,0,0,0,0,0,"- ","- ",,,NAPA,CALISTOGA,-122.57447052001953,38.577358245849609