CASE_ID,ACCIDENT_YEAR,PROC_DATE,JURIS,COLLISION_DATE,COLLISION_TIME,OFFICER_ID,REPORTING_DISTRICT,DAY_OF_WEEK,CHP_SHIFT,POPULATION,CNTY_CITY_LOC,SPECIAL_COND,BEAT_TYPE,CHP_BEAT_TYPE,CITY_DIVISION_LAPD,CHP_BEAT_CLASS,BEAT_NUMBER,PRIMARY_RD,SECONDARY_RD,DISTANCE,DIRECTION,INTERSECTION,WEATHER_1,WEATHER_2,STATE_HWY_IND,CALTRANS_COUNTY,CALTRANS_DISTRICT,STATE_ROUTE,ROUTE_SUFFIX,POSTMILE_PREFIX,POSTMILE,LOCATION_TYPE,RAMP_INTERSECTION,SIDE_OF_HWY,TOW_AWAY,COLLISION_SEVERITY,NUMBER_KILLED,NUMBER_INJURED,PARTY_COUNT,PRIMARY_COLL_FACTOR,PCF_CODE_OF_VIOL,PCF_VIOL_CATEGORY,PCF_VIOLATION,PCF_VIOL_SUBSECTION,HIT_AND_RUN,TYPE_OF_COLLISION,MVIW,PED_ACTION,ROAD_SURFACE,ROAD_COND_1,ROAD_COND_2,LIGHTING,CONTROL_DEVICE,CHP_ROAD_TYPE,PEDESTRIAN_ACCIDENT,BICYCLE_ACCIDENT,MOTORCYCLE_ACCIDENT,TRUCK_ACCIDENT,NOT_PRIVATE_PROPERTY,ALCOHOL_INVOLVED,STWD_VEHTYPE_AT_FAULT,CHP_VEHTYPE_AT_FAULT,COUNT_SEVERE_INJ,COUNT_VISIBLE_INJ,COUNT_COMPLAINT_PAIN,COUNT_PED_KILLED,COUNT_PED_INJURED,COUNT_BICYCLIST_KILLED,COUNT_BICYCLIST_INJURED,COUNT_MC_KILLED,COUNT_MC_INJURED,PRIMARY_RAMP,SECONDARY_RAMP,LATITUDE,LONGITUDE,COUNTY,CITY,POINT_X,POINT_Y
8927574,2019,2020-01-29,2802,2019-08-20,1330,320501,39,2,5,5,2802,0,0,0,,0,02B,"SILVERADO TRL","SARATOGA DR",260.00,S,N,A,-,Y,NAP,4,121,-,-,6.820,H,-,N,N,4,0,1,3,A,-,03,22350,,N,C,C,A,A,H,-,A,D,0,,,,,Y,,D,22,0,0,1,0,0,0,0,0,0,"- ","- ",,,NAPA,NAPA,-122.27512359619141,38.291847229003906
8928089,2019,2019-10-11,2802,2019-08-15,1532,320108,47,4,5,5,2802,0,0,0,,0,01B,"W IMOLA AV","SOUTH JEFFERSON ST",385.00,W,N,A,-,N,,,,,,,,,,Y,4,0,1,2,A,-,03,22350,,N,C,C,A,A,H,-,A,A,0,,,,,Y,,A,01,0,0,1,0,0,0,0,0,0,"- ","- ",,,NAPA,NAPA,-122.2950439453125,38.282039642333984
8928156,2019,2019-09-03,2802,2019-07-31,1653,320363,13,3,5,5,2802,0,0,0,,0,003,"TRANCAS ST","JEFFERSON ST",300.00,E,N,A,-,N,,,,,,,,,,Y,4,0,1,2,A,-,05,21460,A,N,D,C,A,A,H,-,A,D,0,,,,,Y,,A,01,0,0,1,0,0,0,0,0,0,"- ","- ",,,NAPA,NAPA,-122.29911041259766,38.322967529296875
8929120,2019,2019-09-11,2802,2019-08-06,1848,320283,28,2,5,5,2802,0,0,0,,0,003,"LINCOLN AV","SOSCOL AV",750.00,E,N,A,-,N,,,,,,,,,,N,4,0,3,2,A,-,03,22350,,F,C,C,A,A,H,-,A,D,0,,,,,Y,,A,07,0,0,3,0,0,0,0,0,0,"- ","- ",,,NAPA,NAPA,-122.28264617919922,38.31024169921875
8930261,2019,2019-09-09,2802,2019-08-26,1718,320447,30,1,5,5,2802,0,0,0,,0,01A,"LINCOLN AV","YORK ST",15.00,E,N,A,-,N,,,,,,,,,,Y,4,0,1,2,A,-,03,22350,,N,C,C,A,A,H,-,A,D,0,,,,,Y,,A,01,0,0,1,0,0,0,0,0,0,"- ","- ",,,NAPA,NAPA,-122.29833984375,38.307941436767578
8932705,2019,2019-09-20,2802,2019-08-18,1230,320457,34,7,5,5,2802,0,0,0,,0,04B,"LAUREL ST","BRYAN AV",570.00,S,N,A,-,N,,,,,,,,,,Y,3,0,1,3,D,-,00,,,N,B,C,A,A,H,-,A,D,0,,,,,Y,,-,"- ",0,1,0,0,0,0,0,0,0,"- ","- ",,,NAPA,NAPA,-122.31301879882812,38.295295715332031
8932867,2019,2019-09-17,2802,2019-08-23,1518,320425,6,5,5,5,2802,0,0,0,,0,003,"LASSEN ST","TROWER AV",0.00,,Y,A,-,N,,,,,,,,,,Y,4,0,2,2,A,-,12,22450,A,N,D,C,A,A,H,-,A,D,0,,,,,Y,,A,01,0,0,2,0,0,0,0,0,0,"- ","- ",,,NAPA,NAPA,-122.31362915039062,38.331901550292969
8932871,2019,2019-09-17,2802,2019-08-20,1805,320283,9,2,5,5,2802,0,0,0,,0,04A,"SOLANO AV","TROWER AV",0.00,,Y,A,-,N,,,,,,,,,,Y,4,0,2,2,A,-,12,21453,A,N,D,C,A,A,H,-,A,A,0,,,,,Y,,A,07,0,0,2,0,0,0,0,0,0,"- ","- ",,,NAPA,NAPA,-122.31765747070312,38.330440521240234
8932875,2019,2019-09-17,2802,2019-08-28,2116,320447,17,3,5,5,2802,0,0,0,,0,04B,"BROWNS VALLEY RD","MCCORMICK LN",0.00,,Y,A,-,N,,,,,,,,,,Y,4,0,1,2,A,-,01,23153,,N,D,C,A,A,H,-,C,D,0,,,,,Y,Y,A,01,0,0,1,0,0,0,0,0,0,"- ","- ",,,NAPA,NAPA,-122.33109283447266,38.305240631103516
8934117,2019,2019-10-24,2803,2019-08-30,1040,14,,5,5,2,2803,0,0,0,,0,,"MAIN ST","MAIN ST 2000",0.00,,Y,A,-,N,,,,,,,,,,Y,4,0,1,2,A,-,03,22350,,N,C,C,A,A,H,-,A,D,0,,,,,Y,,D,22,0,0,1,0,0,0,0,0,0,"- ","- ",38.510150909423828,-122.47989654541016,NAPA,"SAINT HELENA",-122.480071,38.511477999999997
8934229,2019,2019-09-18,2801,2019-08-25,1926,183,5,7,5,2,2801,0,0,0,,0,,"WASHINGTON ST","2ND ST",0.00,,Y,A,-,N,,,,,,,,,,Y,3,0,2,1,A,-,01,23153,B,M,A,I,A,A,H,-,A,D,0,,,,,Y,Y,A,07,0,2,0,0,0,0,0,0,0,"- ","- ",,,NAPA,CALISTOGA,-122.58097839355469,38.579231262207031
8935367,2019,2019-10-18,2802,2019-08-28,0752,320501,23,3,5,5,2802,0,0,0,,0,003,"TRANCAS ST","VILLA LN",370.00,E,N,A,-,N,,,,,,,,,,Y,4,0,2,3,A,-,03,22350,,N,C,C,A,A,H,-,A,A,0,,,,,Y,,D,22,0,0,2,0,0,0,0,0,0,"- ","- ",,,NAPA,NAPA,-122.29196929931641,38.324230194091797
8935534,2019,2019-09-24,2802,2019-09-03,1538,320447,32,2,5,5,2802,0,0,0,,0,02A,"3RD ST","JUAREZ ST",40.00,W,N,A,-,N,,,,,,,,,,N,4,0,1,3,A,-,03,22350,,N,C,C,A,A,H,-,A,D,0,,,,,Y,,A,01,0,0,1,0,0,0,0,0,0,"- ","- ",,,NAPA,NAPA,-122.27718353271484,38.299358367919922
8935538,2019,2019-09-24,2802,2019-09-02,1026,320501,406,1,5,5,2802,0,0,0,,0,003,"TRANCAS ST","OLD SOSCOL WY",440.00,W,N,A,-,N,,,,,,,,,,Y,3,0,1,2,A,-,09,21802,A,N,D,C,A,A,H,-,A,A,0,,,,,Y,,A,07,0,1,0,0,0,0,0,0,0,"- ","- ",,,NAPA,NAPA,-122.28668212890625,38.324871063232422
8935745,2019,2019-09-19,2802,2019-08-29,1816,320447,17,4,5,5,2802,0,0,0,,0,04B,"BROWNS VALLEY RD","THOMPSON AV",0.00,,Y,A,-,N,,,,,,,,,,N,3,0,1,2,A,-,09,21801,A,N,H,G,A,A,H,-,A,D,0,,Y,,,Y,,A,01,0,1,0,0,0,0,1,0,0,"- ","- ",,,NAPA,NAPA,-122.32317352294922,38.303791046142578
8936252,2019,2020-01-29,2801,2019-08-23,1518,181,1,5,5,2,2801,0,0,0,,0,,"RT 29",FAIRWAY,122.00,N,N,A,-,Y,NAP,4,29,-,-,37.250,H,-,S,N,3,0,1,3,A,-,08,22107,,N,C,E,A,A,H,-,A,D,0,,,,,Y,,A,01,0,1,0,0,0,0,0,0,0,"- ","- ",,,NAPA,CALISTOGA,-122.57810974121094,38.580413818359375
8937986,2019,2019-09-25,2802,2019-09-07,1032,320425,27,6,5,5,2802,0,0,0,,0,01A,LINCOLN,"LINCOLN AV 790",0.00,,-,B,-,N,,,,,,,,,,N,4,0,2,2,A,-,03,22350,,N,C,C,A,A,H,-,A,D,0,,,,,Y,,D,22,0,0,2,0,0,0,0,0,0,"- ","- ",,,NAPA,NAPA,-122.30631700000001,38.306513000000002
8938351,2019,2019-09-26,2802,2019-09-03,1606,320108,48,2,5,5,2802,0,0,0,,0,01B,"SOUTH FRANKLIN ST","ARBOREO ST",25.00,S,N,A,-,N,,,,,,,,,,N,3,0,1,2,A,-,06,21750,,N,D,C,A,A,H,-,A,D,0,,,Y,,Y,,C,02,0,1,0,0,0,0,0,0,1,"- ","- ",,,NAPA,NAPA,-122.29007720947266,38.285552978515625
8938475,2019,2019-09-25,2802,2019-08-30,1830,185,13,5,5,5,2802,0,0,0,,0,003,"TRANCAS ST","JEFFERSON ST",15.00,,N,A,-,N,,,,,,,,,,N,4,0,1,2,A,-,10,21950,A,F,G,B,B,A,H,-,A,D,0,Y,,,,Y,,-,99,0,0,1,0,1,0,0,0,0,"- ","- ",,,NAPA,NAPA,-122.30013275146484,38.322780609130859
8938906,2018,2019-09-30,2802,2018-08-20,0222,320133,29,1,5,5,2802,0,0,0,,0,003,"SILVERADO TRL","STONECREST DR",0.00,,N,A,-,Y,NAP,4,121,-,-,8.810,H,-,N,,2,0,3,1,A,-,01,23153,F,N,E,I,A,A,H,-,D,D,0,,,,,Y,,A,07,3,0,0,0,0,0,0,0,0,"- ","- ",,,NAPA,NAPA,-122.2740478515625,38.317352294921875
8939009,2019,2020-01-28,2800,2019-08-27,1220,250226,10204,2,5,2,2805,0,0,0,,0,001,BROADWAY,"EUCALYPTUS DR",0.00,,Y,A,-,Y,NAP,4,29,-,R,1.780,H,-,S,N,4,0,1,4,A,-,03,22350,,N,C,C,A,A,H,-,A,A,0,,,,,Y,,A,01,0,0,1,0,0,0,0,0,0,"- ","- ",,,NAPA,"AMERICAN CANYON",-122.25513458251953,38.180843353271484
8939018,2019,2020-01-28,2802,2019-08-27,0632,320137,74,2,5,5,2802,0,0,0,,0,04B,"RT 29","RT 121",1320.00,S,N,A,-,Y,NAP,4,29,-,R,10.130,H,-,N,Y,4,0,1,2,A,-,04,21703,,N,C,C,A,A,H,-,B,D,0,,,,,Y,,A,01,0,0,1,0,0,0,0,0,0,"- ","- ",,,NAPA,NAPA,-122.29946899414062,38.278194427490234
8939304,2019,2021-05-28,2800,2019-09-22,2240,250124,0,7,5,2,2804,0,0,0,,0,,"SOLANO AV","POLE# 120201523",569.00,,N,A,-,N,,,,,,,,,,Y,1,1,0,1,D,-,00,,,N,E,I,A,A,H,-,D,D,0,,,Y,,Y,,-,"- ",0,0,0,0,0,0,0,1,0,"- ","- ",,,NAPA,YOUNTVILLE,,
8939489,2019,2021-05-20,2801,2019-07-18,0356,115,4,4,5,2,2801,0,0,0,,0,,"RT 128","SILVER ST",118.00,W,N,A,-,Y,NAP,4,128,-,-,4.250,H,-,E,N,1,1,0,3,A,-,11,21956,A,N,G,B,E,A,H,-,C,D,0,Y,,,,Y,Y,N,60,0,0,0,1,0,0,0,0,0,"- ","- ",,,NAPA,CALISTOGA,-122.585693359375,38.577049255371094
8943117,2019,2019-09-25,2801,2019-08-16,2122,183,2,5,5,2,2801,0,0,0,,0,,"WASHINGTON ST","EDDY ST",82.00,W,N,A,-,N,,,,,,,,,,N,2,0,1,1,A,-,03,22350,,N,H,A,A,A,H,-,C,D,0,,,,,Y,,A,71,1,0,0,0,0,0,0,0,0,"- ","- ",,,NAPA,CALISTOGA,-122.57572937011719,38.577728271484375
8945909,2019,2019-10-01,2800,2019-09-06,1555,250486,20207,5,5,2,2805,0,0,0,,0,002,"AMERICAN CANYON RD","NEWELL DR",0.00,,Y,A,-,N,,,,,,,,,,Y,3,0,1,1,A,-,08,22107,,N,F,A,A,A,H,-,A,A,0,,,,,Y,,A,01,0,1,0,0,0,0,0,0,0,"- ","- ",,,NAPA,"AMERICAN CANYON",-122.24001312255859,38.164409637451172
8945913,2019,2019-10-01,2800,2019-09-10,2151,250455,20208,2,5,2,2805,0,0,0,,0,002,"FLOSDEN RD","VIA BELLAGIO",0.00,,Y,A,-,N,,,,,,,,,,Y,4,0,1,2,A,-,12,21453,A,N,D,C,A,A,H,-,C,A,0,,,,,Y,,A,01,0,0,1,0,0,0,0,0,0,"- ","- ",,,NAPA,"AMERICAN CANYON",-122.23973846435547,38.162239074707031
8946107,2019,2019-10-24,2800,2019-09-16,1710,250301,20209,1,5,2,2805,0,0,0,,0,002,"AMERICAN CANYON RD","SILVER OAK TRL",0.00,,Y,A,-,N,,,,,,,,,,Y,4,0,1,3,A,-,12,21453,A,N,D,C,A,A,H,-,A,A,0,,,,,Y,,A,01,0,0,1,0,0,0,0,0,0,"- ","- ",,,NAPA,"AMERICAN CANYON",-122.25025177001953,38.165531158447266
8947541,2019,2019-10-09,2802,2019-09-22,1552,195,1,7,5,5,2802,0,0,0,,0,04A,"MAHER ST","WINE COUNTRY AV",0.00,,Y,A,-,N,,,,,,,,,,N,4,0,1,2,A,-,21,22106,,M,H,G,A,A,H,-,A,A,0,,Y,,,Y,,A,01,0,0,1,0,0,0,1,0,0,"- ","- ",,,NAPA,NAPA,-122.32427978515625,38.335338592529297
8947545,2019,2019-10-09,2802,2019-09-20,1328,320425,39,5,5,5,2802,0,0,0,,0,02B,"SOSCOL AV","SOUSA LN",0.00,,Y,A,-,N,,,,,,,,,,Y,3,0,1,4,A,-,09,21802,B,N,D,C,A,A,H,-,A,A,0,,,,,Y,,A,07,0,1,0,0,0,0,0,0,0,"- ","- ",,,NAPA,NAPA,-122.27797698974609,38.292461395263672
8949734,2019,2019-10-07,2802,2019-09-12,1728,320447,11,4,5,5,2802,0,0,0,,0,003,"CLAREMONT WY","TRANCAS ST",60.00,,N,A,-,N,,,,,,,,,,N,4,0,1,3,A,-,03,22350,,N,C,C,A,A,H,-,A,A,0,,,,,Y,,A,01,0,0,1,0,0,0,0,0,0,"- ","- ",,,NAPA,NAPA,-122.30293273925781,38.322311401367188
8949738,2019,2019-10-07,2802,2019-09-18,0648,320501,20,3,5,5,2802,0,0,0,,0,04A,"SOLANO AV","VERNA DR",315.00,N,N,C,-,N,,,,,,,,,,Y,3,0,1,1,A,-,03,22350,,N,B,I,A,A,H,-,C,D,0,,,Y,,Y,,C,02,0,1,0,0,0,0,0,0,1,"- ","- ",,,NAPA,NAPA,-122.30866241455078,38.318763732910156
8949742,2019,2019-10-07,2802,2019-09-04,0759,320129,30,3,5,5,2802,0,0,0,,0,01A,"LINCOLN AV","YORK ST",50.00,W,N,A,-,N,,,,,,,,,,Y,4,0,2,2,A,-,03,22350,,M,C,C,A,A,H,-,A,A,0,,,,,Y,,A,01,0,0,2,0,0,0,0,0,0,"- ","- ",,,NAPA,NAPA,-122.29856109619141,38.307899475097656
8949746,2019,2019-10-07,2802,2019-09-11,1805,320363,22,3,5,5,2802,0,0,0,,0,003,"PUEBLO AV","JEFFERSON ST",185.00,E,N,A,-,N,,,,,,,,,,Y,4,0,1,2,A,-,05,21460,A,N,D,C,A,A,H,-,A,D,0,,,,,Y,,A,01,0,0,1,0,0,0,0,0,0,"- ","- ",,,NAPA,NAPA,-122.29721832275391,38.315803527832031
8949750,2019,2019-10-07,2802,2019-09-16,0733,320283,29,1,5,5,2802,0,0,0,,0,003,"SILVERADO RD","HAGEN RD",1626.00,S,N,C,-,N,,,,,,,,,,Y,4,0,1,1,A,-,03,22350,,N,E,J,A,B,H,-,A,D,0,,,,,Y,,A,01,0,0,1,0,0,0,0,0,0,"- ","- ",,,NAPA,NAPA,-122.27487182617188,38.316867828369141
8949754,2019,2019-10-08,2802,2019-09-07,2145,320456,13,6,5,5,2802,0,0,0,,0,003,"JEFFERSON ST","TRANCAS ST",0.00,,Y,A,-,N,,,,,,,,,,Y,3,0,2,2,A,-,12,21453,A,N,D,C,A,A,H,-,C,A,0,,,,,Y,,A,08,0,1,1,0,0,0,0,0,0,"- ","- ",,,NAPA,NAPA,-122.30013275146484,38.322780609130859
8949758,2019,2019-10-07,2802,2019-09-10,1330,320501,50,2,5,5,2802,0,0,0,,0,02B,"SILVERADO TRL","SOSCOL AV",0.00,,Y,A,-,N,,,,,,,,,,Y,4,0,1,2,A,-,08,22103,,N,D,C,A,A,H,-,A,A,0,,,,,Y,,A,01,0,0,1,0,0,0,0,0,0,"- ","- ",,,NAPA,NAPA,-122.27542114257812,38.288619995117188
8949762,2019,2019-10-07,2802,2019-09-13,0747,205,42,5,5,5,2802,0,0,0,,0,04B,"ELM ST","FREEWAY DR",0.00,,Y,A,-,N,,,,,,,,,,N,4,0,1,2,A,-,10,21950,A,N,G,B,B,A,H,-,A,D,0,Y,,,,Y,,A,01,0,0,1,0,1,0,0,0,0,"- ","- ",,,NAPA,NAPA,-122.30197143554688,38.289821624755859
8949845,2019,2019-10-09,2802,2019-09-05,0648,320102,8,4,5,5,2802,0,0,0,,0,04A,"TROWER AV","PINOT DR",0.00,,Y,A,-,N,,,,,,,,,,N,2,0,1,2,A,-,11,21954,A,N,G,B,D,A,H,-,A,D,0,Y,,,,Y,,N,60,1,0,0,0,1,0,0,0,0,"- ","- ",,,NAPA,NAPA,-122.32803344726562,38.32489013671875
8949849,2019,2019-10-09,2802,2019-09-17,1608,320501,35,2,5,5,2802,0,0,0,,0,01A,"CLAY ST","MONROE ST",0.00,,Y,A,-,N,,,,,,,,,,Y,3,0,1,2,A,-,09,21802,A,N,D,C,A,A,H,-,A,A,0,,,Y,,Y,,D,22,0,1,0,0,0,0,0,0,1,"- ","- ",,,NAPA,NAPA,-122.29846954345703,38.298809051513672
8953320,2019,2019-10-23,2802,2019-09-30,0741,320501,34,1,5,5,2802,0,0,0,,0,04B,"BROWNS VALLEY RD","LAUREL ST",0.00,,Y,A,-,N,,,,,,,,,,Y,4,0,1,2,A,-,08,22103,,N,D,C,A,A,H,-,A,A,0,,,,,Y,,D,22,0,0,1,0,0,0,0,0,0,"- ","- ",,,NAPA,NAPA,-122.3143310546875,38.301509857177734
8953324,2019,2019-10-24,2802,2019-09-27,1733,320080,51,5,5,5,2802,0,0,0,,0,02B,"SHURTLEFF AV","SHURTLEFF AV 2181",0.00,,N,A,-,N,,,,,,,,,,Y,4,0,1,2,A,-,08,22107,,N,B,E,A,A,H,-,A,D,0,,,,,Y,,A,01,0,0,1,0,0,0,0,0,0,"- ","- ",,,NAPA,NAPA,-122.263705,38.281688000000003
8953328,2019,2019-12-24,2802,2019-10-04,1416,185,5,5,5,5,2802,0,0,0,,0,04A,"SOLANO AV","TROWER AV",0.00,,Y,A,-,N,,,,,,,,,,Y,4,0,2,3,A,-,12,21453,A,N,D,C,A,A,H,-,A,A,0,,,,,Y,,A,07,0,0,2,0,0,0,0,0,0,"- ","- ",,,NAPA,NAPA,-122.31765747070312,38.330440521240234
8953332,2019,2019-10-31,2802,2019-09-30,1648,320447,24,1,5,5,2802,0,0,0,,0,04B,"FREEWAY DR","1ST ST",0.00,,Y,A,-,N,,,,,,,,,,N,4,0,2,2,A,-,00,21703,A,N,C,C,A,A,H,-,A,A,0,,,,Y,Y,,F,24,0,0,2,0,0,0,0,0,0,"- ","- ",,,NAPA,NAPA,-122.30593109130859,38.299678802490234
8953930,2019,2019-10-18,2802,2019-09-30,0824,320501,127,1,5,5,2802,0,0,0,,0,04B,"OLD SONOMA RD","UNDERHILL DR",175.00,E,N,A,-,N,,,,,,,,,,N,3,0,2,2,A,-,09,21802,A,N,D,C,A,A,H,-,A,A,0,,,,,Y,,A,01,0,1,1,0,0,0,0,0,0,"- ","- ",,,NAPA,NAPA,-122.30451965332031,38.287776947021484
8953934,2019,2019-10-18,2802,2019-09-21,1327,320425,25,6,5,5,2802,0,0,0,,0,04A,"LONE OAK AV","SOLANO AV",0.00,,Y,A,-,N,,,,,,,,,,Y,3,0,4,2,A,-,08,22107,,N,D,C,A,A,H,-,A,D,0,,,,,Y,,A,01,0,2,2,0,0,0,0,0,0,"- ","- ",,,NAPA,NAPA,-122.30552673339844,38.308521270751953
8953938,2019,2019-10-18,2802,2019-09-20,0748,320283,9,5,5,5,2802,0,0,0,,0,04A,"REDWOOD RD","LINDA VISTA AV",150.00,E,N,A,-,N,,,,,,,,,,Y,4,0,1,2,A,-,09,21804,A,N,D,C,A,A,H,-,A,D,0,,,,,Y,,A,01,0,0,1,0,0,0,0,0,0,"- ","- ",,,NAPA,NAPA,-122.31787109375,38.319694519042969
8959156,2019,2019-11-01,2802,2019-09-21,0852,320499,26,6,5,5,2802,0,0,0,,0,01A,"LINCOLN AV","MARIN ST",0.00,,Y,A,-,N,,,,,,,,,,Y,4,0,1,2,A,-,08,22107,,N,D,D,A,A,H,-,A,D,0,,,,,Y,,D,22,0,0,1,0,0,0,0,0,0,"- ","- ",,,NAPA,NAPA,-122.30033874511719,38.307579040527344
8959164,2019,2019-11-05,2802,2019-10-08,2246,199,54,2,5,5,2802,0,0,0,,0,02B,"SOUTH JEFFERSON ST","CABOT WY",200.00,S,N,A,-,N,,,,,,,,,,Y,3,0,1,3,A,-,08,22107,,N,C,E,A,A,H,-,C,D,0,,,,,Y,,D,22,0,1,0,0,0,0,0,0,0,"- ","- ",,,NAPA,NAPA,-122.29317474365234,38.279281616210938
8959214,2019,2019-11-05,2802,2019-10-09,1558,320501,36,3,5,5,2802,0,0,0,,0,01A,"BROWN ST","VALLEJO ST",0.00,,Y,A,-,N,,,,,,,,,,Y,3,0,2,2,A,-,12,22450,A,N,D,C,A,A,H,-,A,D,0,,,,,Y,,A,01,0,1,1,0,0,0,0,0,0,"- ","- ",,,NAPA,NAPA,-122.28974914550781,38.302921295166016
8959222,2019,2019-11-05,2802,2019-10-04,1523,189,35,5,5,5,2802,0,0,0,,0,01A,"CALIFORNIA BL","CLAY ST",500.00,N,N,A,-,N,,,,,,,,,,Y,4,0,1,3,A,-,03,22350,,N,C,C,A,A,H,-,A,D,0,,,,,Y,,A,01,0,0,1,0,0,0,0,0,0,"- ","- ",,,NAPA,NAPA,-122.30052947998047,38.300346374511719
8959226,2019,2019-11-05,2802,2019-10-15,1350,320501,47,2,5,5,2802,0,0,0,,0,01B,"LOCUST ST","S MONTGOMERY ST",0.00,,Y,A,-,N,,,,,,,,,,Y,4,0,2,2,A,-,12,22450,A,N,D,C,A,A,H,-,A,A,0,,,,,Y,,A,01,0,0,2,0,0,0,0,0,0,"- ","- ",,,NAPA,NAPA,-122.29640960693359,38.284641265869141
8959534,2019,2020-02-25,2802,2019-10-22,2241,320287,58,2,5,5,2802,0,0,0,,0,04A,"RT 29","TROWER AV",20.00,S,N,A,-,Y,NAP,4,29,-,-,13.850,H,-,N,Y,4,0,1,2,A,-,01,23152,A,N,C,C,A,A,H,-,C,A,0,,,,,Y,Y,D,22,0,0,1,0,0,0,0,0,0,"- ","- ",,,NAPA,NAPA,-122.31684875488281,38.330455780029297
8959604,2019,2019-11-04,2802,2019-10-21,1200,320501,19,1,5,5,2802,0,0,0,,0,04A,"DRY CREEK RD","REDWOOD RD",0.00,,Y,A,-,N,,,,,,,,,,Y,4,0,1,2,A,-,03,22350,,N,C,C,A,A,H,-,A,A,0,,,,,Y,,A,01,0,0,1,0,0,0,0,0,0,"- ","- ",,,NAPA,NAPA,-122.32716369628906,38.317890167236328
8959612,2019,2019-11-04,2802,2019-10-17,1830,320497,46,4,5,5,2802,0,0,0,,0,04B,"S FREEWAY DR","W IMOLA AV",450.00,N,N,A,-,N,,,,,,,,,,Y,2,0,2,2,A,-,01,23152,B,N,E,I,A,A,H,-,B,D,0,,,,,Y,Y,A,01,1,1,0,0,0,0,0,0,0,"- ","- ",,,NAPA,NAPA,-122.30194854736328,38.282924652099609
8959616,2019,2019-11-04,2802,2019-10-17,0825,320501,3,4,5,5,2802,0,0,0,,0,003,"EL CENTRO AV","VERBENA ST",40.00,E,N,A,-,N,,,,,,,,,,N,4,0,2,3,A,-,10,21950,A,N,G,B,B,A,H,-,A,A,0,Y,,,,Y,,A,01,0,0,2,0,2,0,0,0,0,"- ","- ",,,NAPA,NAPA,-122.31293487548828,38.336410522460938
8959670,2019,2019-11-01,2802,2019-08-11,1446,320457,34,7,5,5,2802,0,0,0,,0,04B,"1ST ST","CHELSEA AV",250.00,E,N,A,-,N,,,,,,,,,,Y,3,0,3,2,A,-,09,21800,A,N,D,C,A,A,H,-,A,D,0,,,,,Y,,A,01,0,2,1,0,0,0,0,0,0,"- ","- ",,,NAPA,NAPA,-122.31035614013672,38.300548553466797
8962572,2019,2019-10-25,2802,2019-10-09,1012,320501,11,3,5,5,2802,0,0,0,,0,003,"CALIFORNIA BL","TRANCAS ST",0.00,,Y,A,-,N,,,,,,,,,,Y,4,0,2,2,A,-,12,21453,A,N,D,C,A,A,H,-,A,A,0,,,,,Y,,A,01,0,0,2,0,0,0,0,0,0,"- ","- ",,,NAPA,NAPA,-122.30586242675781,38.321800231933594
8962580,2019,2019-10-25,2802,2019-10-06,1800,320108,0,7,5,5,2802,0,0,0,,0,,"JEFFERSON ST","LINCOLN AV",0.00,,Y,B,-,N,,,,,,,,,,Y,3,0,1,2,A,-,01,23152,B,N,C,C,A,A,H,-,A,A,0,,,Y,,Y,Y,C,02,0,1,0,0,0,0,0,0,1,"- ","- ",,,NAPA,NAPA,-122.29573059082031,38.30841064453125
8962588,2019,2019-10-25,2802,2019-10-05,0842,185,42,6,5,5,2802,0,0,0,,0,04B,"ELM ST","ROOSEVELT ST",0.00,,Y,A,-,N,,,,,,,,,,N,4,0,1,2,A,-,12,22450,A,N,D,C,A,A,H,-,A,D,0,,,,,Y,,A,01,0,0,1,0,0,0,0,0,0,"- ","- ",,,NAPA,NAPA,-122.30835723876953,38.289890289306641
8964236,2019,2020-09-16,2802,2019-09-14,1947,320455,33,6,5,5,2802,0,0,0,,0,02A,"SILVERADO TRL","HIGHLAND DR",0.00,,Y,A,-,Y,NAP,4,121,-,-,7.960,I,5,S,Y,2,0,1,3,A,-,01,23152,A,N,C,C,A,A,-,-,C,D,0,,,Y,,Y,Y,A,01,1,0,0,0,0,0,0,0,1,"- ","- ",,,NAPA,NAPA,-122.27761840820312,38.306911468505859
8964240,2019,2020-09-16,2802,2019-09-23,1104,320447,58,1,5,5,2802,0,0,0,,0,04A,"W IMOLA AV","RT 29",0.00,,Y,A,-,Y,NAP,4,121,-,R,4.497,R,4,N,Y,4,0,1,2,A,-,12,21453,A,N,D,C,A,A,H,-,A,A,0,,,,,Y,,A,01,0,0,1,0,0,0,0,0,0,"- ","- ",,,NAPA,NAPA,-122.30282592773438,38.257595062255859
8964812,2019,2019-11-25,2802,2019-10-05,2153,320455,8,6,5,5,2802,0,0,0,,0,04A,"DRY CREEK RD","TROWER AV",0.00,,N,A,-,N,,,,,,,,,,Y,3,0,2,2,A,-,01,23152,A,N,E,I,A,A,H,-,D,D,0,,,,,Y,Y,A,01,0,1,1,0,0,0,0,0,0,"- ","- ",,,NAPA,NAPA,-122.33209228515625,38.322799682617188
8966325,2019,2019-11-07,2803,2019-10-01,0815,20,,2,5,2,2803,0,0,0,,0,,"OAK AV","MADRONA AV",0.00,,Y,A,-,N,,,,,,,,,,N,4,0,1,2,A,-,09,21800,A,N,D,C,A,A,H,-,A,A,0,,,,,Y,,A,07,0,0,1,0,0,0,0,0,0,"- ","- ",38.506160736083984,-122.47384643554688,NAPA,"SAINT HELENA",-122.47384643554688,38.506160736083984
8966426,2019,2019-11-04,2803,2019-10-03,1018,30,,4,5,2,2803,0,0,0,,0,,"MAIN ST","SPRING ST",188.00,S,N,A,-,N,,,,,,,,,,N,4,0,1,2,A,-,03,22350,,N,C,C,A,A,H,-,A,A,0,,,,,Y,,A,01,0,0,1,0,0,0,0,0,0,"- ","- ",38.502719879150391,-122.46772766113281,NAPA,"SAINT HELENA",-122.46742248535156,38.5035400390625
8968416,2019,2019-11-12,2800,2019-10-19,1208,250481,20207,6,5,2,2805,0,0,0,,0,002,"KIMBERLY DR","TYLER CT",0.00,,Y,A,-,N,,,,,,,,,,Y,3,0,1,2,A,-,09,21801,A,N,D,C,A,A,H,-,A,D,0,,,Y,,Y,,A,07,0,1,0,0,0,0,0,0,1,"- ","- ",,,NAPA,"AMERICAN CANYON",-122.25520324707031,38.158771514892578