CASE_ID,ACCIDENT_YEAR,PROC_DATE,JURIS,COLLISION_DATE,COLLISION_TIME,OFFICER_ID,REPORTING_DISTRICT,DAY_OF_WEEK,CHP_SHIFT,POPULATION,CNTY_CITY_LOC,SPECIAL_COND,BEAT_TYPE,CHP_BEAT_TYPE,CITY_DIVISION_LAPD,CHP_BEAT_CLASS,BEAT_NUMBER,PRIMARY_RD,SECONDARY_RD,DISTANCE,DIRECTION,INTERSECTION,WEATHER_1,WEATHER_2,STATE_HWY_IND,CALTRANS_COUNTY,CALTRANS_DISTRICT,STATE_ROUTE,ROUTE_SUFFIX,POSTMILE_PREFIX,POSTMILE,LOCATION_TYPE,RAMP_INTERSECTION,SIDE_OF_HWY,TOW_AWAY,COLLISION_SEVERITY,NUMBER_KILLED,NUMBER_INJURED,PARTY_COUNT,PRIMARY_COLL_FACTOR,PCF_CODE_OF_VIOL,PCF_VIOL_CATEGORY,PCF_VIOLATION,PCF_VIOL_SUBSECTION,HIT_AND_RUN,TYPE_OF_COLLISION,MVIW,PED_ACTION,ROAD_SURFACE,ROAD_COND_1,ROAD_COND_2,LIGHTING,CONTROL_DEVICE,CHP_ROAD_TYPE,PEDESTRIAN_ACCIDENT,BICYCLE_ACCIDENT,MOTORCYCLE_ACCIDENT,TRUCK_ACCIDENT,NOT_PRIVATE_PROPERTY,ALCOHOL_INVOLVED,STWD_VEHTYPE_AT_FAULT,CHP_VEHTYPE_AT_FAULT,COUNT_SEVERE_INJ,COUNT_VISIBLE_INJ,COUNT_COMPLAINT_PAIN,COUNT_PED_KILLED,COUNT_PED_INJURED,COUNT_BICYCLIST_KILLED,COUNT_BICYCLIST_INJURED,COUNT_MC_KILLED,COUNT_MC_INJURED,PRIMARY_RAMP,SECONDARY_RAMP,LATITUDE,LONGITUDE,COUNTY,CITY,POINT_X,POINT_Y
90110310,2016,2016-02-05,9325,2016-02-04,0844,019024,,4,1,9,2800,0,1,3,,2,071,SR-121,"OLD SONOMA RD",528.00,N,N,A,-,Y,,,121,,,,,,,Y,4,0,2,2,A,-,03,22350,,N,C,C,A,A,H,-,A,D,0,,,,,Y,,D,22,0,0,2,0,0,0,0,0,0,"- ","- ",38.255020000000002,-122.34008,NAPA,UNINCORPORATED,-122.34009545000001,38.254937009999999
90110839,2016,2016-02-08,9365,2016-01-29,0545,017735,,5,3,9,2800,0,1,1,,2,082,"I-80 W/B","AMERICAN CYN OVERCROSSING",1584.00,W,N,B,C,Y,,,,,,,,,,Y,4,0,1,1,A,-,08,22107,,N,E,I,A,B,H,-,D,D,0,,,,,Y,,A,01,0,0,1,0,0,0,0,0,0,"- ","- ",38.095100000000002,-122.1228,NAPA,UNINCORPORATED,,
90111547,2016,2016-02-09,9325,2016-01-22,0525,019024,,5,3,5,2802,0,1,3,,1,011,"SR-29 N/B",SR-121,5280.00,N,N,B,C,Y,,,,,,,,,,Y,3,0,1,1,A,-,01,23152,E,N,E,I,A,B,H,-,D,D,0,,,,,Y,,A,07,0,1,0,0,0,0,0,0,0,"- ","- ",38.271149999999999,-122.2984,NAPA,NAPA,-122.30024,38.28192
90112345,2016,2016-02-10,9325,2016-02-09,1700,012689,,2,2,9,2800,0,2,4,,1,023,"SILVERADO TRAIL S/B","YOUNTVILLE CROSS RD",4224.00,S,N,A,-,N,,,,,,,,,,N,4,0,2,2,A,-,03,22350,,N,C,C,A,A,H,-,A,D,0,,,,,Y,,A,01,0,0,2,0,0,0,0,0,0,"- ","- ",38.417279999999998,-122.33695,NAPA,UNINCORPORATED,-122.33688251,38.417109889999999
90112800,2016,2016-02-10,9325,2016-02-05,1828,019847,,5,2,9,2800,0,1,3,,1,044,SR-29,"OLD LAWLEY TOLL RD",4752.00,N,N,A,-,Y,,,,,,,,,,Y,4,0,1,2,A,-,05,21460,A,N,A,C,A,A,H,-,D,D,0,,,,,Y,,A,01,0,0,1,0,0,0,0,0,0,"- ","- ",38.384720000000002,-122.35276,NAPA,UNINCORPORATED,-122.60248033000001,38.632202339999999
90112951,2016,2016-02-10,9325,2016-02-05,1545,018379,,5,2,5,2802,0,1,3,,1,022,SR-29,"LINCOLN AVE",600.00,S,N,A,-,Y,,,29,,,,,,,Y,3,0,1,2,A,-,04,21703,,N,C,C,A,A,H,-,A,D,0,,,,,Y,,A,08,0,1,0,0,0,0,0,0,0,"- ","- ",38.304220000000001,-122.30421,NAPA,NAPA,-122.30411094999999,38.304242500000001
90113021,2016,2016-02-10,9325,2016-01-28,0620,015674,,4,1,9,2800,0,1,3,,1,031,SR-29,"DWYER RD",0.00,,Y,A,B,Y,,,29,,,,,,,Y,3,0,1,2,A,-,09,21801,A,N,D,C,A,B,H,-,D,A,0,,,,,Y,,D,22,0,1,0,0,0,0,0,0,0,"- ","- ",38.423560000000002,-122.3913,NAPA,UNINCORPORATED,-122.39119223,38.423650309999999
90113458,2016,2016-02-11,9325,2016-01-27,1222,015674,,3,1,9,2800,0,2,4,,1,023,"SILVERADO TRAIL","YOUNTVILLE CROSS RD",613.00,S,N,A,-,N,,,,,,,,,,N,2,0,1,1,A,-,08,22107,,N,H,G,A,A,H,-,A,D,0,,Y,,,Y,,L,04,1,0,0,0,0,0,1,0,0,"- ","- ",38.426250000000003,-122.3398,NAPA,UNINCORPORATED,-122.33987291,38.426328939999998
90114102,2016,2016-02-12,9325,2016-02-05,1240,019659,,5,1,9,2800,0,1,3,,1,044,"SR-29 S/B","ROBERT LOUIS STEVENSON",1056.00,N,N,A,-,Y,,,29,,,,,,S,Y,3,0,1,1,A,-,08,22107,,N,E,I,A,A,H,-,A,D,0,,,,,Y,Y,D,22,0,1,0,0,0,0,0,0,0,"- ","- ",38.663679999999999,-122.59965,NAPA,UNINCORPORATED,-122.59972973000001,38.663818880000001
90115383,2016,2016-02-16,9325,2016-02-06,1326,019847,,6,1,9,2800,0,1,3,,1,030,SR-128,"LONG RANCH ROAD",1056.00,E,N,A,-,Y,,,,,,,,,,Y,3,0,1,1,A,-,03,22350,,N,F,A,A,A,H,-,A,D,0,,,Y,,Y,,C,02,0,1,0,0,0,0,0,0,1,"- ","- ",38.291330000000002,-122.21125000000001,NAPA,UNINCORPORATED,,
90115384,2016,2016-04-08,9325,2016-02-04,1230,018379,,4,1,9,2800,0,1,3,,1,013,SR-221,"KAISER RD",600.00,N,N,A,-,Y,,,221,,,,,,,Y,4,0,2,4,A,-,03,22350,,N,C,C,A,A,D,-,A,A,0,,,,,Y,,A,01,0,0,2,0,0,0,0,0,0,"- ","- ",38.262210000000003,-122.27108,NAPA,UNINCORPORATED,-122.27097575000001,38.262205889999997
90115392,2016,2016-02-16,9325,2016-02-08,0730,017575,,1,1,9,2800,0,1,3,,1,011,"SR-29 S/B",SR-12,1056.00,N,N,A,-,Y,,,29,,,,,,S,Y,3,0,2,3,A,-,03,22350,,N,C,C,A,A,H,-,A,A,0,,,,,Y,,A,01,0,1,1,0,0,0,0,0,0,"- ","- ",38.225830000000002,-122.25816,NAPA,UNINCORPORATED,-122.25823461,38.225824299999999
90118866,2016,2016-02-18,9325,2016-02-12,0855,019659,,5,1,9,2800,0,3,5,,2,004,"TUBBS LANE","BENNETT LN",1056.00,E,N,A,-,N,,,,,,,,,,Y,4,0,1,1,A,-,08,22107,,N,E,I,A,A,H,-,A,D,0,,,,,Y,,D,22,0,0,1,0,0,0,0,0,0,"- ","- ",38.602220000000003,-122.59743,NAPA,UNINCORPORATED,-122.59813875,38.60122509
90118870,2016,2016-02-18,9325,2016-02-13,1100,019659,,6,1,9,2800,0,2,4,,2,032,"SILVERADO TRL","MEADOWOOD LN",1056.00,N,N,A,-,N,,,,,,,,,,Y,3,0,1,1,A,-,08,22107,,N,E,I,A,A,H,-,A,D,0,,,,,Y,,A,01,0,1,0,0,0,0,0,0,0,"- ","- ",35.51773,-122.46487999999999,NAPA,UNINCORPORATED,-122.46457319,38.517613560000001
90119441,2016,2016-02-22,9325,2016-02-06,1258,018900,,6,1,9,2800,0,1,3,,1,030,SR-128,"CHILES POPE VALLEY RD",15840.00,E,N,A,-,Y,,,128,,,,,,,Y,4,0,1,1,A,-,08,22107,,N,F,A,A,A,H,-,A,D,0,,,Y,,Y,,C,02,0,0,1,0,0,0,0,0,1,"- ","- ",38.490090000000002,-122.29640000000001,NAPA,UNINCORPORATED,-122.29639874999999,38.490089019999999
90119659,2016,2016-02-22,9325,2016-02-14,1648,019847,,7,2,9,2800,0,1,3,,1,031,"SR-29 S/B","MANLEY LANE",43.00,S,N,A,-,Y,,,,,,,,,,Y,2,0,2,2,A,-,03,22350,,N,C,C,A,A,H,-,A,D,0,,,Y,,Y,,C,02,1,1,0,0,0,0,0,0,2,"- ","- ",38.270740000000004,-122.24596,NAPA,UNINCORPORATED,,
90119715,2016,2016-02-22,9325,2016-02-12,1531,018379,,5,2,9,2800,0,1,3,,1,011,SR-29,SR-221,700.00,S,N,A,-,Y,,,29,,,,,,,Y,4,0,1,2,A,-,03,22350,,N,C,C,A,A,H,-,A,D,0,,,,,Y,,A,01,0,0,1,0,0,0,0,0,0,"- ","- ",38.239040000000003,-122.26606,NAPA,UNINCORPORATED,-122.2660133,38.239091600000002
90119719,2016,2016-02-22,9325,2016-02-06,1624,018379,,6,2,5,2802,0,1,3,,1,022,"SR-29 N/B TO FIRST STREET","1ST ST",10.00,S,N,A,-,Y,,,29,,,,R,,N,N,4,0,5,2,A,-,03,22350,,M,C,C,A,A,H,-,A,A,0,,,,,Y,,D,22,0,0,5,0,0,0,0,0,0,"- ","- ",38.298349999999999,-122.30056999999999,NAPA,NAPA,-122.30056999999999,38.298349999999999
90119730,2016,2016-02-22,9325,2016-02-07,1538,018379,,7,2,9,2800,0,2,4,,1,042,"SILVERADO TRAIL","TAPLIN RD",1056.00,N,N,A,-,N,,,,,,,,,,Y,3,0,1,2,A,-,05,21460,A,N,B,C,A,A,H,-,A,D,0,,,,,Y,Y,A,07,0,1,0,0,0,0,0,0,0,"- ","- ",38.570869999999999,-122.43415,NAPA,UNINCORPORATED,-122.43401045,38.503364849999997
9012074,2019,2020-06-24,2801,2019-12-20,1200,181,1,5,5,2,2801,0,0,0,,0,,"RT 29","WASHINGTON ST",0.00,,Y,A,-,Y,NAP,4,29,-,-,37.140,I,6,S,N,2,0,1,2,A,-,10,21950,,N,G,B,B,A,H,-,A,A,0,Y,,,,Y,,A,01,1,0,0,0,1,0,0,0,0,"- ","- ",,,NAPA,CALISTOGA,-122.57889556884766,38.578876495361328
90121338,2016,2016-02-23,9325,2016-02-12,0952,019024,,5,1,9,2800,0,1,3,,1,021,SR-121,"WOODSIDE DR",40.00,N,N,A,-,Y,,,121,,,,,,,Y,3,0,1,2,A,-,03,22350,,N,C,C,A,A,H,-,A,D,0,,,,,Y,,A,01,0,1,0,0,0,0,0,0,0,"- ","- ",38.328310000000002,-122.27119999999999,NAPA,UNINCORPORATED,-122.27115603999999,38.328255310000003
90121504,2016,2016-02-23,9325,2016-02-18,1850,013434,,4,2,9,2800,0,1,3,,1,044,SR-29,"TUBBS LANE",26400.00,N,N,C,-,Y,,,29,,,,,,,Y,4,0,1,1,A,-,03,22350,,N,E,I,A,B,H,-,D,D,0,,,,,Y,,D,22,0,0,1,0,0,0,0,0,0,"- ","- ",38.642490000000002,-122.59332999999999,NAPA,UNINCORPORATED,-122.59332488,38.642502579999999
90122140,2016,2016-02-23,9325,2016-02-16,1745,012689,,2,2,5,2802,0,1,3,,1,022,"SR-29 N/B","LINCOLN AVE",980.00,S,N,A,-,Y,,,29,,,,,,N,Y,4,0,1,1,C,-,18,,,N,E,I,A,A,H,-,C,D,0,,,,,Y,,-,"- ",0,0,1,0,0,0,0,0,0,"- ","- ",38.304090000000002,-122.30381,NAPA,NAPA,-122.3038318,38.304083650000003
9012233,2020,2020-11-20,2802,2020-01-02,1843,320447,59,4,5,5,2802,0,0,0,,0,04B,"RT 29","RT 12",350.00,N,N,A,-,Y,NAP,4,29,-,R,8.730,H,-,S,Y,4,0,2,4,A,-,03,22350,,N,C,C,A,A,H,-,D,D,0,,,,,Y,,A,07,0,0,2,0,0,0,0,0,0,"- ","- ",,,NAPA,NAPA,-122.30229187011719,38.258533477783203
9012234,2020,2020-09-24,2800,2020-01-07,1758,250301,10204,2,5,2,2805,0,0,0,,0,001,BROADWAY,"NAPA JUNCTION RD",0.00,,Y,A,-,Y,NAP,4,29,-,R,2.060,H,-,S,N,4,0,1,2,A,-,03,22350,,N,C,C,A,A,H,-,C,A,0,,,,,Y,,A,01,0,0,1,0,0,0,0,0,0,"- ","- ",,,NAPA,"AMERICAN CANYON",-122.25546264648438,38.184913635253906
90122448,2016,2016-02-24,9325,2016-02-18,1235,017575,,4,1,9,2800,0,1,3,,1,011,"SR-29 S/B","SOSCOL FERRY RD",1320.00,S,N,B,-,Y,,,29,,,,,,S,Y,3,0,1,2,A,-,03,22350,,N,C,C,A,B,H,-,A,D,0,,,,,Y,,A,01,0,1,0,0,0,0,0,0,0,"- ","- ",38.238790000000002,-122.26609999999999,NAPA,UNINCORPORATED,-122.26604638000001,38.238854019999998
90122464,2016,2016-02-24,9325,2016-02-17,1330,015674,,3,1,9,2800,0,1,3,,1,041,SR-29,"DEER PARK RD",0.00,,Y,A,-,Y,,,29,,,,,,,Y,3,0,2,3,A,-,09,21802,A,N,D,C,A,A,H,-,A,D,0,,,,,Y,,A,01,0,1,1,0,0,0,0,0,0,"- ","- ",38.517859999999999,-122.48837,NAPA,UNINCORPORATED,-122.48837915999999,38.517843169999999
90122840,2016,2016-02-24,9325,2016-02-19,0955,019024,,5,1,9,2800,0,1,3,,1,044,SR-29,"TUBBS LN",38544.00,N,N,B,C,Y,,,29,,,,,,,Y,4,0,2,1,A,-,08,22107,,N,E,I,A,B,H,-,A,D,0,,,,,Y,,A,07,0,0,2,0,0,0,0,0,0,"- ","- ",38.664540000000002,-122.59838000000001,NAPA,UNINCORPORATED,-122.59842663000001,38.664525279999999
90123614,2016,2016-02-25,9325,2016-02-22,1235,014728,,1,1,9,2800,0,1,3,,1,011,"SR-29 S/B FROM AIRPORT BLVD","AIRPORT BLVD.",80.00,S,N,A,-,Y,,,29,,,,R,,S,N,4,0,1,2,A,-,03,22350,,N,C,C,A,A,H,-,A,A,0,,,,,Y,,A,01,0,0,1,0,0,0,0,0,0,"- ","- ",38.222569999999997,-122.25906999999999,NAPA,UNINCORPORATED,-122.25906999999999,38.222569999999997
90123630,2016,2016-02-25,9325,2016-02-24,1835,013434,,3,2,9,2800,0,1,3,,1,044,SR-29,"TUBBS LANE",22176.00,N,N,A,-,Y,,,29,,,,,,,Y,4,0,1,2,A,-,05,21460,A,N,A,C,A,A,H,-,D,D,0,,,,,Y,,A,07,0,0,1,0,0,0,0,0,0,"- ","- ",38.645350000000001,-122.59049,NAPA,UNINCORPORATED,-122.59048875000001,38.64537241
90123870,2016,2016-02-25,9325,2016-02-19,1322,019024,,5,1,9,2800,0,1,3,,1,044,SR-29,"TUBBS LN",32208.00,N,N,B,C,Y,,,29,,,,,,,Y,4,0,1,1,A,-,08,22107,,N,E,I,A,B,H,-,A,D,0,,,,,Y,,A,01,0,0,1,0,0,0,0,0,0,"- ","- ",38.65502,-122.59875,NAPA,UNINCORPORATED,-122.59874056,38.655006849999999
90123970,2016,2016-02-25,9325,2016-02-18,1020,017575,,4,1,9,2800,0,3,5,,2,002,"SODA CANYON RD","LOMA VISTA DR",50.00,E,N,B,-,N,,,,,,,,,,Y,3,0,2,1,A,-,08,22107,,N,E,I,A,B,C,-,A,D,0,,,,,Y,,A,01,0,1,1,0,0,0,0,0,0,"- ","- ",38.376609999999999,-122.28216999999999,NAPA,UNINCORPORATED,-122.28208712999999,38.37621687
90124652,2016,2016-02-26,9325,2016-02-20,0600,019024,,6,1,9,2800,0,1,3,,1,080,SR-128,SR-121,0.00,,Y,E,-,Y,,,128,,,,,,,N,4,0,1,1,A,-,03,22350,,N,E,I,A,B,H,-,A,A,0,,,,,Y,,A,01,0,0,1,0,0,0,0,0,0,"- ","- ",38.445489999999999,-122.19653,NAPA,UNINCORPORATED,-122.19646926,38.445577020000002
90127325,2016,2016-03-02,9325,2016-02-18,1700,017746,,4,2,9,2800,0,1,3,,1,044,SR-29,"OLD LAWLEY TOLL RD",10560.00,N,N,B,C,Y,,,29,,,,,,,Y,4,0,1,2,A,-,05,21460,A,N,A,C,A,B,H,-,A,D,0,,,,,Y,,A,01,0,0,1,0,0,0,0,0,0,"- ","- ",38.650019999999998,-122.59788,NAPA,UNINCORPORATED,-122.59788656000001,38.650015949999997
90128319,2016,2016-03-03,9325,2016-02-27,1510,019847,,6,2,9,2800,0,1,3,,1,022,"SR-29 N/B","HOFFMAN LN",528.00,S,N,A,-,Y,,,,,,,,,,Y,4,0,1,1,A,-,08,22107,,N,E,I,A,A,H,-,A,D,0,,,,,Y,,A,01,0,0,1,0,0,0,0,0,0,"- ","- ",38.230510000000002,-122.20547000000001,NAPA,UNINCORPORATED,,
90128324,2016,2016-03-03,9325,2016-02-27,1540,019847,,6,2,9,2800,0,1,3,,1,044,SR-29,"LIVERMORE ROAD",2112.00,S,N,A,-,Y,,,29,,,,,,,Y,3,0,1,1,A,-,03,22350,,N,F,A,A,A,H,-,A,D,0,,,Y,,Y,,C,02,0,1,0,0,0,0,0,0,1,"- ","- ",38.660220000000002,-122.59816000000001,NAPA,UNINCORPORATED,-122.59818015,38.660186039999999
90129287,2016,2016-03-04,9325,2016-02-26,1124,019024,,5,1,9,2800,0,2,4,,1,034,"DEER PARK RD","WHITE COTTAGE RD  S",528.00,W,N,A,-,N,,,,,,,,,,N,3,0,1,1,A,-,03,22350,,N,H,G,A,A,A,-,A,D,0,,Y,,,Y,,L,04,0,1,0,0,0,0,1,0,0,"- ","- ",38.55377,-122.45898,NAPA,UNINCORPORATED,-122.45840465000001,38.553340679999998
90131894,2016,2016-03-08,9325,2016-03-01,1555,013434,,2,2,9,2800,0,1,3,,1,011,"SR-29 S/B",SR-121,760.00,N,N,A,B,Y,,,,,,,,,,Y,3,0,2,3,A,-,03,22350,,N,C,C,A,A,H,-,A,A,0,,,,,Y,,A,01,0,1,1,0,0,0,0,0,0,"- ","- ",38.259590000000003,-122.3914,NAPA,UNINCORPORATED,-122.30063783,38.284475540000003
90131938,2016,2016-03-08,9325,2016-03-02,1305,013434,,3,1,5,2802,0,1,3,,1,022,"SR-29 (N/B) FROM IMOLA AVE","IMOLA AVE",10.00,N,N,A,-,Y,,,29,,,,R,,,Y,4,0,2,2,A,-,03,22350,,N,C,C,A,A,H,-,A,D,0,,,,,Y,,A,01,0,0,2,0,0,0,0,0,0,"- ","- ",38.282060000000001,-122.29918000000001,NAPA,NAPA,-122.29918000000001,38.282060000000001
9013231,2019,2020-02-06,2803,2019-12-21,0900,14,,6,5,2,2803,0,0,0,,0,,"STOCKTON ST","ADAMS ST",185.00,N,N,A,-,N,,,,,,,,,,Y,4,0,1,2,A,-,21,22106,,N,B,C,A,A,H,-,A,D,0,,,,,Y,,A,01,0,0,1,0,0,0,0,0,0,"- ","- ",38.50244140625,-122.47438812255859,NAPA,"SAINT HELENA",-122.47391510009766,38.502376556396484
90132968,2016,2016-03-09,9325,2016-03-04,0740,019659,,5,1,9,2800,0,3,5,,1,008,"CHILES POPE VALLEY RD","LOWER CHILES VALLEY RD",1584.00,N,N,B,-,N,,,,,,,,,,Y,3,0,1,3,A,-,08,22107,,N,D,C,A,B,H,-,A,D,0,,,,,Y,,A,01,0,1,0,0,0,0,0,0,0,"- ","- ",38.535449999999997,-122.337,NAPA,UNINCORPORATED,-122.33784146000001,38.539623399999996
90133082,2016,2016-03-09,9325,2016-03-05,1228,019024,,6,1,9,2800,0,1,3,,1,022,"SR-29 N/B","OAK KNOLL AVE",528.00,S,N,B,C,Y,,,29,,,,,,N,Y,4,0,5,2,A,-,03,22350,,N,C,C,A,B,H,-,A,A,0,,,,,Y,,D,22,0,0,5,0,0,0,0,0,0,"- ","- ",38.351950000000002,-122.33077,NAPA,UNINCORPORATED,-122.33073898000001,38.351966230000002
90134097,2016,2016-03-17,9325,2016-03-02,2343,018108,,3,3,9,2800,0,1,3,,1,011,SR-29,SR-12,0.00,,Y,B,-,Y,,,29,,,,,,,Y,3,0,2,2,A,-,09,21453,C,N,D,C,A,A,H,-,C,A,0,,,,,Y,,A,07,0,1,1,0,0,0,0,0,0,"- ","- ",38.223179999999999,-122.25789,NAPA,UNINCORPORATED,-122.25778658,38.22318696
9013442,2019,2020-01-14,2802,2019-10-15,0114,320081,15,2,5,5,2802,0,0,0,,0,04B,"BUHMAN AV","BUHMAN 1261",0.00,,N,A,-,N,,,,,,,,,,Y,4,0,1,1,A,-,05,21650,,N,E,I,A,A,H,-,D,D,0,,,,,Y,,D,22,0,0,1,0,0,0,0,0,0,"- ","- ",,,NAPA,NAPA,-122.34185100000001,38.299515
90136449,2016,2016-03-15,9325,2016-03-09,0540,017519,,3,3,9,2800,0,1,3,,2,071,SR-121,"OLD SONOMA HWY",30.00,S,N,C,-,Y,,,121,,,,,,,Y,2,0,1,2,A,-,21,22106,,N,D,C,A,B,H,-,C,D,0,,,,,Y,,A,01,1,0,0,0,0,0,0,0,0,"- ","- ",38.25461,-122.33629000000001,NAPA,UNINCORPORATED,-122.33628529000001,38.254567799999997
90136478,2016,2016-03-15,9325,2016-02-29,0610,015674,,1,1,9,2800,0,1,3,,1,030,SR-128,"CHILES POPE VALLEY RD",2112.00,W,N,B,-,Y,,,128,,,,,,,Y,3,0,2,1,A,-,03,22350,,N,E,I,A,A,H,-,C,D,0,,,,,Y,,A,07,0,2,0,0,0,0,0,0,0,"- ","- ",38.486629999999998,-122.35355,NAPA,UNINCORPORATED,-122.35356188,38.486633449999999
90136500,2016,2016-03-15,9325,2016-02-29,0740,015674,,1,1,9,2800,0,3,5,,1,008,"CHILES POPE VALLEY RD","LOWER CHILES VALLEY RD",11616.00,N,N,A,-,N,,,,,,,,,,Y,3,0,2,2,A,-,03,22350,,N,C,C,A,A,H,-,A,D,0,,,,,Y,,A,01,0,1,1,0,0,0,0,0,0,"- ","- ",38.556699999999999,-122.36962,NAPA,UNINCORPORATED,-122.36538849,38.55568324
90136785,2016,2016-03-15,9325,2016-03-11,2255,019972,,5,3,9,2800,0,2,4,,2,032,"SILVERADO TRAIL","TAPLIN RD.",1056.00,N,N,B,-,N,,,,,,,,,,Y,3,0,1,1,A,-,08,22107,,N,E,I,A,B,H,-,D,D,0,,,,,Y,,A,01,0,1,0,0,0,0,0,0,0,"- ","- ",38.301340000000003,-122.2633,NAPA,UNINCORPORATED,-122.43401045,38.503364849999997
90137771,2016,2016-03-16,9365,2016-03-10,1550,015536,,4,2,9,2800,0,2,4,,1,032,"AMERICAN CANYON RD","CANYON RD.",1758.00,W,N,B,C,N,,,,,,,,,,Y,4,0,1,3,A,-,03,22350,,N,C,C,A,B,H,-,A,D,0,,,,,Y,,D,22,0,0,1,0,0,0,0,0,0,"- ","- ",38.162990000000001,-122.21646,NAPA,UNINCORPORATED,-122.21651543999999,38.163185409999997
90138602,2016,2016-03-17,9325,2016-03-16,1640,013434,,3,2,9,2800,0,1,3,,1,011,SR-29,SR-221,2640.00,S,N,A,-,Y,,,29,,,,,,,Y,4,0,1,3,A,-,07,21658,A,N,B,C,A,A,H,-,A,D,0,,,Y,,Y,,A,01,0,0,1,0,0,0,0,0,1,"- ","- ",38.23592,-122.26276,NAPA,UNINCORPORATED,-122.26269103999999,38.236001590000001
90139096,2016,2016-03-17,9325,2016-03-14,1435,015447,,1,2,9,2800,0,1,3,,1,041,SR-29,"LARKMEAD LANE",83.00,N,N,A,-,Y,,,29,,,,,,,Y,3,0,3,2,A,-,05,21460,A,N,A,C,A,A,H,-,A,D,0,,,,,Y,,I,09,0,1,2,0,0,0,0,0,0,"- ","- ",38.553730000000002,-122.52648000000001,NAPA,UNINCORPORATED,-122.52645784000001,38.553775109999997
90139212,2016,2016-03-18,9325,2016-03-15,0835,014728,,2,1,9,2800,0,2,4,,2,032,"SILVERADO TRL","POPE ST.",5280.00,N,N,A,-,N,,,,,,,,,,N,4,0,1,2,A,-,03,22350,,N,C,C,A,A,H,-,A,D,0,,,,,Y,,A,08,0,0,1,0,0,0,0,0,0,"- ","- ",38.519240000000003,-122.45756,NAPA,UNINCORPORATED,-122.47051690000001,38.519601250000001
90139321,2016,2016-03-18,9325,2016-03-16,1736,015447,,3,2,9,2800,0,1,3,,1,031,"SR-29 S/B",SR-128,1584.00,N,N,A,-,Y,,,29,,,,,,S,N,4,0,1,2,A,-,03,22350,,N,C,C,A,A,H,-,A,D,0,,,,,Y,,J,41,0,0,1,0,0,0,0,0,0,"- ","- ",38.46302,-122.42628999999999,NAPA,UNINCORPORATED,-122.42624306,38.46305358
90139790,2016,2016-03-21,9325,2016-03-11,2110,020257,,5,2,9,2800,0,1,3,,1,044,"SR-29 N/B","TUBBS LN",17952.00,N,N,B,-,Y,,,,,,,,,,Y,2,0,1,2,A,-,03,22350,,N,A,C,A,B,H,-,D,D,0,,,,,Y,,A,01,1,0,0,0,0,0,0,0,0,"- ","- ",38.382800000000003,-122.35475,NAPA,UNINCORPORATED,-122.59660931000001,38.641040830000001
90139792,2016,2016-03-21,9325,2016-03-13,1404,018599,,7,2,9,2800,0,1,3,,1,041,"PETRIFIED FOREST RD","FRANZ VALLEY SCHOOL RD",3907.00,W,N,C,-,N,,,,,,,,,,Y,3,0,1,1,A,-,03,22350,,N,E,I,A,B,H,-,A,D,0,,,,,Y,,K,45,0,1,0,0,0,0,0,0,0,"- ","- ",38.578919999999997,-122.61824,NAPA,UNINCORPORATED,-122.61813014000001,38.578296870000003
90139793,2016,2016-03-21,9325,2016-03-13,1645,018599,,7,2,9,2800,0,3,5,,2,002,"WOODEN VALLEY RD","WOODEN VALLEY CROSS RD",4382.00,W,N,C,-,N,,,,,,,,,,Y,4,0,2,1,A,-,03,22350,,N,E,J,A,B,H,-,A,D,0,,,,,Y,,A,01,0,0,2,0,0,0,0,0,0,"- ","- ",38.334490000000002,-122.15155,NAPA,UNINCORPORATED,-122.15095866999999,38.334174859999997
9014065,2019,2020-02-18,2802,2019-12-30,0957,320501,404,1,5,5,2802,0,0,0,,0,003,"JEFFERSON ST","SHERIDAN DR",122.00,S,N,A,-,N,,,,,,,,,,Y,3,0,1,2,A,-,03,22350,,N,C,C,A,A,H,-,A,A,0,,,,,Y,,A,01,0,1,0,0,0,0,0,0,0,"- ","- ",,,NAPA,NAPA,-122.29883575439453,38.319023132324219
90142209,2016,2016-03-23,9325,2016-03-21,0700,014728,,1,1,9,2800,0,1,3,,1,011,"SR-29 S/B",SR-221,30.00,N,N,B,C,Y,,,29,,,,,,S,Y,4,0,1,2,A,-,03,22350,,N,C,C,A,B,H,-,A,A,0,,,,,Y,,D,23,0,0,1,0,0,0,0,0,0,"- ","- ",38.241509999999998,-122.26913999999999,NAPA,UNINCORPORATED,-122.26923721,38.241337860000002
90142237,2016,2016-03-23,9325,2016-03-21,2250,018110,,1,3,9,2800,0,1,3,,1,031,SR-29,"MANLEY LN",400.00,N,N,C,-,Y,,,29,,,,,,,Y,4,0,2,1,A,-,08,22107,,N,E,I,A,B,H,-,D,D,0,,,,,Y,,A,01,0,0,2,0,0,0,0,0,0,"- ","- ",38.453319999999998,-122.41763,NAPA,UNINCORPORATED,-122.41770719,38.453246589999999
90144710,2016,2016-03-28,9325,2016-03-13,0555,019590,,7,3,9,2800,0,1,3,,2,071,SR-121,"OLD SONOMA HIGHWAY",15.00,S,N,B,-,Y,,,121,,,,,,,Y,4,0,1,1,A,-,01,23152,A,N,E,I,A,B,H,-,B,D,0,,,,,Y,Y,A,01,0,0,1,0,0,0,0,0,0,"- ","- ",38.254730000000002,-122.33614,NAPA,UNINCORPORATED,-122.3361239,38.254585820000003