CASE_ID,ACCIDENT_YEAR,PROC_DATE,JURIS,COLLISION_DATE,COLLISION_TIME,OFFICER_ID,REPORTING_DISTRICT,DAY_OF_WEEK,CHP_SHIFT,POPULATION,CNTY_CITY_LOC,SPECIAL_COND,BEAT_TYPE,CHP_BEAT_TYPE,CITY_DIVISION_LAPD,CHP_BEAT_CLASS,BEAT_NUMBER,PRIMARY_RD,SECONDARY_RD,DISTANCE,DIRECTION,INTERSECTION,WEATHER_1,WEATHER_2,STATE_HWY_IND,CALTRANS_COUNTY,CALTRANS_DISTRICT,STATE_ROUTE,ROUTE_SUFFIX,POSTMILE_PREFIX,POSTMILE,LOCATION_TYPE,RAMP_INTERSECTION,SIDE_OF_HWY,TOW_AWAY,COLLISION_SEVERITY,NUMBER_KILLED,NUMBER_INJURED,PARTY_COUNT,PRIMARY_COLL_FACTOR,PCF_CODE_OF_VIOL,PCF_VIOL_CATEGORY,PCF_VIOLATION,PCF_VIOL_SUBSECTION,HIT_AND_RUN,TYPE_OF_COLLISION,MVIW,PED_ACTION,ROAD_SURFACE,ROAD_COND_1,ROAD_COND_2,LIGHTING,CONTROL_DEVICE,CHP_ROAD_TYPE,PEDESTRIAN_ACCIDENT,BICYCLE_ACCIDENT,MOTORCYCLE_ACCIDENT,TRUCK_ACCIDENT,NOT_PRIVATE_PROPERTY,ALCOHOL_INVOLVED,STWD_VEHTYPE_AT_FAULT,CHP_VEHTYPE_AT_FAULT,COUNT_SEVERE_INJ,COUNT_VISIBLE_INJ,COUNT_COMPLAINT_PAIN,COUNT_PED_KILLED,COUNT_PED_INJURED,COUNT_BICYCLIST_KILLED,COUNT_BICYCLIST_INJURED,COUNT_MC_KILLED,COUNT_MC_INJURED,PRIMARY_RAMP,SECONDARY_RAMP,LATITUDE,LONGITUDE,COUNTY,CITY,POINT_X,POINT_Y
90144770,2016,2016-03-28,9325,2016-03-17,0950,017519,,4,1,9,2800,0,1,3,,1,043,SR-128,"BENNETT LN",5280.00,W,N,A,-,Y,,,128,,,,,,,Y,4,0,1,1,A,-,01,23152,F,N,E,I,A,A,H,-,A,D,0,,,,,Y,,A,01,0,0,1,0,0,0,0,0,0,"- ","- ",38.600700000000003,-122.63548,NAPA,UNINCORPORATED,-122.63548134,38.600715710000003
90144888,2016,2016-03-28,9325,2016-03-24,1735,019625,,4,2,9,2800,0,1,3,,1,041,SR-29,"MAPLE LN",350.00,S,N,A,-,Y,,,29,,,,,,,Y,4,0,2,2,A,-,09,21802,B,N,D,C,A,A,H,-,A,A,0,,,,,Y,,A,01,0,0,2,0,0,0,0,0,0,"- ","- ",38.560139999999997,-122.53729,NAPA,UNINCORPORATED,-122.53713997,38.56037869
90146664,2016,2016-03-29,9325,2016-03-14,0820,015674,,1,1,9,2800,0,2,4,,1,042,"SILVERADO TRAIL","BALE LN",2640.00,N,N,A,-,N,,,,,,,,,,Y,2,0,2,3,A,-,05,21460,A,N,A,C,A,A,H,-,A,D,0,,,,,Y,,A,01,2,0,0,0,0,0,0,0,0,"- ","- ",38.562280000000001,-122.51012,NAPA,UNINCORPORATED,-122.51070596,38.562493979999999
90146670,2016,2016-03-29,9325,2016-02-21,1510,019681,,7,2,9,2800,0,1,3,,1,081,SR-121,"WATERS RD",1056.00,S,N,A,-,Y,,,121,,,,,,,N,2,0,1,2,A,-,03,22350,,N,A,C,A,A,H,-,A,D,0,,,Y,,Y,,C,02,1,0,0,0,0,0,0,0,1,"- ","- ",38.402070000000002,-122.20536,NAPA,UNINCORPORATED,-122.20531217999999,38.402025960000003
90147567,2016,2016-03-30,9325,2016-03-21,1055,014728,,1,1,9,2800,0,1,3,,1,011,"SR-29 N/B",SR-221,528.00,S,N,B,C,Y,,,29,,,,,,N,Y,4,0,1,4,A,-,03,22350,,N,C,C,A,B,H,-,A,A,0,,,,,Y,,A,01,0,0,1,0,0,0,0,0,0,"- ","- ",38.24145,-122.26904999999999,NAPA,UNINCORPORATED,-122.26904457000001,38.241458780000002
90147665,2016,2016-03-30,9325,2016-03-25,1533,018599,,5,2,9,2800,0,1,3,,2,071,"SR-121 S/B","CUTTINGS WHARF RD",67.00,N,N,A,-,Y,,,121,,,,,,S,Y,4,0,2,2,A,-,03,22350,,N,C,C,A,A,H,-,A,D,0,,,,,Y,,D,22,0,0,2,0,0,0,0,0,0,"- ","- ",38.256149999999998,-122.32752000000001,NAPA,UNINCORPORATED,-122.32750511,38.256070909999998
90147788,2016,2016-03-30,9325,2016-03-28,1925,013434,,1,2,9,2800,0,1,3,,1,044,SR-29,"OLD LAWLEY TOLL RD",1056.00,N,N,A,-,Y,,,29,,,,,,,Y,4,0,2,1,A,-,08,22107,,N,E,I,A,A,H,-,D,D,0,,,,,Y,,A,01,0,0,2,0,0,0,0,0,0,"- ","- ",38.641730000000003,-122.59189000000001,NAPA,UNINCORPORATED,-122.59190280999999,38.641705020000003
90147866,2016,2016-03-30,9325,2016-03-28,1630,012689,,1,2,9,2800,0,3,5,,2,004,"TUBBS LN E/B","MYRTLEDALE RD",970.00,W,N,A,-,N,,,,,,,,,,Y,4,0,1,2,A,-,03,22350,,N,C,C,A,A,H,-,A,D,0,,,,,Y,,A,01,0,0,1,0,0,0,0,0,0,"- ","- ",38.593910000000001,-122.60312,NAPA,UNINCORPORATED,-122.60298880000001,38.594095920000001
90148087,2016,2016-03-30,9325,2016-03-29,1650,012689,,2,2,9,2800,0,1,3,,1,011,"SR-29 S/B","N. KELLY RD",528.00,N,N,A,-,Y,,,29,,,,,,S,N,4,0,2,2,A,-,03,22350,,N,C,C,A,A,H,-,A,D,0,,,,,Y,,A,01,0,0,2,0,0,0,0,0,0,"- ","- ",38.234960000000001,-122.2616,NAPA,UNINCORPORATED,-122.26156421,38.234998509999997
90148426,2016,2016-03-31,9325,2016-03-26,1005,019659,,6,1,9,2800,0,1,3,,1,030,SR-128,"LOWER CHILES VALLEY RD",7920.00,W,N,A,-,Y,,,128,,,,,,,Y,2,0,1,1,A,-,03,22350,,N,E,I,A,A,H,-,A,D,0,,,,,Y,,D,22,1,0,0,0,0,0,0,0,0,"- ","- ",38.48659,-122.30311,NAPA,UNINCORPORATED,-122.30311465,38.48662831
90148428,2016,2016-03-31,9325,2016-03-28,2330,018110,,1,3,9,2800,0,3,5,,1,008,"STEELE CANYON RD",SR-128,16896.00,N,N,A,-,N,,,,,,,,,,Y,2,0,1,1,A,-,08,22107,,N,E,I,A,A,H,-,D,D,0,,,,,Y,,D,22,1,0,0,0,0,0,0,0,0,"- ","- ",38.480310000000003,-122.18571,NAPA,UNINCORPORATED,-122.18557119,38.480122569999999
90148531,2016,2016-03-31,9325,2016-03-29,1050,014728,,2,1,9,2800,0,3,5,,2,007,"OLD SONOMA RD.","DEALY LN.",1550.00,N,N,A,-,N,,,,,,,,,,Y,3,0,1,1,A,-,01,23152,E,N,E,I,A,A,H,-,A,D,0,,,,,Y,,A,01,0,1,0,0,0,0,0,0,0,"- ","- ",38.284269999999999,-122.3236,NAPA,UNINCORPORATED,-122.33495614,38.261126470000001
90150602,2016,2016-04-05,9325,2016-03-26,1045,019590,,6,1,9,2800,0,1,3,,1,021,SR-121,"LORRAINE DR",100.00,S,N,A,-,Y,,,121,,,,,,,Y,4,0,1,1,A,-,08,22107,,N,E,I,A,A,H,-,A,D,0,,,,,Y,,A,01,0,0,1,0,0,0,0,0,0,"- ","- ",38.331859999999999,-122.26734999999999,NAPA,UNINCORPORATED,-122.26731819,38.331822510000002
90150836,2016,2016-04-05,9365,2016-03-27,1620,020067,,7,2,9,2800,0,3,5,,2,010,"AMERICAN CANYON RD","CANYON RD",2000.00,W,N,A,-,N,,,,,,,,,,N,4,0,1,1,A,-,03,22350,,N,E,I,A,A,H,-,A,D,0,,,Y,,Y,,C,02,0,0,1,0,0,0,0,0,1,"- ","- ",38.162970000000001,-122.22041,NAPA,UNINCORPORATED,-122.21731647,38.162982939999999
90151662,2016,2016-04-06,9325,2016-03-29,2045,017820,,2,2,9,2800,0,1,3,,2,071,SR-121,"OLD SONOMA HIGHWAY",0.00,,Y,A,-,Y,,,121,,,,,,,Y,2,0,1,1,A,-,01,23152,A,M,A,I,A,A,H,-,D,A,0,,,,,Y,Y,A,07,1,0,0,0,0,0,0,0,0,"- ","- ",38.254669999999997,-122.33609,NAPA,UNINCORPORATED,-122.33608113,38.2545906
90151970,2016,2016-04-06,9325,2016-03-26,1520,017746,,6,2,9,2800,0,1,3,,1,081,"SR-121 (MONTICELLO ROAD)","CIRCLE OAKS DRIVE",700.00,W,N,A,-,Y,,,121,,,,,,,Y,2,0,1,1,A,-,08,22107,,N,F,A,A,A,H,-,A,D,0,,,Y,,Y,Y,C,02,1,0,0,0,0,0,0,0,1,"- ","- ",38.404969999999999,-122.20487,NAPA,UNINCORPORATED,-122.20482277000001,38.404941579999999
90152175,2016,2016-04-06,9325,2016-03-31,1625,015447,,4,2,9,2800,0,3,5,,2,002,"MOUNT VEEDER RD","REDWOOD ROAD",16896.00,N,N,A,-,N,,,,,,,,,,N,4,0,1,1,A,-,03,22350,,N,H,G,A,B,H,-,A,D,0,,Y,,,Y,,L,04,0,0,1,0,0,0,1,0,0,"- ","- ",38.362690000000001,-122.40465,NAPA,UNINCORPORATED,-122.4025448,38.36177653
90152998,2015,2016-04-07,9325,2015-10-07,2300,018400,,3,3,9,2800,0,2,4,,1,082,"SR-128 E/B","KNOXVILLE RD",2112.00,E,N,A,-,Y,,,,,,,,,,N,2,0,1,2,D,-,00,,,N,G,B,E,A,H,-,D,D,0,Y,,,,Y,Y,-,"- ",1,0,0,0,1,0,0,0,0,"- ","- ",,,NAPA,UNINCORPORATED,,
90153407,2016,2016-04-08,9325,2016-04-02,1315,018599,,6,1,9,2800,0,1,3,,1,031,"SR-29 N/B","STICE LN",460.00,N,N,A,-,Y,,,29,,,,,,N,Y,4,0,1,2,A,-,03,22350,,N,C,C,A,A,H,-,A,D,0,,,Y,,Y,,A,01,0,0,1,0,0,0,0,0,1,"- ","- ",38.486359999999998,-122.44695,NAPA,UNINCORPORATED,-122.44699387999999,38.486308059999999
90153834,2016,2016-04-08,9325,2016-04-02,1128,018599,,6,1,9,2800,0,1,3,,1,081,"SR-121 S/B","CIRCLE OAKS DR",792.00,S,N,A,-,Y,,,121,,,,,,S,N,2,0,1,1,A,-,17,21662,,N,F,A,A,A,H,-,A,D,0,,,Y,,Y,,C,02,1,0,0,0,0,0,0,0,1,"- ","- ",38.404940000000003,-122.20484999999999,NAPA,UNINCORPORATED,-122.20483071,38.404928390000002
9015449,2019,2020-01-10,2801,2019-11-29,1943,183,4,5,5,2,2801,0,0,0,,0,,"MYRTLE ST","BERRY ST",51.00,W,N,A,-,N,,,,,,,,,,N,4,0,1,3,A,-,21,22106,,N,B,E,E,A,H,-,D,D,0,Y,,,,Y,,A,08,0,0,1,0,1,0,0,0,0,"- ","- ",,,NAPA,CALISTOGA,-122.58359527587891,38.577247619628906
9015477,2019,2020-02-14,2802,2019-12-19,1509,320488,64,4,5,5,2802,0,0,0,,0,02A,"1ST ST","SOSCOL AV",0.00,,Y,A,-,N,,,,,,,,,,Y,3,0,1,2,A,-,09,21801,A,N,D,C,A,A,H,-,A,A,0,,,,,Y,,A,01,0,1,0,0,0,0,0,0,0,"- ","- ",,,NAPA,NAPA,-122.28350067138672,38.300220489501953
9015481,2019,2020-01-09,2802,2019-10-30,1746,320447,31,3,5,5,2802,0,0,0,,0,01A,"HAYES ST","JEFFERSON ST",0.00,,Y,A,-,N,,,,,,,,,,Y,3,0,1,2,A,-,09,21801,A,N,D,C,A,A,H,-,A,A,0,,,,,Y,,D,22,0,1,0,0,0,0,0,0,0,"- ","- ",,,NAPA,NAPA,-122.29463195800781,38.304618835449219
9015485,2019,2020-02-18,2802,2019-12-19,0627,320118,39,4,5,5,2802,0,0,0,,0,02B,"BURNELL ST","SOSCOL AV",200.00,E,N,B,-,N,,,,,,,,,,N,3,0,1,2,A,-,10,21950,,N,G,B,D,B,H,-,D,D,0,Y,,,,Y,,N,60,0,1,0,0,1,0,0,0,0,"- ","- ",,,NAPA,NAPA,-122.27919006347656,38.295001983642578
9015557,2019,2020-02-13,2802,2019-12-21,1023,320501,54,6,5,5,2802,0,0,0,,0,02B,"MARINA DR","CABOT WY",102.00,E,N,B,-,N,,,,,,,,,,N,3,0,2,2,A,-,09,21804,A,N,D,C,A,A,H,-,A,D,0,,,,,Y,,A,01,0,1,1,0,0,0,0,0,0,"- ","- ",,,NAPA,NAPA,-122.28889465332031,38.280864715576172
9015561,2019,2020-02-13,2802,2019-12-20,1526,185,41,5,5,5,2802,0,0,0,,0,02B,"OAKMONT CT","TAMARISK DR",70.00,S,N,B,-,N,,,,,,,,,,N,3,0,2,1,A,-,08,22107,,N,E,I,A,A,H,-,A,D,0,,,,,Y,,A,01,0,1,1,0,0,0,0,0,0,"- ","- ",,,NAPA,NAPA,-122.26631164550781,38.295158386230469
90155614,2016,2016-04-12,9325,2016-04-01,1950,017746,,5,2,9,2800,0,1,3,,1,081,"SR-121 (MONTICELLO ROAD)",SR-128,4224.00,S,N,A,-,Y,,,121,,,,,,,Y,3,0,4,2,A,-,08,22107,,N,B,C,A,A,H,-,D,D,0,,,,,Y,,A,01,0,1,3,0,0,0,0,0,0,"- ","- ",38.432020000000001,-122.20753000000001,NAPA,UNINCORPORATED,-122.20750424000001,38.431974879999999
9015565,2019,2020-02-13,2802,2019-12-16,1533,320488,21,1,5,5,2802,0,0,0,,0,003,"CALIFORNIA BL","PUEBLO AV",5.00,N,N,A,-,N,,,,,,,,,,Y,2,0,1,2,A,-,03,22350,,N,E,I,A,A,H,-,A,A,0,,,,,Y,,A,01,1,0,0,0,0,0,0,0,0,"- ","- ",,,NAPA,NAPA,-122.30460357666016,38.314464569091797
90155767,2016,2016-04-12,9325,2016-04-07,1123,018599,,4,1,9,2800,0,1,3,,1,044,"SR-29 N/B","LIVERMORE RD",273.00,N,N,A,-,Y,,,29,,,,,,N,Y,4,0,1,1,A,-,03,22350,,N,E,J,A,A,H,-,A,D,0,,,,,Y,,A,01,0,0,1,0,0,0,0,0,0,"- ","- ",38.66892,-122.58804000000001,NAPA,UNINCORPORATED,-122.58817102,38.668866000000001
90156047,2016,2016-04-12,9325,2016-04-11,0655,018400,,1,1,9,2800,0,1,3,,1,011,"SR-29 S/B","SOSCOL FERRY RD",39.00,N,N,B,-,Y,,,,,,,,,,Y,4,0,1,3,A,-,08,22107,,N,B,C,A,A,H,-,A,A,0,,,,,Y,,A,01,0,0,1,0,0,0,0,0,0,"- ","- ",38.142899999999997,-122.161,NAPA,UNINCORPORATED,,
90156218,2016,2016-04-12,9325,2016-04-11,1720,013434,,1,2,9,2800,0,2,4,,1,023,"SILVERADO TRAIL","SODA CANYON RD",1027.00,S,N,A,-,N,,,,,,,,,,Y,3,0,2,3,A,-,05,21460,A,N,A,C,A,A,H,-,A,D,0,,,,,Y,Y,D,22,0,1,1,0,0,0,0,0,0,"- ","- ",38.354190000000003,-122.28684,NAPA,UNINCORPORATED,-122.28686284,38.354109809999997
90157400,2016,2016-04-14,9325,2016-04-05,0745,015674,,2,1,9,2800,0,1,3,,1,044,SR-29,"OLD LAWLEY TOLL RD",3168.00,S,N,A,-,Y,,,29,,,,,,,Y,3,0,1,1,A,-,17,21662,,N,F,A,A,A,H,-,A,D,0,,,Y,,Y,,C,02,0,1,0,0,0,0,0,0,1,"- ","- ",38.636369999999999,-122.60153,NAPA,UNINCORPORATED,-122.60162133,38.63637069
90158316,2016,2016-04-15,9325,2016-04-10,2035,019847,,7,2,9,2800,0,1,3,,2,071,"SR-121 N/B","DUHIG RD",40.00,N,N,B,-,Y,,,,,,,,,,Y,3,0,1,1,A,-,03,22350,,N,E,J,A,A,H,-,C,D,0,,,,,Y,,A,01,0,1,0,0,0,0,0,0,0,"- ","- ",38.152099999999997,-122.20471000000001,NAPA,UNINCORPORATED,,
90158824,2016,2016-04-15,9325,2016-04-08,1537,018379,,5,2,9,2800,0,3,5,,2,001,"TEJAS AVE","MUIR ST",60.00,S,N,B,-,N,,,,,,,,,,Y,3,0,1,1,A,-,01,23152,F,N,F,A,A,A,H,-,A,D,0,,,Y,,Y,Y,C,02,0,1,0,0,0,0,0,0,1,"- ","- ",38.280940000000001,-122.2608,NAPA,UNINCORPORATED,-122.26078898,38.281345190000003
90160252,2016,2016-04-19,9325,2016-04-03,1630,017746,,7,2,9,2800,0,3,5,,1,008,"BUTTS CANYON RD","SNELL VALLEY RD",3960.00,S,N,A,-,N,,,,,,,,,,Y,4,0,1,1,A,-,08,22107,,N,E,J,A,A,H,-,A,D,0,,,Y,,Y,,C,02,0,0,1,0,0,0,0,0,1,"- ","- ",38.683039999999998,-122.44573,NAPA,UNINCORPORATED,-122.44679865000001,38.685012929999999
90160265,2016,2016-04-19,9325,2016-04-10,0130,019999,,7,3,9,2800,0,1,3,,1,044,SR-29,"TUBBS LN",2640.00,N,N,A,-,Y,,,29,,,,,,,N,4,0,1,2,A,-,05,21460,A,N,B,C,A,B,H,-,D,D,0,,,,,Y,,A,01,0,0,1,0,0,0,0,0,0,"- ","- ",38.610129999999998,-122.59442,NAPA,UNINCORPORATED,-122.59444411,38.610184500000003
90160432,2016,2016-04-19,9325,2016-04-07,1630,015447,,4,2,9,2800,0,2,4,,2,032,"SILVERADO TRL","HOWELL MOUNTAIN RD",0.00,,Y,A,-,N,,,,,,,,,,Y,4,0,1,2,A,-,09,21802,A,N,D,C,A,A,H,-,A,A,0,,,,,Y,,A,01,0,0,1,0,0,0,0,0,0,"- ","- ",38.51211,-122.45621,NAPA,UNINCORPORATED,-122.45614992,38.511979889999999
90160509,2016,2016-04-19,9325,2016-04-07,2000,017746,,4,2,9,2800,0,2,4,,1,082,"BERRYESSA KNOXVILLE ROAD","SPANISH FLAT LOOP RD",3200.00,N,N,A,-,N,,,,,,,,,,N,4,0,1,1,A,-,08,22107,,N,E,I,A,A,H,-,D,D,0,,,Y,,Y,,C,02,0,0,1,0,0,0,0,0,1,"- ","- ",38.541060000000002,-122.23849,NAPA,UNINCORPORATED,-122.23678639000001,38.540353860000003
90160616,2016,2016-04-19,9325,2016-04-08,1700,019024,,5,2,9,2800,0,1,3,,1,022,"SR-29 S/B","OAK KNOLL AVE",528.00,N,N,A,-,Y,,,29,,,,,,S,Y,4,0,1,2,A,-,03,22350,,N,C,C,A,A,H,-,A,D,0,,,,,Y,,A,01,0,0,1,0,0,0,0,0,0,"- ","- ",38.354439999999997,-122.33229,NAPA,UNINCORPORATED,-122.33228163,38.354444460000003
90161051,2016,2016-04-19,9325,2016-04-14,1315,019123,,4,1,9,2800,0,1,3,,1,044,SR-29,"TUBBS LANE",36960.00,N,N,B,C,Y,,,29,,,,,,,Y,2,0,3,2,A,-,03,22350,,N,D,C,A,B,H,-,A,D,0,,,,,Y,,A,07,1,1,1,0,0,0,0,0,0,"- ","- ",38.665900000000001,-122.5932,NAPA,UNINCORPORATED,-122.59319463999999,38.666158150000001
90161149,2016,2016-04-19,9325,2016-04-16,1042,018599,,6,1,9,2800,0,1,3,,1,080,SR-128,"LOWER CHILES VALLEY RD",8976.00,W,N,A,-,Y,,,128,,,,,,,Y,2,0,1,1,A,-,08,22107,,N,F,A,A,A,H,-,A,D,0,,,Y,,Y,,C,02,1,0,0,0,0,0,0,0,1,"- ","- ",38.48948,-122.29671999999999,NAPA,UNINCORPORATED,-122.29673449000001,38.489496510000002
90163216,2016,2016-04-22,9325,2016-04-16,1230,017746,,6,1,9,2800,0,3,5,,1,008,"BUTTS CANYON ROAD","SNELL VALLEY RD",348.00,S,N,A,-,N,,,,,,,,,,N,4,0,1,1,A,-,08,22107,,N,E,I,A,A,H,-,A,D,0,,,Y,,Y,,C,02,0,0,1,0,0,0,0,0,1,"- ","- ",38.693989999999999,-122.44461,NAPA,UNINCORPORATED,-122.44459694,38.694513409999999
90163225,2016,2016-04-22,9325,2016-04-16,1145,019864,,6,1,9,2800,0,1,3,,1,022,SR-29,"OAK KNOLL AVE",0.00,,Y,A,-,Y,,,29,,,,,,,N,3,0,1,2,A,-,09,21801,A,N,H,G,A,A,H,-,A,A,0,,Y,,,Y,,D,22,0,1,0,0,0,0,1,0,0,"- ","- ",38.353099999999998,-122.33132999999999,NAPA,UNINCORPORATED,-122.33133168000001,38.353099120000003
9016359,2020,2020-06-03,2802,2020-02-12,1346,320501,35,3,5,5,2802,0,0,0,,0,01A,"2ND ST","SEYMOUR ST",0.00,,Y,A,-,N,,,,,,,,,,Y,3,0,1,3,A,-,12,22450,A,N,D,C,A,A,H,-,A,A,0,,,,,Y,,A,01,0,1,0,0,0,0,0,0,0,"- ","- ",,,NAPA,NAPA,-122.29718780517578,38.296951293945312
9016363,2020,2020-06-09,2802,2020-02-12,0759,320501,13,3,5,5,2802,0,0,0,,0,003,"TRANCAS ST","JEFFERSON ST",50.00,W,N,A,-,N,,,,,,,,,,N,4,0,1,2,A,-,03,22350,,N,C,C,A,A,H,-,A,A,0,,,,Y,Y,,F,26,0,0,1,0,0,0,0,0,0,"- ","- ",,,NAPA,NAPA,-122.30030059814453,38.322750091552734
90163772,2016,2016-04-22,9325,2016-04-17,1400,015344,,7,2,5,2802,0,1,3,,1,011,"N/B SR-29 TO IMOLA AVENUE E/B","IMOLA AVENUE",8.00,S,N,A,-,Y,,,,,,,,,,N,4,0,1,2,A,-,21,22106,,N,C,C,A,A,H,-,A,D,0,,,,,Y,,A,01,0,0,1,0,0,0,0,0,0,"- ","- ",38.280380000000001,-122.2739,NAPA,NAPA,,
90163944,2016,2016-04-25,9325,2016-04-15,1610,018379,,5,2,9,2800,0,1,3,,2,071,SR-121,"CUTTINGS WHARF RD",0.00,,Y,A,-,Y,,,121,,,,,,,Y,4,0,1,3,A,-,09,21802,A,N,D,C,A,A,H,-,A,A,0,,,,,Y,,A,01,0,0,1,0,0,0,0,0,0,"- ","- ",38.255690000000001,-122.32767,NAPA,UNINCORPORATED,-122.32773361,38.256027889999999
90165608,2016,2016-04-26,9325,2016-04-21,1135,019123,,4,1,9,2800,0,1,3,,1,031,SR-29,"WHITE LN.",100.00,N,N,A,-,Y,,,29,,,,,,,Y,4,0,1,2,A,-,03,22350,,M,C,C,A,A,H,-,A,D,0,,,,,Y,,A,01,0,0,1,0,0,0,0,0,0,"- ","- ",38.488399999999999,-122.4495,NAPA,UNINCORPORATED,-122.44948521000001,38.488418039999999
90166560,2016,2016-04-27,9325,2016-04-25,1835,013434,,1,2,9,2800,0,1,3,,1,081,SR-121,"CIRCLE OAKS DRIVE",1584.00,S,N,A,-,Y,,,121,,,,,,,Y,3,0,2,1,A,-,03,22350,,N,E,I,A,A,H,-,A,D,0,,,,,Y,,A,07,0,2,0,0,0,0,0,0,0,"- ","- ",38.404850000000003,-122.20496,NAPA,UNINCORPORATED,-122.20485444000001,38.404835939999998
90167195,2016,2016-04-27,9325,2016-04-21,1640,019024,,4,2,9,2800,0,1,3,,1,011,"SR-29 S/B",SR-12,1056.00,N,N,A,-,Y,,,29,,,,,,S,N,4,0,1,2,A,-,04,21703,,N,C,C,A,A,H,-,A,D,0,,,,,Y,,A,07,0,0,1,0,0,0,0,0,0,"- ","- ",38.229230000000001,-122.25839000000001,NAPA,UNINCORPORATED,-122.25851622,38.229221760000001
9016737,2020,2020-02-25,2802,2020-01-30,2025,320501,29,4,5,5,2802,0,0,0,,0,003,"HAGEN RD","SILVERADO TRL",1150.00,E,N,A,-,N,,,,,,,,,,Y,3,0,2,2,A,-,01,23152,A,N,A,C,A,A,H,-,D,D,0,,,,,Y,Y,A,01,0,2,0,0,0,0,0,0,0,"- ","- ",,,NAPA,NAPA,-122.26911163330078,38.322658538818359
9016747,2020,2020-06-04,2802,2020-02-09,1610,320388,9,7,5,5,2802,0,0,0,,0,04A,"REDWOOD RD","LINDA VISTA AV",100.00,E,N,A,-,N,,,,,,,,,,Y,3,0,2,1,C,-,18,,,N,E,I,A,A,H,-,A,A,0,,,,,Y,,-,"- ",0,2,0,0,0,0,0,0,0,"- ","- ",,,NAPA,NAPA,-122.31803894042969,38.319664001464844
9016751,2020,2020-06-04,2802,2020-02-07,2110,320455,47,5,5,5,2802,0,0,0,,0,01B,"JEFFERSON ST","OLD SONOMA RD",0.00,,Y,A,-,N,,,,,,,,,,Y,4,0,1,2,A,-,01,23152,A,F,C,C,A,A,H,-,C,A,0,,,,,Y,Y,A,01,0,0,1,0,0,0,0,0,0,"- ","- ",,,NAPA,NAPA,-122.29431915283203,38.287761688232422
9016755,2020,2020-06-04,2802,2020-02-02,1218,320425,35,7,5,5,2802,0,0,0,,0,01A,"1ST ST","MONROE ST",0.00,,Y,A,-,N,,,,,,,,,,N,4,0,1,2,A,-,07,21658,A,N,B,C,A,A,H,-,A,D,0,,,,,Y,,A,01,0,0,1,0,0,0,0,0,0,"- ","- ",,,NAPA,NAPA,-122.29859161376953,38.298000335693359
90167569,2016,2016-04-28,9325,2016-04-13,1245,014728,,3,1,9,2800,0,3,5,,2,007,"LAS AMIGAS RD.","CUTTINGS WHARF RD.",220.00,W,N,A,-,N,,,,,,,,,,Y,4,0,1,2,A,-,09,21804,A,N,D,C,A,A,H,-,A,D,0,,,,Y,Y,,A,07,0,0,1,0,0,0,0,0,0,"- ","- ",38.235680000000002,-122.31353,NAPA,UNINCORPORATED,-122.31369900999999,38.235473200000001
9016759,2020,2020-06-04,2802,2020-02-06,1717,320501,31,4,5,5,2802,0,0,0,,0,01A,"MAIN ST","YOUNT ST",0.00,,Y,A,-,N,,,,,,,,,,N,3,0,1,2,A,-,09,21802,A,N,D,C,A,A,H,-,C,A,0,,,Y,,Y,,A,01,0,1,0,0,0,0,0,0,1,"- ","- ",,,NAPA,NAPA,-122.28943634033203,38.304050445556641
9016763,2020,2020-06-04,2802,2020-02-06,0950,320425,64,4,5,5,2802,0,0,0,,0,02A,"1ST ST","SOSCOL AV",0.00,,Y,A,-,N,,,,,,,,,,N,4,0,3,3,A,-,03,22350,,N,C,C,A,A,H,-,A,A,0,,,,,Y,,A,01,0,0,3,0,0,0,0,0,0,"- ","- ",,,NAPA,NAPA,-122.28350067138672,38.300220489501953
90167787,2016,2016-04-28,9325,2016-04-27,1505,013434,,3,2,9,2800,0,1,3,,1,031,SR-29,"BELLA OAKS LN",75.00,S,N,B,C,Y,,,29,,,,,,,Y,4,0,1,2,D,-,00,,,N,B,C,A,B,H,-,A,D,0,,,,,Y,,-,"- ",0,0,1,0,0,0,0,0,0,"- ","- ",38.450130000000001,-122.41461,NAPA,UNINCORPORATED,-122.41475616,38.449995260000001
90171929,2016,2016-05-03,9325,2016-04-20,1220,015674,,3,1,9,2800,0,2,4,,1,042,"SILVERADO TRAIL",SR-29,528.00,S,N,A,-,N,,,,,,,,,,N,3,0,1,1,C,-,18,,,N,H,G,A,A,H,-,A,D,0,,Y,,,Y,,-,"- ",0,1,0,0,0,0,1,0,0,"- ","- ",38.588389999999997,-122.57559999999999,NAPA,UNINCORPORATED,-122.57738000000001,38.588970000000003
90171969,2016,2016-05-03,9325,2016-04-23,1650,018379,,6,2,9,2800,0,1,3,,1,013,"SR-221 S/B","SR-29 N/B",300.00,N,N,A,-,Y,,,221,,,,,,S,Y,4,0,1,2,A,-,03,22350,,N,C,C,A,A,H,-,A,D,0,,,,,Y,,A,07,0,0,1,0,0,0,0,0,0,"- ","- ",38.242550000000001,-122.26894,NAPA,UNINCORPORATED,-122.26881753000001,38.24253264
90172039,2016,2016-05-03,9325,2016-04-24,1210,019123,,7,1,9,2800,0,1,3,,1,043,SR-128,"TUBBS LANE",2640.00,W,N,A,-,Y,,,128,,,,,,,Y,3,0,1,1,A,-,01,23152,E,N,E,I,A,A,H,-,A,D,0,,,,,Y,,A,01,0,1,0,0,0,0,0,0,0,"- ","- ",38.593800000000002,-122.61360000000001,NAPA,UNINCORPORATED,-122.61359388,38.593808709999998