CASE_ID,ACCIDENT_YEAR,PROC_DATE,JURIS,COLLISION_DATE,COLLISION_TIME,OFFICER_ID,REPORTING_DISTRICT,DAY_OF_WEEK,CHP_SHIFT,POPULATION,CNTY_CITY_LOC,SPECIAL_COND,BEAT_TYPE,CHP_BEAT_TYPE,CITY_DIVISION_LAPD,CHP_BEAT_CLASS,BEAT_NUMBER,PRIMARY_RD,SECONDARY_RD,DISTANCE,DIRECTION,INTERSECTION,WEATHER_1,WEATHER_2,STATE_HWY_IND,CALTRANS_COUNTY,CALTRANS_DISTRICT,STATE_ROUTE,ROUTE_SUFFIX,POSTMILE_PREFIX,POSTMILE,LOCATION_TYPE,RAMP_INTERSECTION,SIDE_OF_HWY,TOW_AWAY,COLLISION_SEVERITY,NUMBER_KILLED,NUMBER_INJURED,PARTY_COUNT,PRIMARY_COLL_FACTOR,PCF_CODE_OF_VIOL,PCF_VIOL_CATEGORY,PCF_VIOLATION,PCF_VIOL_SUBSECTION,HIT_AND_RUN,TYPE_OF_COLLISION,MVIW,PED_ACTION,ROAD_SURFACE,ROAD_COND_1,ROAD_COND_2,LIGHTING,CONTROL_DEVICE,CHP_ROAD_TYPE,PEDESTRIAN_ACCIDENT,BICYCLE_ACCIDENT,MOTORCYCLE_ACCIDENT,TRUCK_ACCIDENT,NOT_PRIVATE_PROPERTY,ALCOHOL_INVOLVED,STWD_VEHTYPE_AT_FAULT,CHP_VEHTYPE_AT_FAULT,COUNT_SEVERE_INJ,COUNT_VISIBLE_INJ,COUNT_COMPLAINT_PAIN,COUNT_PED_KILLED,COUNT_PED_INJURED,COUNT_BICYCLIST_KILLED,COUNT_BICYCLIST_INJURED,COUNT_MC_KILLED,COUNT_MC_INJURED,PRIMARY_RAMP,SECONDARY_RAMP,LATITUDE,LONGITUDE,COUNTY,CITY,POINT_X,POINT_Y
90479426,2017,2017-06-16,9325,2017-06-06,2130,018400,,2,2,9,2800,0,1,3,,1,013,"SR-221 S/B","ANDERSON RD",320.00,N,N,A,-,N,,,,,,,,,,Y,4,0,2,2,A,-,03,22350,,N,C,C,A,A,H,-,C,A,0,,,,,Y,,A,01,0,0,2,0,0,0,0,0,0,"- ","- ",38.145699999999998,-122.1613,NAPA,UNINCORPORATED,-122.27080107,38.251208349999999
90479826,2017,2017-06-16,9325,2017-06-11,1438,021605,,7,2,9,2800,0,2,4,,1,082,"CHILES POPE VALLEY RD","POPE CANYON RD",8448.00,S,N,B,-,N,,,,,,,,,,Y,4,0,1,1,A,-,03,22350,,N,E,I,A,A,H,-,A,D,0,,,Y,,Y,,C,02,0,0,1,0,0,0,0,0,1,"- ","- ",38.588900000000002,-122.4002,NAPA,UNINCORPORATED,-122.39915495,38.583662879999999
90480404,2017,2017-06-19,9325,2017-06-11,2130,020801,,7,2,5,2802,0,3,5,,2,002,"SILVERADO TRAIL","YOUNTVILLE CROSS RD",2640.00,S,N,A,-,N,,,,,,,,,,Y,4,0,1,1,A,-,01,23152,A,N,E,I,A,A,H,-,C,D,0,,,,,Y,Y,A,01,0,0,1,0,0,0,0,0,0,"- ","- ",38.423380000000002,-122.33721,NAPA,NAPA,-122.33722997,38.421440869999998
90480440,2017,2017-06-19,9325,2017-06-14,0800,020893,,3,1,5,2802,0,3,5,,2,002,"SR-29 N/B","IMOLA AVE.",1000.00,S,N,A,-,Y,,,,,,,,,,Y,3,0,1,1,A,-,03,22350,,N,F,I,A,A,H,-,A,D,0,,,Y,,Y,,C,02,0,1,0,0,0,0,0,0,1,"- ","- ",,,NAPA,NAPA,-122.29975342,38.279201460000003
90480473,2017,2017-06-19,9325,2017-06-08,0910,021421,,4,1,9,2800,0,1,3,,1,044,SR-29,"LIVERMORE RD",310.00,N,N,C,-,Y,,,29,,,,,,,Y,4,0,1,1,A,-,03,22350,,N,B,I,A,B,H,-,A,D,0,,,,,Y,Y,A,01,0,0,1,0,0,0,0,0,0,"- ","- ",38.669069999999998,-122.58813000000001,NAPA,UNINCORPORATED,-122.58824602,38.668999999999997
90481376,2017,2017-06-20,9325,2017-06-16,1610,020563,,5,2,9,2800,0,1,3,,1,031,"SR-29 S/B","GALLERON RD",200.00,S,N,A,-,Y,,,29,,,,,,S,Y,3,0,2,2,A,-,03,22350,,N,C,C,A,A,H,-,A,D,0,,,,,Y,,A,01,0,1,1,0,0,0,0,0,0,"- ","- ",38.472149999999999,-122.43268999999999,NAPA,UNINCORPORATED,-122.43269471000001,38.47214675
90482315,2017,2017-06-21,9325,2017-06-17,1030,018110,,6,1,9,2800,0,3,5,,2,002,"SALVADOR AVE","SUNNYDALE DR",0.00,,Y,A,-,N,,,,,,,,,,N,4,0,1,2,A,-,03,22350,,N,C,A,A,A,H,-,A,A,0,,,,,Y,,D,22,0,0,1,0,0,0,0,0,0,"- ","- ",38.347749999999998,-122.30577,NAPA,UNINCORPORATED,-122.30578994,38.347759949999997
9048262,2020,2020-11-03,2802,2020-02-02,2231,320477,74,7,5,5,2802,0,0,0,,0,04B,"RT 29","RT 12",150.00,S,N,A,-,Y,NAP,4,29,-,R,0.863,H,-,N,Y,4,0,2,2,A,-,01,23153,A,N,C,C,A,A,H,-,C,A,0,,,,,Y,Y,A,01,0,0,2,0,0,0,0,0,0,"- ","- ",,,NAPA,NAPA,-122.25271606445312,38.167697906494141
9048266,2020,2020-03-09,2802,2020-02-04,1456,185,0,2,5,5,2802,0,0,0,,0,,"REDWOOD RD","DRY CREEK RD",0.00,,Y,A,-,N,,,,,,,,,,Y,4,0,1,2,A,-,01,23153,A,N,C,C,A,A,H,-,A,D,0,,,,,Y,Y,A,01,0,0,1,0,0,0,0,0,0,"- ","- ",,,NAPA,NAPA,-122.32716369628906,38.317890167236328
90482723,2017,2017-06-21,9325,2017-06-20,1615,013434,,2,2,9,2800,0,1,3,,1,011,"SR-29 N/B",SR-221,2640.00,N,N,A,-,Y,,,29,,,,,,N,Y,3,0,1,1,A,-,08,22107,,N,F,A,A,A,H,-,A,D,0,,,Y,,Y,,C,02,0,1,0,0,0,0,0,0,1,"- ","- ",38.243250000000003,-122.2773,NAPA,UNINCORPORATED,-122.27730094,38.243201169999999
90483294,2017,2017-06-22,9325,2017-06-21,1505,013434,,3,2,9,2800,0,1,3,,1,081,SR-121,"WOODEN VALLEY ROAD",1584.00,N,N,A,-,Y,,,121,,,,,,,Y,3,0,4,1,A,-,03,22350,,N,E,I,A,A,H,-,A,D,0,,,,,Y,,A,01,0,3,1,0,0,0,0,0,0,"- ","- ",38.379820000000002,-122.19974999999999,NAPA,UNINCORPORATED,-122.19983808000001,38.379812469999997
90486723,2017,2017-06-23,9325,2017-06-17,1450,019775,,6,2,9,2800,0,3,5,,2,001,"SR-221 NB","MAGNOLIA DRIVE",0.00,,Y,A,-,Y,,,221,,,,,,N,Y,4,0,1,2,A,-,12,21453,A,N,D,C,A,A,H,-,A,A,0,,,,,Y,,A,01,0,0,1,0,0,0,0,0,0,"- ","- ",38.278359999999999,-122.27375000000001,NAPA,UNINCORPORATED,-122.27371479999999,38.278368639999997
90486832,2017,2017-06-23,9325,2017-06-21,0555,021421,,3,3,9,2800,0,2,4,,2,032,"SILVERADO TRL","ZINFANDEL LN",2640.00,S,N,A,-,N,,,,,,,,,,Y,4,0,1,2,A,-,03,22350,,N,C,C,A,A,H,-,B,D,0,,,Y,,Y,,C,02,0,0,1,0,0,0,0,0,1,"- ","- ",38.492570000000001,-122.41764999999999,NAPA,UNINCORPORATED,-122.41734056999999,38.492507320000001
90488178,2017,2017-06-27,9325,2017-06-16,1735,019775,,5,2,5,2802,0,1,3,,1,022,"SR-29 N/B","FIRST STREET",875.00,S,N,A,-,Y,,,29,,,,,,N,Y,4,0,1,3,A,-,03,22350,,N,C,C,A,A,H,-,A,D,0,,,,,Y,Y,A,07,0,0,1,0,0,0,0,0,0,"- ","- ",38.299050000000001,-122.30233,NAPA,NAPA,-122.30234702,38.299044960000003
90488185,2017,2017-06-27,9325,2017-06-18,1550,020563,,7,2,9,2800,0,1,3,,1,031,SR-29,"DWYER RD",1109.00,N,N,A,-,Y,,,29,,,,,,,Y,4,0,3,2,A,-,03,22350,,N,C,C,A,A,H,-,A,D,0,,,,,Y,,A,01,0,0,3,0,0,0,0,0,0,"- ","- ",38.424129999999998,-122.39155,NAPA,UNINCORPORATED,-122.39157590000001,38.424108289999999
90488194,2017,2017-06-27,9325,2017-06-19,0535,019847,,1,3,9,2800,0,1,3,,1,011,"SR-29 N/B",SR-221,300.00,S,N,A,-,Y,,,29,,,,,,N,Y,4,0,3,2,A,-,03,22350,,N,C,C,A,A,H,-,A,D,0,,,,,Y,,A,07,0,0,3,0,0,0,0,0,0,"- ","- ",38.236669999999997,-122.26345999999999,NAPA,UNINCORPORATED,-122.26334524000001,38.2368132
90488195,2017,2017-06-27,9325,2017-06-19,0745,021421,,1,1,9,2800,0,2,4,,1,023,"SILVERADO TRL","SODA CANYON RD",0.00,,Y,A,-,N,,,,,,,,,,N,4,0,1,2,A,-,09,21802,A,N,D,G,A,A,H,-,A,A,0,,Y,,,Y,,A,01,0,0,1,0,0,0,1,0,0,"- ","- ",38.356870000000001,-122.28727000000001,NAPA,UNINCORPORATED,-122.28746998,38.35688991
90488200,2017,2017-06-27,9325,2017-06-19,0715,019190,,1,1,9,2800,0,1,3,,1,011,"SR-29 SOUTHBOUND","AIRPORT BOULEVARD",200.00,S,N,B,-,Y,,,,,,,,,,N,4,0,2,2,A,-,03,22350,,N,C,C,A,A,H,-,A,A,0,,,,,Y,,A,07,0,0,2,0,0,0,0,0,0,"- ","- ",38.132109999999997,-122.15288,NAPA,UNINCORPORATED,,
90489158,2017,2017-06-28,9325,2017-06-22,1235,019190,,4,1,9,2800,0,2,4,,2,032,"SILVERADO TRAIL","TAPLIN ROAD",528.00,S,N,A,-,N,,,,,,,,,,Y,3,0,1,1,A,-,08,22107,,N,E,I,A,A,H,-,A,A,0,,,,,Y,,A,01,0,1,0,0,0,0,0,0,0,"- ","- ",38.301600000000001,-122.26607,NAPA,UNINCORPORATED,-122.43042729,38.500252349999997
9049058,2020,2020-11-02,2800,2020-01-31,1959,250393,10206,5,5,2,2805,0,0,0,,0,001,BROADWAY,"GREEN ISLAND RD",0.00,,Y,A,-,Y,NAP,4,29,-,R,2.767,I,5,S,Y,3,0,1,2,A,-,01,23152,B,M,D,C,A,A,H,-,C,D,0,,,,,Y,Y,A,01,0,1,0,0,0,0,0,0,0,"- ","- ",,,NAPA,"AMERICAN CANYON",-122.25631713867188,38.195182800292969
90493632,2017,2017-07-05,9325,2017-06-24,1845,021605,,6,2,9,2800,0,1,3,,1,081,SR-121,"WOODEN VALLEY RD",200.00,N,N,A,-,Y,,,,,,,,,,Y,2,0,1,2,A,-,03,22350,,N,C,C,A,A,H,-,A,D,0,,,Y,,Y,,C,02,1,0,0,0,0,0,0,0,1,"- ","- ",38.223599999999998,-122.1259,NAPA,UNINCORPORATED,-122.201761,38.376747000000002
90494324,2017,2017-07-05,9325,2017-06-24,1310,019190,,6,1,9,2800,0,2,4,,2,032,"SILVERADO TRAIL","ZINFANDEL ROAD",528.00,N,N,A,-,N,,,,,,,,,,N,3,0,1,1,A,-,08,22107,,N,F,I,A,A,H,-,A,A,0,,Y,,,Y,,L,04,0,1,0,0,0,0,1,0,0,"- ","- ",38.5002,-122.4295,NAPA,UNINCORPORATED,-122.42586923,38.497996739999998
90494341,2017,2017-07-06,9325,2017-06-25,1550,021605,,7,2,9,2800,0,1,3,,1,022,"SOLANO AVE","DARMS LANE",285.00,S,N,A,-,N,,,,,,,,,,Y,3,0,1,1,A,-,08,22107,,N,E,I,A,A,H,-,A,D,0,,,,,Y,,A,01,0,1,0,0,0,0,0,0,0,"- ","- ",38.215299999999999,-122.2015,NAPA,UNINCORPORATED,-122.33805296,38.364596460000001
90494453,2017,2017-07-05,9365,2017-06-23,0725,018346,,5,1,2,2805,0,2,4,,1,032,"AMERICAN CYN RD","CANYON RD",2987.00,W,N,A,-,N,,,,,,,,,,Y,4,0,1,1,A,-,08,22107,,N,E,I,A,A,H,-,A,D,0,,,,,Y,,A,01,0,0,1,0,0,0,0,0,0,"- ","- ",38.162999999999997,-122.22141000000001,NAPA,"AMERICAN CANYON",-122.22070811,38.162987309999998
9049630,2020,2020-08-03,2800,2020-02-23,2125,250492,10202,7,5,2,2805,0,0,0,,0,001,"CAROLYN DR","DONALDSON WY",0.00,,Y,A,-,N,,,,,,,,,,N,4,0,1,2,A,-,10,21950,C,N,G,B,B,A,H,-,C,A,0,Y,,,,Y,,D,22,0,0,1,0,1,0,0,0,0,"- ","- ",,,NAPA,"AMERICAN CANYON",-122.26422882080078,38.176338195800781
9049669,2019,2020-10-12,2800,2019-02-09,2119,250455,10201,6,5,2,2805,0,0,0,,0,001,"AMERICAN CANYON RD",BROADWAY,0.00,,Y,A,-,Y,NAP,4,29,-,-,0.690,I,5,S,Y,2,0,2,3,A,-,09,21453,C,N,D,C,A,A,H,-,C,A,0,,,,,Y,Y,D,22,1,0,1,0,0,0,0,0,0,"- ","- ",,,NAPA,"AMERICAN CANYON",-122.25293731689453,38.165573120117188
90497155,2017,2017-07-10,9325,2017-07-05,1650,012689,,3,2,9,2800,0,2,4,,1,034,"HOWELL MOUNTAIN RD N/B","LINDA FALLS TERRACE",1056.00,N,N,A,-,N,,,,,,,,,,Y,3,0,1,1,A,-,08,22107,,N,E,I,A,A,H,-,A,D,0,,,,,Y,,A,01,0,1,0,0,0,0,0,0,0,"- ","- ",38.55903,-122.44641,NAPA,UNINCORPORATED,-122.4470142,38.558693400000003
90498371,2017,2017-07-11,9325,2017-07-05,1215,019074,,3,1,9,2800,0,1,3,,1,011,"SR-29 S/B","SOSCOL CREEK RD",20.00,S,N,A,-,Y,,,29,,,,,,S,Y,4,0,1,2,A,-,03,22350,,N,C,C,A,A,H,-,A,D,0,,,,,Y,,A,01,0,0,1,0,0,0,0,0,0,"- ","- ",38.236660000000001,-122.26345999999999,NAPA,UNINCORPORATED,-122.2634662,38.23665261
9049850,2020,2020-05-28,2800,2020-02-15,2352,250490,10201,6,5,2,2805,0,0,0,,0,,"CAPRA DR",DANROSE,150.00,E,N,A,-,N,,,,,,,,,,N,4,0,1,2,A,-,01,23152,A,F,G,B,E,A,H,-,C,D,0,Y,,,,Y,Y,A,01,0,0,1,0,1,0,0,0,0,"- ","- ",,,NAPA,"AMERICAN CANYON",-122.25553894042969,38.158035278320312
9049854,2020,2020-05-28,2800,2020-02-20,0929,250500,20209,4,5,2,2805,0,0,0,,0,002,"AMERICAN CANYON RD","FLOSDEN RD",0.00,,Y,A,-,N,,,,,,,,,,Y,4,0,1,2,A,-,12,21453,A,N,D,C,A,A,H,-,A,A,0,,,,,Y,,A,01,0,0,1,0,0,0,0,0,0,"- ","- ",,,NAPA,"AMERICAN CANYON",-122.24001312255859,38.164409637451172
90498749,2017,2017-07-12,9325,2017-07-10,1330,012689,,1,1,9,2800,0,1,3,,1,021,SR-121,"VICHY AVE",0.00,,Y,A,-,Y,,,121,,,,,,,Y,3,0,1,3,A,-,09,21801,A,N,A,C,A,A,H,-,A,A,0,,,,,Y,,A,01,0,1,0,0,0,0,0,0,0,"- ","- ",38.33867,-122.25999,NAPA,UNINCORPORATED,-122.25996176,38.338639069999999
90500140,2017,2017-07-13,9325,2017-07-07,1205,019847,,5,1,9,2800,0,1,3,,1,012,"SR-12 E/B","NORTH KELLY ROAD",300.00,W,N,A,-,Y,,,12,,,,,,E,Y,4,0,1,2,A,-,03,22350,,N,C,C,A,A,H,-,A,D,0,,,,,Y,,A,07,0,0,1,0,0,0,0,0,0,"- ","- ",38.222839999999998,-122.25547,NAPA,UNINCORPORATED,-122.25546310999999,38.22289215
90500186,2017,2017-07-13,9325,2017-07-05,1220,018789,,3,1,9,2800,0,1,3,,1,044,SR-29,"OLD LAWLEY TOLL ROAD",13728.00,N,N,A,-,Y,,,29,,,,,,,Y,2,0,1,2,A,-,05,21460,A,N,A,C,A,A,H,-,A,D,0,,,Y,,Y,,C,02,1,0,0,0,0,0,0,0,1,"- ","- ",38.654820000000001,-122.59898,NAPA,UNINCORPORATED,-122.5989786,38.654818880000001
90500262,2017,2017-07-13,9325,2017-06-30,1300,021605,,5,1,9,2800,0,1,3,,2,071,SR-121,"DUHIG RD",1000.00,S,N,A,-,Y,,,,,,,,,,Y,3,0,2,3,A,-,05,21460,A,N,B,C,A,A,H,-,A,D,0,,,,Y,Y,,A,01,0,2,0,0,0,0,0,0,0,"- ","- ",38.152200000000001,-122.2058,NAPA,UNINCORPORATED,,
90501635,2017,2017-07-17,9325,2017-07-05,1310,016609,,3,1,9,2800,0,2,4,,2,032,"SILVERADO TRAIL","TAPLIN RD",2500.00,N,N,A,-,N,,,,,,,,,,Y,4,0,1,1,A,-,08,22107,,N,E,I,A,A,H,-,A,D,0,,,,,Y,,A,01,0,0,1,0,0,0,0,0,0,"- ","- ",38.510390000000001,-122.4513,NAPA,UNINCORPORATED,-122.43801326000001,38.505535469999998
90501970,2017,2017-07-17,9325,2017-07-04,1040,015674,,2,1,9,2800,0,1,3,,1,081,SR121,"CIRCLE OAKS DR",528.00,S,N,A,-,Y,,,121,,,,,,,Y,2,0,1,1,A,-,03,22350,,N,F,A,A,A,H,-,A,D,0,,,Y,,Y,,C,02,1,0,0,0,0,0,0,0,1,"- ","- ",38.404949999999999,-122.20487,NAPA,UNINCORPORATED,-122.20483160000001,38.4049269
90502065,2017,2017-07-17,9325,2017-07-08,1910,019972,,6,2,9,2800,0,3,5,,2,002,"FIRST AVE.","HAGEN RD.",900.00,S,N,A,-,N,,,,,,,,,,Y,3,0,3,2,A,-,05,21460,A,N,A,C,A,A,H,-,A,A,0,,,,,Y,,A,01,0,1,2,0,0,0,0,0,0,"- ","- ",38.320929999999997,-122.2561,NAPA,UNINCORPORATED,-122.25604661,38.320967850000002
90502620,2017,2017-07-18,9325,2017-07-09,2050,017746,,7,2,9,2800,0,2,4,,1,082,"BERRYESSA KNOXVILLE ROAD","POPE CANYON RD",2640.00,S,N,A,-,N,,,,,,,,,,Y,4,0,2,1,A,-,08,22107,,N,F,A,A,A,H,-,D,D,0,,,,,Y,,D,22,0,0,2,0,0,0,0,0,0,"- ","- ",38.612909999999999,-122.28385,NAPA,UNINCORPORATED,-122.28501097,38.613300989999999
90503253,2017,2017-07-18,9325,2017-07-10,0545,019074,,1,3,9,2800,0,3,5,,1,008,"STEELE CANYON RD","LAKESHORE DR",7392.00,S,N,A,-,N,,,,,,,,,,Y,2,0,1,1,A,-,08,22107,,N,E,I,A,A,H,-,B,D,0,,,,,Y,,A,01,1,0,0,0,0,0,0,0,0,"- ","- ",38.473869999999998,-122.18453,NAPA,UNINCORPORATED,-122.18506515,38.471419500000003
9050332,2020,2020-05-27,2800,2020-02-24,1704,250500,10202,1,5,2,2805,0,0,0,,0,,"THERESA AV","LOS ALTOS DR",10.00,N,N,A,-,N,,,,,,,,,,N,4,0,1,2,A,-,05,21650,,N,D,C,A,A,H,-,A,A,0,,,,,Y,,A,07,0,0,1,0,0,0,0,0,0,"- ","- ",,,NAPA,"AMERICAN CANYON",-122.25735473632812,38.180198669433594
90503654,2017,2017-07-19,9325,2017-07-10,0800,014728,,1,1,9,2800,0,1,3,,1,022,"SR-29 N/B",SR-12,1056.00,S,N,A,-,Y,,,29,,,,,,N,Y,2,0,1,2,A,-,07,21658,A,N,B,C,A,A,H,-,A,D,0,,,Y,,Y,,A,01,1,0,0,0,0,0,0,0,1,"- ","- ",38.220170000000003,-122.25749,NAPA,UNINCORPORATED,-122.25751896,38.220166630000001
90503725,2017,2017-07-19,9325,2017-07-12,0445,019190,,3,3,9,2800,0,1,3,,1,041,SR-29,"LIVERMORE ROAD",5280.00,S,N,B,-,Y,,,,,,,,,,Y,3,0,1,1,A,-,08,22107,,N,E,I,A,A,H,-,D,A,0,,,,,Y,,A,01,0,1,0,0,0,0,0,0,0,"- ","- ",38.39179,-122.35558,NAPA,UNINCORPORATED,-122.59990560999999,38.663482270000003
90503809,2017,2017-07-19,9325,2017-07-13,1705,013434,,4,2,9,2800,0,2,4,,1,034,"DEER PARK RD","SANITARIUM RD",0.00,,Y,A,-,N,,,,,,,,,,Y,4,0,4,2,A,-,09,21802,A,N,D,C,A,A,H,-,A,A,0,,,,,Y,,A,01,0,0,4,0,0,0,0,0,0,"- ","- ",38.551409999999997,-122.47229,NAPA,UNINCORPORATED,-122.47832998,38.529459989999999
90503855,2017,2017-07-19,9325,2017-07-13,1330,012689,,4,1,9,2800,0,1,3,,1,011,"SR-29 S/B","N KELLY RD",1100.00,S,N,A,-,Y,,,29,,,,,,S,Y,4,0,1,2,A,-,03,22350,,N,C,C,A,A,H,-,A,D,0,,,,,Y,,A,01,0,0,1,0,0,0,0,0,0,"- ","- ",38.230840000000001,-122.25879999999999,NAPA,UNINCORPORATED,-122.25876241,38.23085142
9050394,2020,2020-06-04,2802,2020-02-15,1423,320425,31,6,5,5,2802,0,0,0,,0,01A,"G ST","MAIN ST",0.00,,Y,A,-,N,,,,,,,,,,Y,4,0,1,2,A,-,09,21802,A,N,D,C,A,A,H,-,A,A,0,,,,,Y,,I,11,0,0,1,0,0,0,0,0,0,"- ","- ",,,NAPA,NAPA,-122.29206085205078,38.307281494140625
90503980,2017,2017-07-19,9325,2017-07-14,1219,019847,,5,1,9,2800,0,1,3,,1,011,"SR-29 S/B","SOUTH KELLY ROAD",100.00,N,N,A,-,Y,,,,,,,,,,Y,4,0,1,3,A,-,03,22350,,N,C,C,A,A,H,-,A,D,0,,,,,Y,,A,01,0,0,1,0,0,0,0,0,0,"- ","- ",38.256369999999997,-122.25637,NAPA,UNINCORPORATED,,
90504005,2017,2017-07-19,9325,2017-07-12,1430,013434,,3,2,9,2800,0,3,5,,2,003,"ZINFANDEL LN","VICTORIA DRIVE",0.00,,Y,A,-,N,,,,,,,,,,Y,4,0,4,2,A,-,09,21802,A,N,D,C,A,A,H,-,A,A,0,,,,,Y,,A,07,0,0,4,0,0,0,0,0,0,"- ","- ",38.484580000000001,-122.43875,NAPA,UNINCORPORATED,-122.43873000000001,38.485439990000003
90504352,2017,2017-07-20,9325,2017-07-13,0425,019190,,4,3,9,2800,0,1,3,,1,011,"SR-29 NORTHBOUND","SOUTH KELLY ROAD",100.00,N,N,A,-,Y,,,,,,,,,,Y,4,0,1,1,A,-,08,22107,,N,E,I,A,A,H,-,D,A,0,,,,Y,Y,,G,26,0,0,1,0,0,0,0,0,0,"- ","- ",,,NAPA,UNINCORPORATED,,
90504618,2017,2017-07-20,9325,2017-07-14,1334,019847,,5,1,9,2800,0,1,3,,1,013,SR-221,"NAPA VALLEY CORPORATE WAY",20.00,S,N,A,-,Y,,,221,,,,,,,N,4,0,1,2,A,-,03,22350,,N,C,C,A,A,H,-,A,D,0,,,,,Y,,A,01,0,0,1,0,0,0,0,0,0,"- ","- ",38.2502,-122.27048000000001,NAPA,UNINCORPORATED,-122.27050189000001,38.250194229999998
90504805,2017,2017-07-20,9325,2017-07-14,1855,019972,,5,2,9,2800,0,1,3,,1,012,"SR-12 W/B","N. KELLY RD.",410.00,E,N,A,-,Y,,,12,,,,,,W,Y,4,0,2,4,A,-,03,22350,,N,C,C,A,A,H,-,A,A,0,,,,,Y,,A,01,0,0,2,0,0,0,0,0,0,"- ","- ",38.222430000000003,-122.25190000000001,NAPA,UNINCORPORATED,-122.25189951,38.22243418
90506763,2017,2017-07-24,9325,2017-07-14,1620,017746,,5,2,9,2800,0,1,3,,1,080,SR-128,"BERRYESSA KNOXVILLE ROAD",2112.00,W,N,A,-,Y,,,128,,,,,,,Y,3,0,1,1,A,-,01,23152,A,N,E,I,A,A,H,-,A,D,0,,,,,Y,Y,A,01,0,1,0,0,0,0,0,0,0,"- ","- ",38.4985,-122.2557,NAPA,UNINCORPORATED,-122.25567801,38.498567530000003
90508799,2017,2017-07-26,9325,2017-07-19,0620,015674,,3,1,9,2800,0,1,3,,1,022,"SR-29 S/B","LINCOLN AVE",80.00,S,N,B,-,Y,,,,,,,,,,Y,3,0,1,1,C,-,18,,,N,H,H,A,A,H,-,A,D,0,,,,,Y,,-,"- ",0,1,0,0,0,0,0,0,0,"- ","- ",38.306460000000001,-122.30646,NAPA,UNINCORPORATED,-122.57728198,38.588764159999997
90508849,2017,2017-07-26,9325,2017-07-20,0740,019847,,4,1,9,2800,0,1,3,,1,011,"SR-29 N/B","SOUTH KELLY ROAD",200.00,S,N,A,-,Y,,,29,,,,,,N,N,4,0,1,2,A,-,07,21658,A,N,B,C,A,A,H,-,A,D,0,,,,,Y,,A,01,0,0,1,0,0,0,0,0,0,"- ","- ",38.20675,-122.25592,NAPA,UNINCORPORATED,-122.25601991000001,38.20674812
90512997,2017,2017-07-31,9325,2017-07-22,1720,019972,,6,2,9,2800,0,1,3,,2,071,SR-121,"HAIRE LN.",2112.00,N,N,A,-,Y,,,121,,,,,,,Y,4,0,2,3,A,-,03,22350,,N,C,C,A,A,H,-,A,A,0,,,,,Y,,A,08,0,0,2,0,0,0,0,0,0,"- ","- ",38.254420000000003,-122.37097,NAPA,UNINCORPORATED,-122.37100778999999,38.254529660000003
90513000,2017,2017-07-31,9325,2017-07-22,1935,020563,,6,2,9,2800,0,2,4,,1,042,"SILVERADO TRAIL","LARKMEAD LANE",3168.00,S,N,A,-,N,,,,,,,,,,Y,4,0,1,1,A,-,08,22107,,N,E,I,A,A,H,-,A,D,0,,,,,Y,,A,01,0,0,1,0,0,0,0,0,0,"- ","- ",38.56221,-122.51011,NAPA,UNINCORPORATED,-122.51220322,38.563087430000003
90513814,2017,2017-08-01,9325,2017-07-25,1315,015350,,2,1,9,2800,0,1,3,,1,011,"SR-29 N/B","SOSCOL CREEK ROAD",528.00,S,N,A,-,Y,,,29,,,,,,N,N,4,0,2,3,A,-,07,21658,A,N,B,C,A,A,H,-,A,D,0,,,,Y,Y,,G,25,0,0,2,0,0,0,0,0,0,"- ","- ",38.235669999999999,-122.26214,NAPA,UNINCORPORATED,-122.26208945,38.235728090000002
90513952,2017,2017-08-01,9325,2017-07-27,1655,012689,,4,2,9,2800,0,1,3,,2,071,"SR-121 S/B","CUTTINGS WHARF RD",300.00,N,N,A,-,Y,,,121,,,,,,S,N,4,0,1,2,A,-,03,22350,,N,C,C,A,A,H,-,A,D,0,,,,,Y,,A,07,0,0,1,0,0,0,0,0,0,"- ","- ",38.256219999999999,-122.32684,NAPA,UNINCORPORATED,-122.32683535,38.256197620000002
90514733,2017,2017-08-02,9325,2017-07-28,2330,021034,,5,3,9,2800,0,1,3,,2,071,"OLD SONOMA HWY",SR-121,62.00,W,N,A,-,Y,,,,,,,,,,Y,4,0,1,1,A,-,08,22107,,N,E,I,A,A,H,-,C,D,0,,,,,Y,,D,22,0,0,1,0,0,0,0,0,0,"- ","- ",38.25468,-122.33608,NAPA,UNINCORPORATED,,
90515035,2017,2017-08-02,9325,2017-07-28,1135,020893,,5,1,5,2802,0,3,5,,2,004,"SR-29 N/B","DUNAWEAL LN",800.00,S,N,A,-,Y,,,,,,,,,,Y,4,0,2,2,A,-,03,22350,,N,C,C,A,A,H,-,A,D,0,,,,,Y,,A,01,0,0,2,0,0,0,0,0,0,"- ","- ",38.564700000000002,-122.55500000000001,NAPA,NAPA,,
90516340,2017,2017-08-03,9325,2017-07-27,1536,021181,,4,2,9,2800,0,3,5,,2,003,"GIST ROAD","DEER PARK ROAD",60.00,W,N,A,-,N,,,,,,,,,,Y,2,0,3,1,C,-,18,,,N,E,I,A,A,H,-,A,D,0,,,,,Y,,-,"- ",1,1,1,0,0,0,0,0,0,"- ","- ",38.543410000000002,-122.47049,NAPA,UNINCORPORATED,-122.4704734,38.543423240000003
90518795,2017,2017-08-08,9325,2017-07-27,0530,020893,,4,3,5,2802,0,1,3,,1,044,"SR-29 S/B","OLD LAWLEY TOLL RD",15312.00,N,N,A,-,Y,,,,,,,,,,Y,2,0,2,1,A,-,03,22350,,N,E,I,A,A,H,-,A,D,0,,,,,Y,,A,01,1,1,0,0,0,0,0,0,0,"- ","- ",38.658799999999999,-122.59529999999999,NAPA,NAPA,-122.59388127,38.608925360000001