CASE_ID,ACCIDENT_YEAR,PROC_DATE,JURIS,COLLISION_DATE,COLLISION_TIME,OFFICER_ID,REPORTING_DISTRICT,DAY_OF_WEEK,CHP_SHIFT,POPULATION,CNTY_CITY_LOC,SPECIAL_COND,BEAT_TYPE,CHP_BEAT_TYPE,CITY_DIVISION_LAPD,CHP_BEAT_CLASS,BEAT_NUMBER,PRIMARY_RD,SECONDARY_RD,DISTANCE,DIRECTION,INTERSECTION,WEATHER_1,WEATHER_2,STATE_HWY_IND,CALTRANS_COUNTY,CALTRANS_DISTRICT,STATE_ROUTE,ROUTE_SUFFIX,POSTMILE_PREFIX,POSTMILE,LOCATION_TYPE,RAMP_INTERSECTION,SIDE_OF_HWY,TOW_AWAY,COLLISION_SEVERITY,NUMBER_KILLED,NUMBER_INJURED,PARTY_COUNT,PRIMARY_COLL_FACTOR,PCF_CODE_OF_VIOL,PCF_VIOL_CATEGORY,PCF_VIOLATION,PCF_VIOL_SUBSECTION,HIT_AND_RUN,TYPE_OF_COLLISION,MVIW,PED_ACTION,ROAD_SURFACE,ROAD_COND_1,ROAD_COND_2,LIGHTING,CONTROL_DEVICE,CHP_ROAD_TYPE,PEDESTRIAN_ACCIDENT,BICYCLE_ACCIDENT,MOTORCYCLE_ACCIDENT,TRUCK_ACCIDENT,NOT_PRIVATE_PROPERTY,ALCOHOL_INVOLVED,STWD_VEHTYPE_AT_FAULT,CHP_VEHTYPE_AT_FAULT,COUNT_SEVERE_INJ,COUNT_VISIBLE_INJ,COUNT_COMPLAINT_PAIN,COUNT_PED_KILLED,COUNT_PED_INJURED,COUNT_BICYCLIST_KILLED,COUNT_BICYCLIST_INJURED,COUNT_MC_KILLED,COUNT_MC_INJURED,PRIMARY_RAMP,SECONDARY_RAMP,LATITUDE,LONGITUDE,COUNTY,CITY,POINT_X,POINT_Y
9058730,2020,2020-11-20,2800,2020-02-20,0804,250500,10201,4,5,2,2805,0,0,0,,0,001,"RT 29","AMERICAN CANYON RD",100.00,S,N,A,-,Y,NAP,4,29,-,-,0.670,H,-,N,N,4,0,1,2,A,-,03,22350,,M,C,C,A,A,H,-,A,A,0,,,,,Y,,D,22,0,0,1,0,0,0,0,0,0,"- ","- ",,,NAPA,"AMERICAN CANYON",-122.25277709960938,38.16522216796875
90590329,2017,2017-11-08,9325,2017-10-30,0720,018110,,1,1,9,2800,0,1,3,,1,080,SR-128,SR-121,0.00,,Y,A,-,Y,,,128,,,,,,,Y,4,0,2,2,A,-,08,22107,,N,D,C,A,A,H,-,B,A,0,,,,,Y,,A,01,0,0,2,0,0,0,0,0,0,"- ","- ",38.446080000000002,-122.19652000000001,NAPA,UNINCORPORATED,-122.19649210999999,38.446087540000001
90590817,2017,2017-11-09,9325,2017-10-31,1445,013434,,2,2,9,2800,0,1,3,,1,021,SR-121,"ATLAS PEAK ROAD",1056.00,S,N,A,-,Y,,,121,,,,,,,Y,4,0,2,3,A,-,03,22350,,N,C,C,A,A,H,-,A,D,0,,,,,Y,,D,22,0,0,2,0,0,0,0,0,0,"- ","- ",38.33549,-122.26282999999999,NAPA,UNINCORPORATED,-122.26308142000001,38.335762979999998
90592884,2017,2017-11-13,9325,2017-11-04,0630,021605,,6,1,9,2800,0,1,3,,1,044,SR-29,"LAKE CO LINE",2640.00,S,N,B,C,Y,,,29,,,,,,,Y,4,0,1,1,A,-,08,22107,,N,E,I,A,B,H,-,B,D,0,,,,,Y,,D,22,0,0,1,0,0,0,0,0,0,"- ","- ",38.671999999999997,-122.5895,NAPA,UNINCORPORATED,-122.58985782000001,38.671842470000001
90593382,2017,2017-11-13,9325,2017-11-04,0440,021605,,6,3,9,2800,0,1,3,,1,044,SR-29,"UPPER OLD LAWLEY TOLL ROAD",15840.00,N,N,B,C,Y,,,29,,,,,,,Y,3,0,1,1,A,-,01,23152,A,N,E,I,A,B,H,-,D,D,0,,,,,Y,Y,A,01,0,1,0,0,0,0,0,0,0,"- ","- ",38.652700000000003,-122.59990000000001,NAPA,UNINCORPORATED,-122.59991562,38.652702040000001
90593931,2017,2017-11-14,9365,2017-10-13,1415,020774,,5,2,9,2800,0,2,4,,1,032,"AMERICAN CANYON RD.","SOLANO COUNTY LINE",570.00,W,N,A,-,N,,,,,,,,,,Y,3,0,2,2,A,-,01,23152,A,N,A,C,A,A,H,-,A,D,0,,,,,Y,Y,A,01,0,2,0,0,0,0,0,0,0,"- ","- ",38.104329999999997,-122.12266,NAPA,UNINCORPORATED,-122.20427155,38.168312819999997
90594304,2017,2017-11-14,9325,2017-11-01,0840,014728,,3,1,9,2800,0,3,5,,2,002,"ATLAS PEAK RD.","HILLCREST DR.",0.00,,Y,A,-,Y,,,,,,,,,,Y,3,0,1,2,A,-,09,21802,A,N,D,C,A,A,H,-,A,A,0,,,,,Y,,A,01,0,1,0,0,0,0,0,0,0,"- ","- ",38.339709999999997,-122.26289,NAPA,UNINCORPORATED,-122.26276994,38.339689919999998
90594357,2017,2017-11-14,9325,2017-11-02,1345,017746,,4,1,9,2800,0,1,3,,1,030,SR-128,"CHILES POPE VALLEY RD",510.00,W,N,A,-,Y,,,128,,,,,,,Y,3,0,1,1,C,-,18,,,N,F,A,A,A,H,-,A,D,0,,,Y,,Y,,-,"- ",0,1,0,0,0,0,0,0,1,"- ","- ",38.48854,-122.34922,NAPA,UNINCORPORATED,-122.34925406000001,38.488585290000003
90594379,2017,2017-11-15,9325,2017-11-03,0140,020829,,5,3,9,2800,0,1,3,,1,022,"SR-29 N/B","IMOLA AVENUE",2112.00,N,N,A,-,Y,,,,,,,,,,Y,4,0,1,1,A,-,08,22107,,N,E,I,A,A,H,-,D,D,0,,,,,Y,,A,01,0,0,1,0,0,0,0,0,0,"- ","- ",38.290619999999997,-122.30172,NAPA,UNINCORPORATED,-122.30098,38.287619999999997
90595159,2017,2017-11-15,9325,2017-11-02,0717,015350,,4,1,9,2800,0,3,5,,2,001,"DEVLIN ROAD","221 DEVLIN ROAD",50.00,N,N,A,-,N,,,,,,,,,,N,4,0,1,2,A,-,03,22350,,N,C,C,A,A,H,-,A,D,0,,,,,Y,,A,08,0,0,1,0,0,0,0,0,0,"- ","- ",38.236170000000001,-122.26376999999999,NAPA,UNINCORPORATED,,
90595301,2017,2017-11-16,9325,2017-10-25,1330,015350,,3,1,9,2800,0,3,5,,2,002,"SODA CANYON ROAD","SODA SPRINGS ROAD",6864.00,N,N,A,-,N,,,,,,,,,,Y,3,0,7,2,A,-,03,22350,,N,C,C,A,A,H,-,A,A,0,,,,Y,Y,,F,55,0,4,3,0,0,0,0,0,0,"- ","- ",38.406999999999996,-122.29535,NAPA,UNINCORPORATED,-122.29501802,38.406381349999997
90595958,2017,2017-11-16,9325,2017-11-03,1449,021181,,5,2,9,2800,0,1,3,,1,044,SR-29,"TUBBS LN",10085.00,N,N,C,-,Y,,,29,,,,,,,Y,4,0,4,2,A,-,05,21460,A,N,A,C,A,B,H,-,A,D,0,,,,,Y,,D,22,0,0,4,0,0,0,0,0,0,"- ","- ",38.632530000000003,-122.60227,NAPA,UNINCORPORATED,-122.60240512999999,38.632491180000002
90596105,2017,2017-11-16,9325,2017-11-03,1325,021334,,5,1,9,2800,0,1,3,,1,044,SR-29,"OLD LAWLEY TOLL RD",528.00,N,N,B,-,Y,,,29,,,,,,,Y,4,0,1,1,A,-,08,22107,,N,E,I,A,B,H,-,A,D,0,,,,,Y,,A,01,0,0,1,0,0,0,0,0,0,"- ","- ",38.639510000000001,-122.59469,NAPA,UNINCORPORATED,-122.59468505,38.639535010000003
90596325,2017,2017-11-16,9325,2017-11-04,0750,019590,,6,1,9,2800,0,1,3,,1,031,SR-29,"ZINFANDEL LN",0.00,,Y,B,-,Y,,,29,,,,,,,Y,2,0,1,2,A,-,09,21802,A,N,D,C,A,B,H,-,B,A,0,,,,,Y,,A,01,1,0,0,0,0,0,0,0,0,"- ","- ",38.482599999999998,-122.44256,NAPA,UNINCORPORATED,-122.44258215000001,38.482573189999997
90596363,2017,2017-11-17,9325,2017-11-03,0605,021334,,5,1,9,2800,0,3,5,,2,003,"OAKVILLE CROSS RD","SILVERADO TRAIL",1056.00,W,N,B,-,N,,,,,,,,,,Y,3,0,1,1,A,-,08,22107,,N,E,I,A,B,H,-,D,D,0,,,,,Y,,A,01,0,1,0,0,0,0,0,0,0,"- ","- ",38.454929999999997,-122.36671,NAPA,UNINCORPORATED,-122.36687953000001,38.454924759999997
90596978,2017,2017-11-17,9325,2017-10-27,1649,021181,,5,2,9,2800,0,1,3,,1,022,"SR-29 N/B","CALIFORNIA DR",1003.00,S,N,A,-,Y,,,29,,,,,,N,Y,3,0,1,2,A,-,08,22107,,N,F,A,A,A,H,-,A,D,0,,,,,Y,,A,07,0,1,0,0,0,0,0,0,0,"- ","- ",38.395600000000002,-122.3563,NAPA,UNINCORPORATED,-122.35647588,38.395407370000001
90597003,2017,2017-11-17,9325,2017-08-30,1349,018110,,3,1,9,2800,0,1,3,,1,041,SR-29,"BALE LN",500.00,N,N,A,-,Y,,,29,,,,,,,Y,1,1,1,2,A,-,01,23152,A,N,D,C,A,A,H,-,A,D,0,,,,,Y,Y,A,01,0,1,0,0,0,0,0,0,0,"- ","- ",38.551200000000001,-122.5159,NAPA,UNINCORPORATED,-122.51585953,38.551286750000003
90597194,2017,2017-11-17,9325,2017-11-07,1505,013434,,2,2,9,2800,0,3,5,,2,007,"CUTTINGS WHARF ROAD","LOS AMIGAS ROAD",653.00,S,N,A,-,N,,,,,,,,,,N,2,0,1,2,A,-,08,22107,,N,C,G,A,A,H,-,A,D,0,,Y,,,Y,,L,04,1,0,0,0,0,0,1,0,0,"- ","- ",38.243009999999998,-122.31482,NAPA,UNINCORPORATED,-122.31348487,38.234083329999997
90597235,2017,2017-11-17,9325,2017-11-08,1315,018110,,3,1,9,2800,0,1,3,,1,044,SR-29,"TUBBS LANE",36960.00,N,N,C,-,Y,,,29,,,,,,,Y,3,0,1,1,A,-,08,22107,,N,E,I,A,B,H,-,A,A,0,,,,,Y,,D,22,0,1,0,0,0,0,0,0,0,"- ","- ",38.666110000000003,-122.59362,NAPA,UNINCORPORATED,-122.59362136,38.666154640000002
90598899,2017,2017-11-20,9325,2017-11-09,1916,019659,,4,2,9,2800,0,1,3,,1,011,"SR-29 S/B",SR-12,1500.00,N,N,B,-,Y,,,29,,,,,,S,Y,4,0,2,2,A,-,03,22350,,M,C,C,A,A,H,-,C,D,0,,,,,Y,,A,01,0,0,2,0,0,0,0,0,0,"- ","- ",38.261299999999999,-122.3002,NAPA,UNINCORPORATED,-122.30017325999999,38.261285719999997
90598903,2017,2018-02-05,9325,2017-11-10,0610,021324,,5,1,9,2800,0,1,3,,1,031,SR-29,"OAKVILLE CROSS RD",3168.00,N,N,C,-,Y,,,29,,,,,,,Y,4,0,3,2,A,-,09,21801,A,N,D,C,A,B,H,-,D,D,0,,,,,Y,,A,07,0,0,3,0,0,0,0,0,0,"- ","- ",38.443420000000003,-122.40864999999999,NAPA,UNINCORPORATED,-122.40876105,38.443318669999996
90598919,2017,2017-11-21,9325,2017-11-13,0835,018110,,1,1,9,2800,0,2,4,,1,034,"HOWELL MOUNTAIN RD","LA JOTA DR",0.00,,Y,E,-,N,,,,,,,,,,Y,4,0,1,3,A,-,09,21801,A,N,A,C,A,B,H,-,A,A,0,,,,,Y,,A,01,0,0,1,0,0,0,0,0,0,"- ","- ",38.567880000000002,-122.44208999999999,NAPA,UNINCORPORATED,-122.44216993000001,38.56807998
90598929,2017,2017-11-21,9325,2017-11-13,0710,015350,,1,1,9,2800,0,3,5,,2,007,"OLD SONOMA ROAD","BUHMAN AVENUE",1056.00,N,N,B,-,N,,,,,,,,,,Y,4,0,1,1,A,-,03,22350,,N,E,I,A,B,H,-,A,D,0,,,,,Y,,A,01,0,0,1,0,0,0,0,0,0,"- ","- ",38.273020000000002,-122.32874,NAPA,UNINCORPORATED,-122.32952213999999,38.272615850000001
90598935,2017,2017-11-21,9325,2017-11-13,1330,017746,,1,1,9,2800,0,1,3,,1,044,SR-29,"LAKE COUNTY LINE",516.00,S,N,C,-,Y,,,29,,,,,,,Y,4,0,1,1,A,-,08,22107,,N,F,A,A,B,H,-,A,D,0,,,,,Y,,A,07,0,0,1,0,0,0,0,0,0,"- ","- ",38.678019999999997,-122.59113000000001,NAPA,UNINCORPORATED,-122.59112838,38.678018229999999
90599982,2017,2017-11-21,9325,2017-11-09,1240,018954,,4,1,9,2800,0,1,3,,1,043,"HWY 128","PETRIFIED FOREST RD",2792.00,N,N,B,-,Y,,,,,,,,,,Y,3,0,1,2,A,-,05,21460,A,N,A,C,A,A,H,-,A,D,0,,,,Y,Y,,G,26,0,1,0,0,0,0,0,0,0,"- ","- ",,,NAPA,UNINCORPORATED,,
90600027,2017,2017-11-22,9325,2017-11-14,0850,018110,,2,1,9,2800,0,1,3,,1,022,SR-29,"DARMS LN",0.00,,Y,A,-,Y,,,29,,,,,,,Y,4,0,1,2,A,-,09,21802,A,N,D,C,A,A,H,-,A,A,0,,,,,Y,,A,01,0,0,1,0,0,0,0,0,0,"- ","- ",38.366720000000001,-122.33853000000001,NAPA,UNINCORPORATED,-122.3384853,38.366739959999997
90600034,2017,2017-11-22,9325,2017-11-15,0730,018110,,3,1,9,2800,0,1,3,,1,041,SR-29,"BOTHE NAPA DAY USE ENT",200.00,N,N,C,-,Y,,,29,,,,,,,Y,3,0,2,2,A,-,01,23152,F,N,A,C,A,B,H,-,A,A,0,,,,Y,Y,,A,01,0,2,0,0,0,0,0,0,0,"- ","- ",38.539000000000001,-122.50797,NAPA,UNINCORPORATED,-122.50798678,38.538993380000001
90601200,2017,2017-11-22,9325,2017-11-15,1830,015447,,3,2,9,2800,0,1,3,,1,021,"SR-121 S/B","SILVERADO TRAIL",20.00,N,N,B,C,N,,,121,,,,,,S,Y,3,0,1,2,A,-,03,22350,,N,C,C,A,B,H,-,C,A,0,,,,,Y,,D,22,0,1,0,0,0,0,0,0,0,"- ","- ",38.325800000000001,-122.2741,NAPA,UNINCORPORATED,-122.27411597,38.3258212
90601271,2017,2017-11-23,9325,2017-11-15,1315,013434,,3,1,9,2800,0,3,5,,2,002,"REDWOOD ROAD","MT. VEEDER ROAD",3168.00,S,N,B,-,N,,,,,,,,,,Y,4,0,1,2,A,-,03,22350,,N,A,C,A,B,H,-,A,D,0,,,,,Y,,A,01,0,0,1,0,0,0,0,0,0,"- ","- ",38.334400000000002,-122.36104,NAPA,UNINCORPORATED,-122.36293117,38.334479299999998
90604086,2017,2017-11-28,9325,2017-11-15,1540,017746,,3,2,9,2800,0,1,3,,1,044,SR-29,"LIVERMORE RD",2640.00,S,N,B,C,Y,,,29,,,,,,,Y,4,0,2,1,A,-,08,22107,,N,E,I,A,B,H,-,A,D,0,,,,,Y,,D,22,0,0,2,0,0,0,0,0,0,"- ","- ",38.664050000000003,-122.5985,NAPA,UNINCORPORATED,-122.59852874000001,38.66407255
90604439,2017,2017-11-28,9325,2017-11-11,1015,019590,,6,1,9,2800,0,3,5,,2,001,"OAKVILLE GRADE RD","CAMPBELL CREEK ROAD",405.00,W,N,A,-,N,,,,,,,,,,Y,3,0,1,1,A,-,03,22350,,N,F,A,A,A,B,-,A,D,0,,,Y,,Y,,C,02,0,1,0,0,0,0,0,0,1,"- ","- ",38.413980000000002,-122.4263,NAPA,UNINCORPORATED,-122.42644,38.41525
90605553,2017,2017-11-29,9365,2017-11-15,0920,015293,,3,1,9,2800,0,1,1,,2,082,"I-80 W/B","AMERICAN CANYON ROAD O/C",4752.00,W,N,B,-,Y,,,80,,,,,,W,Y,3,0,1,1,A,-,08,22107,,N,E,I,A,B,H,-,A,D,0,,,,,Y,,E,22,0,1,0,0,0,0,0,0,0,"- ","- ",38.159970000000001,-122.2114,NAPA,UNINCORPORATED,-122.21137376999999,38.159952840000003
90607963,2017,2017-12-01,9325,2017-11-19,1250,021334,,7,1,9,2800,0,1,3,,1,021,SR-121,"VICHY AVE",5280.00,N,N,A,-,Y,,,121,,,,,,,Y,2,0,1,1,A,-,08,22107,,N,E,I,A,A,H,-,A,D,0,,,,,Y,,I,11,1,0,0,0,0,0,0,0,0,"- ","- ",38.345509999999997,-122.24534,NAPA,UNINCORPORATED,-122.24533889999999,38.34549664
90608023,2017,2017-12-01,9365,2017-11-21,1320,018702,,2,1,9,2800,0,1,1,,2,081,"I-80 W/B","AMERICAN CANYON RD",4224.00,W,N,A,-,Y,,,80,,,,,,W,Y,4,0,2,2,A,-,07,21658,A,N,B,C,A,A,H,-,A,A,0,,,,,Y,,A,07,0,0,2,0,0,0,0,0,0,"- ","- ",38.160800000000002,-122.2107,NAPA,UNINCORPORATED,-122.21077385,38.160850510000003
90608180,2017,2017-12-01,9325,2017-11-21,0735,015350,,2,1,9,2800,0,1,3,,1,044,SR-29,"TUBBS LANE",43824.00,N,N,B,-,Y,,,29,,,,,,,Y,3,0,1,1,A,-,03,22350,,N,E,I,A,B,H,-,A,A,0,,,,Y,Y,,G,27,0,1,0,0,0,0,0,0,0,"- ","- ",38.668759999999999,-122.58817000000001,NAPA,UNINCORPORATED,-122.58814691000001,38.668765620000002
90608418,2017,2017-12-01,9325,2017-11-23,1525,017746,,4,2,9,2800,0,3,5,,1,008,"WOODEN VALLEY ROAD","SR-121 (MONTICELLO ROAD)",1688.00,S,N,A,-,N,,,,,,,,,,Y,2,0,2,1,A,-,03,22350,,N,E,I,A,A,H,-,A,D,0,,,,,Y,,A,01,1,0,1,0,0,0,0,0,0,"- ","- ",38.373989999999999,-122.19887,NAPA,UNINCORPORATED,-122.19842970000001,38.373516410000001
90608434,2017,2018-05-14,9325,2017-11-25,0902,021324,,6,1,9,2800,0,1,3,,1,044,SR-29,"MORA AVE",0.00,,Y,A,-,Y,,,29,,,,,,,Y,1,1,1,2,A,-,09,21801,A,N,A,C,A,A,H,-,A,D,0,,,,,Y,,A,01,0,1,0,0,0,0,0,0,0,"- ","- ",38.595619999999997,-122.58201,NAPA,UNINCORPORATED,-122.58199325,38.595633839999998
90608437,2017,2017-12-01,9325,2017-11-25,1015,021324,,6,1,9,2800,0,2,4,,2,032,"SILVERADO TRAIL","YOUNTVILLE CROSS RD",5280.00,N,N,A,-,N,,,,,,,,,,N,2,0,1,1,A,-,08,22107,,N,F,A,A,A,H,-,A,D,0,,Y,,,Y,,L,04,1,0,0,0,0,0,1,0,0,"- ","- ",38.440469999999998,-122.35119,NAPA,UNINCORPORATED,-122.35137494999999,38.439558069999997
90608439,2017,2017-12-01,9325,2017-11-25,1328,021334,,6,1,9,2800,0,1,3,,1,081,SR-121,"CIRCLE OAKS DR",2112.00,S,N,A,-,Y,,,121,,,,,,,Y,2,0,1,1,A,-,08,22107,,N,E,I,A,A,H,-,A,D,0,,,Y,,Y,,C,02,1,0,0,0,0,0,0,0,1,"- ","- ",38.401499999999999,-122.20522,NAPA,UNINCORPORATED,-122.20521316999999,38.401510000000002
90610815,2017,2017-12-05,9325,2017-11-27,1430,013434,,1,2,9,2800,0,1,3,,1,011,SR-29,"TOWER ROAD",300.00,S,N,A,-,Y,,,29,,,,,,,Y,4,0,1,4,A,-,03,22350,,N,C,C,A,A,H,-,A,A,0,,,,,Y,,A,01,0,0,1,0,0,0,0,0,0,"- ","- ",38.210569999999997,-122.25653,NAPA,UNINCORPORATED,-122.25644242,38.21057588
90611918,2017,2017-12-07,9325,2017-12-04,1035,017659,,1,1,9,2800,0,3,5,,2,002,"OAK KNOLL AVE","SOLANO AVE",20.00,E,N,A,-,N,,,,,,,,,,N,4,0,1,2,A,-,21,22106,,N,C,C,A,A,H,-,A,D,0,,,,,Y,,A,01,0,0,1,0,0,0,0,0,0,"- ","- ",38.352739999999997,-122.33203,NAPA,UNINCORPORATED,-122.33192442000001,38.35291874
90611921,2017,2017-12-26,9325,2017-11-30,1640,021005,,4,2,9,2800,0,2,4,,1,023,"SILVERADO TRAIL","HARDMAN AVE",0.00,,Y,A,-,N,,,,,,,,,,Y,4,0,1,2,A,-,09,21802,A,N,D,C,A,A,H,-,A,D,0,,,,,Y,,E,22,0,0,1,0,0,0,0,0,0,"- ","- ",38.344349999999999,-122.28325,NAPA,UNINCORPORATED,-122.28283992999999,38.344529950000002
90611964,2017,2017-12-07,9325,2017-12-04,1425,013434,,1,2,9,2800,0,3,5,,2,001,"FOURTH AVENUE","CURRY LANE",960.00,S,N,A,-,N,,,,,,,,,,Y,4,0,1,1,A,-,08,22107,,N,F,A,A,A,H,-,A,D,0,,,Y,,Y,,C,02,0,0,1,0,0,0,0,0,1,"- ","- ",38.286960000000001,-122.24661999999999,NAPA,UNINCORPORATED,-122.24356,38.286990000000003
90612032,2017,2017-12-07,9325,2017-12-04,1730,013434,,1,2,9,2800,0,1,3,,2,071,SR-121,"OLD SONOMA ROAD",250.00,N,N,A,-,Y,,,121,,,,,,,N,4,0,1,2,A,-,03,22350,,N,C,C,A,A,H,-,D,A,0,,,,,Y,,A,01,0,0,1,0,0,0,0,0,0,"- ","- ",38.255360000000003,-122.3424,NAPA,UNINCORPORATED,-122.34240147,38.25535052
90613182,2017,2017-12-08,9325,2017-12-03,1354,021439,,7,1,9,2800,0,1,3,,1,031,SR-29,"DWYER RD",1584.00,N,N,A,-,Y,,,29,,,,,,,Y,2,0,1,2,A,-,09,21801,A,N,D,C,A,A,H,-,A,D,0,,,,,Y,,I,10,1,0,0,0,0,0,0,0,0,"- ","- ",38.427599999999998,-122.39449999999999,NAPA,UNINCORPORATED,-122.39452230000001,38.42758139
90613420,2017,2017-12-08,9325,2017-11-29,0955,015350,,3,1,2,2804,0,1,3,,1,031,"CALIFORNIA DRIVE","SR-29 N/B ONRAMP FROM CALIFORNIA DRIVE",34.00,E,N,A,-,Y,,,,,,,,,,Y,4,0,1,1,A,-,03,22350,,N,E,I,A,A,H,-,A,A,0,,,,,Y,,A,01,0,0,1,0,0,0,0,0,0,"- ","- ",38.397930000000002,-122.35856,NAPA,YOUNTVILLE,,
90613424,2017,2017-12-08,9325,2017-12-03,1255,021181,,7,1,9,2800,0,1,3,,1,013,"SR-221 N/B","MAGNOLIA DR",150.00,N,N,A,-,Y,,,221,,,,,,N,Y,4,0,3,3,A,-,03,22350,,N,C,C,A,A,H,-,A,A,0,,,,,Y,,A,01,0,0,3,0,0,0,0,0,0,"- ","- ",38.278599999999997,-122.27370000000001,NAPA,UNINCORPORATED,-122.27376749,38.278583439999998
90615774,2017,2017-12-12,9325,2017-11-23,2245,019775,,4,3,9,2800,0,1,3,,1,011,"SR-29 S/B",SR-12,80.00,N,N,A,-,Y,,,29,,,,,,S,N,3,0,2,3,A,-,03,22350,,N,C,C,A,A,H,-,C,A,0,,,,,Y,,D,22,0,2,0,0,0,0,0,0,0,"- ","- ",38.223179999999999,-122.25790000000001,NAPA,UNINCORPORATED,-122.25801425,38.22316987
90615878,2017,2017-12-12,9325,2017-11-24,0518,019775,,5,3,9,2800,0,1,3,,1,011,"SR-29 S/B",SR-12,0.00,,Y,E,-,Y,,,,,,,,,,Y,3,0,1,2,A,-,12,21453,A,N,A,C,A,A,H,-,C,A,0,,,,,Y,,D,22,0,1,0,0,0,0,0,0,0,"- ","- ",38.245899999999999,-122.46993999999999,NAPA,UNINCORPORATED,,
90617522,2017,2017-12-14,9325,2017-12-05,0850,017659,,2,1,9,2800,0,3,5,,2,004,"SANITARIUM RD","GLASS MOUNTAIN RD",0.00,,Y,A,-,N,,,,,,,,,,Y,4,0,1,2,A,-,09,21802,A,N,D,C,A,A,H,-,A,D,0,,,,,Y,,A,07,0,0,1,0,0,0,0,0,0,"- ","- ",38.534599999999998,-122.47557999999999,NAPA,UNINCORPORATED,-122.47612993,38.53328999
90617998,2017,2017-12-15,9325,2017-12-06,0914,015350,,3,1,9,2800,0,3,5,,2,002,"ATLAS PEAK RD","WESTGATE DRIVE",15840.00,N,N,A,-,N,,,,,,,,,,N,2,0,1,2,A,-,08,22107,,N,G,B,E,A,H,-,A,A,0,Y,,,,Y,,M,50,1,0,0,0,1,0,0,0,0,"- ","- ",38.38458,-122.24226,NAPA,UNINCORPORATED,-122.24229581,38.384569640000002
90618011,2017,2017-12-15,9325,2017-12-07,0630,015674,,4,1,5,2802,0,3,5,,2,002,"DRY CREEK RD","OAKVILLE GRADE RD",360.00,W,N,A,-,N,,,,,,,,,,Y,4,0,1,1,C,-,18,,,N,E,I,A,C,H,-,D,D,0,,,,,Y,,-,"- ",0,0,1,0,0,0,0,0,0,"- ","- ",38.407290000000003,-122.43388,NAPA,NAPA,-122.43430622,38.407082590000002
90618013,2017,2017-12-15,9325,2017-12-07,0620,021334,,4,1,9,2800,0,2,4,,2,032,"SILVERADO TRAIL","YOUNTVILLE CROSS RD",1584.00,N,N,A,-,N,,,,,,,,,,Y,2,0,3,3,A,-,05,21460,A,N,A,C,A,A,H,-,D,D,0,,,,,Y,,D,22,1,0,2,0,0,0,0,0,0,"- ","- ",38.430549999999997,-122.34466999999999,NAPA,UNINCORPORATED,-122.34501616999999,38.430757
90618014,2017,2017-12-15,9325,2017-12-07,0620,018789,,4,1,9,2800,0,1,3,,1,012,"SR-12 W/B","N. KELLY ROAD",435.00,W,N,A,-,Y,,,12,,,,,,W,Y,4,0,1,4,A,-,03,22350,,N,C,C,A,A,H,-,D,A,0,,,,,Y,,A,01,0,0,1,0,0,0,0,0,0,"- ","- ",38.222929999999998,-122.25528,NAPA,UNINCORPORATED,-122.25528805,38.222869029999998
90618778,2017,2017-12-18,9325,2017-12-12,0945,015350,,2,1,9,2800,0,1,3,,1,011,"SR-29 S/B",SR-121,1584.00,N,N,A,-,Y,,,29,,,,,,S,Y,4,0,1,1,A,-,08,22107,,N,E,I,A,A,H,-,A,D,0,,,,,Y,,A,01,0,0,1,0,0,0,0,0,0,"- ","- ",38.260350000000003,-122.30083999999999,NAPA,UNINCORPORATED,-122.30083138000001,38.260343450000001
90619764,2017,2017-12-18,9325,2017-12-13,1750,013434,,3,2,9,2800,0,1,3,,1,011,"SR-29 (SOUTHBOUND)","NAPA VALLEY CORPORATE DR",275.00,N,N,A,-,Y,,,,,,,,,,Y,4,0,1,2,A,-,01,23152,A,N,C,C,A,A,H,-,D,D,0,,,,,Y,Y,A,01,0,0,1,0,0,0,0,0,0,"- ","- ",38.242959999999997,-122.22761,NAPA,UNINCORPORATED,,
90619793,2017,2017-12-18,9325,2017-12-08,1425,021005,,5,2,9,2800,0,1,3,,1,081,SR-121,"CIRCLE OAKS DR",1584.00,S,N,A,-,Y,,,121,,,,,,,Y,2,0,1,1,A,-,08,22107,,N,F,A,A,A,H,-,A,D,0,,,Y,,Y,,C,02,1,0,0,0,0,0,0,0,1,"- ","- ",38.404209999999999,-122.20474,NAPA,UNINCORPORATED,-122.20470262000001,38.404203639999999
90619800,2017,2017-12-18,9325,2017-12-08,2040,021005,,5,2,9,2800,0,3,5,,2,002,"4TH AVE","IMOLA AVE",528.00,N,N,A,-,N,,,,,,,,,,Y,3,0,1,1,A,-,08,22107,,N,E,I,A,A,H,-,D,D,0,,,,,Y,,A,07,0,1,0,0,0,0,0,0,0,"- ","- ",38.283029999999997,-122.24704,NAPA,UNINCORPORATED,-122.24874,38.281035719999998
90619818,2017,2017-12-18,9325,2017-12-15,1505,020893,,5,2,9,2800,0,1,3,,1,012,"SR-12 W/B","KIRKLAND RANCH RD",350.00,E,N,A,-,Y,,,,,,,,,,Y,3,0,1,1,A,-,08,22107,,N,E,I,A,A,H,-,A,D,0,,,,,Y,,A,01,0,1,0,0,0,0,0,0,0,"- ","- ",38.098199999999999,-122.0973,NAPA,UNINCORPORATED,-122.23305927,38.219754450000003