CASE_ID,ACCIDENT_YEAR,PROC_DATE,JURIS,COLLISION_DATE,COLLISION_TIME,OFFICER_ID,REPORTING_DISTRICT,DAY_OF_WEEK,CHP_SHIFT,POPULATION,CNTY_CITY_LOC,SPECIAL_COND,BEAT_TYPE,CHP_BEAT_TYPE,CITY_DIVISION_LAPD,CHP_BEAT_CLASS,BEAT_NUMBER,PRIMARY_RD,SECONDARY_RD,DISTANCE,DIRECTION,INTERSECTION,WEATHER_1,WEATHER_2,STATE_HWY_IND,CALTRANS_COUNTY,CALTRANS_DISTRICT,STATE_ROUTE,ROUTE_SUFFIX,POSTMILE_PREFIX,POSTMILE,LOCATION_TYPE,RAMP_INTERSECTION,SIDE_OF_HWY,TOW_AWAY,COLLISION_SEVERITY,NUMBER_KILLED,NUMBER_INJURED,PARTY_COUNT,PRIMARY_COLL_FACTOR,PCF_CODE_OF_VIOL,PCF_VIOL_CATEGORY,PCF_VIOLATION,PCF_VIOL_SUBSECTION,HIT_AND_RUN,TYPE_OF_COLLISION,MVIW,PED_ACTION,ROAD_SURFACE,ROAD_COND_1,ROAD_COND_2,LIGHTING,CONTROL_DEVICE,CHP_ROAD_TYPE,PEDESTRIAN_ACCIDENT,BICYCLE_ACCIDENT,MOTORCYCLE_ACCIDENT,TRUCK_ACCIDENT,NOT_PRIVATE_PROPERTY,ALCOHOL_INVOLVED,STWD_VEHTYPE_AT_FAULT,CHP_VEHTYPE_AT_FAULT,COUNT_SEVERE_INJ,COUNT_VISIBLE_INJ,COUNT_COMPLAINT_PAIN,COUNT_PED_KILLED,COUNT_PED_INJURED,COUNT_BICYCLIST_KILLED,COUNT_BICYCLIST_INJURED,COUNT_MC_KILLED,COUNT_MC_INJURED,PRIMARY_RAMP,SECONDARY_RAMP,LATITUDE,LONGITUDE,COUNTY,CITY,POINT_X,POINT_Y
90702916,2018,2018-04-10,9325,2018-03-28,0730,015674,,3,1,9,2800,0,3,5,,1,008,"CHILES POPE VALLEY RD.","POPE VALLEY CROSS RD",1056.00,S,N,A,-,N,,,,,,,,,,Y,4,0,1,1,A,-,08,22107,,N,E,I,A,A,H,-,A,D,0,,,,,Y,,A,07,0,0,1,0,0,0,0,0,0,"- ","- ",38.364498138427734,-122.24479675292969,NAPA,UNINCORPORATED,-122.41340637207031,38.612411499023438
90703655,2018,2018-04-11,9325,2018-04-03,2005,019847,,2,2,9,2800,0,3,5,,2,002,"SILVERADO TRAIL","ROSE DRIVE",10.00,N,N,A,-,N,,,,,,,,,,Y,4,0,1,2,A,-,03,22350,,N,C,C,A,A,H,-,D,D,0,,,,,Y,Y,A,07,0,0,1,0,0,0,0,0,0,"- ","- ",38.324089050292969,-122.27368927001953,NAPA,UNINCORPORATED,-122.273681640625,38.324066162109375
90703657,2018,2018-04-11,9325,2018-04-04,0700,014728,,3,1,9,2800,0,3,5,,2,007,"DUHIG RD.","LAS AMIGAS RD.",1584.00,S,N,A,-,N,,,,,,,,,,Y,3,0,1,1,A,-,08,22107,,N,E,I,A,A,H,-,A,D,0,,,,,Y,,A,01,0,1,0,0,0,0,0,0,0,"- ","- ",38.224899291992188,-122.35334014892578,NAPA,UNINCORPORATED,-122.35321807861328,38.225975036621094
90704150,2018,2018-04-12,9325,2018-04-04,1815,020829,,3,2,9,2800,0,2,4,,1,082,"BERRYESSA KNOXVILLE ROAD","POPE CANYON ROAD",79728.00,N,N,A,-,Y,,,,,,,,,,N,2,0,1,1,C,-,18,,,N,E,H,A,A,H,-,A,D,0,,,Y,,Y,,-,"- ",1,0,0,0,0,0,0,0,1,"- ","- ",38.793861389160156,-122.30055236816406,NAPA,UNINCORPORATED,-122.21869659423828,38.614620208740234
90705002,2018,2018-04-13,9325,2018-04-04,0855,014728,,3,1,9,2800,0,3,5,,2,002,"ATLAS PEAK RD.","HILLCREST DR.",0.00,,Y,A,-,N,,,,,,,,,,Y,3,0,1,2,A,-,09,21802,A,N,D,C,A,A,H,-,A,A,0,,,,,Y,,A,01,0,1,0,0,0,0,0,0,0,"- ","- ",38.339641571044922,-122.26280975341797,NAPA,UNINCORPORATED,-122.26277160644531,38.339691162109375
90705036,2018,2018-04-13,9325,2018-04-05,1600,021005,,4,2,9,2800,0,1,3,,1,011,"SR-29 S/B","AIRPORT BLVD",528.00,S,N,A,-,Y,,,29,,,,,,S,N,4,0,2,2,A,-,03,22350,,N,C,C,A,A,H,-,A,D,0,,,,,Y,,A,07,0,0,2,0,0,0,0,0,0,"- ","- ",38.219181060791016,-122.25752258300781,NAPA,UNINCORPORATED,-122.25762176513672,38.219165802001953
90705115,2018,2018-04-13,9325,2018-04-06,1030,021334,,5,1,9,2800,0,1,3,,1,011,SR-29,SR-221,528.00,S,N,C,-,Y,,,29,,,,,,,N,4,0,1,2,A,-,03,22350,,N,C,C,A,B,H,-,A,D,0,,,,,Y,,A,01,0,0,1,0,0,0,0,0,0,"- ","- ",38.240028381347656,-122.26722717285156,NAPA,UNINCORPORATED,-122.26718902587891,38.240077972412109
90705363,2018,2018-04-13,9325,2018-04-11,0205,019847,,3,3,9,2800,0,1,3,,1,044,SR-29,"GREEWOOD AVENUE",528.00,N,N,A,-,Y,,,29,,,,,,,Y,4,0,1,1,A,-,01,23152,A,N,E,I,A,A,H,-,D,D,0,,,,,Y,Y,A,01,0,0,1,0,0,0,0,0,0,"- ","- ",38.600341796875,-122.58473968505859,NAPA,UNINCORPORATED,-122.58477783203125,38.600311279296875
90707372,2018,2018-04-17,9325,2018-04-05,1730,021201,,4,2,9,2800,0,1,3,,1,031,"SR-29 N/B","SR-128 W/B",0.00,,Y,C,-,N,,,29,,,,,,N,Y,3,0,1,2,A,-,09,21801,A,N,D,C,A,B,H,-,A,D,0,,,,,Y,,A,07,0,1,0,0,0,0,0,0,0,"- ","- ",38.458770751953125,-122.42273712158203,NAPA,UNINCORPORATED,-122.42284393310547,38.458663940429688
90709450,2018,2018-04-19,9325,2018-04-13,1730,021005,,5,2,9,2800,0,1,3,,1,031,SR-29,"WHITEHALL LN",250.00,N,N,A,-,Y,,,29,,,,,,,Y,4,0,1,2,A,-,03,22350,,N,C,C,A,A,H,-,A,D,0,,,,,Y,Y,A,01,0,0,1,0,0,0,0,0,0,"- ","- ",38.478191375732422,-122.43743133544922,NAPA,UNINCORPORATED,-122.43740081787109,38.478221893310547
90709488,2018,2018-04-19,9325,2018-04-16,1540,015350,,1,2,9,2800,0,1,3,,1,011,"SR-29 S/B","SOUTH KELLY ROAD",1056.00,S,N,B,-,Y,,,29,,,,,,S,Y,4,0,2,3,A,-,03,22350,,N,C,C,A,B,H,-,A,A,0,,,,,Y,,D,22,0,0,2,0,0,0,0,0,0,"- ","- ",38.204689025878906,-122.25630187988281,NAPA,UNINCORPORATED,-122.25624847412109,38.204689025878906
9071065,2020,2020-10-12,2803,2020-02-24,1735,91,,1,5,2,2803,0,0,0,,0,,"MAIN ST","FULTON LN",5.00,S,N,A,-,Y,NAP,4,29,-,-,28.940,I,5,N,N,3,0,1,2,A,-,10,21950,,N,G,B,B,A,H,-,A,A,0,Y,,,,Y,,A,01,0,1,0,0,1,0,0,0,0,"- ","- ",38.505630493164062,-122.47026062011719,NAPA,"SAINT HELENA",-122.47315979003906,38.507003784179688
90712220,2018,2018-04-24,9325,2018-04-14,0930,021324,,6,1,9,2800,0,2,4,,2,032,"SILVERADO TRAIL","ZINFANDEL LN",0.00,,Y,A,-,N,,,,,,,,,,Y,3,0,2,2,A,-,09,21802,B,N,A,C,A,A,H,-,A,A,0,,,,,Y,,A,01,0,1,1,0,0,0,0,0,0,"- ","- ",38.497100830078125,-122.42440795898438,NAPA,UNINCORPORATED,-122.42442321777344,38.497100830078125
9071226,2020,2020-12-15,2802,2020-05-29,0635,320527,39,5,5,5,2802,0,0,0,,0,02B,"SILVERADO TRL","SOUSA LN",0.00,,Y,A,-,Y,NAP,4,121,-,-,6.850,H,-,S,Y,4,0,2,2,A,-,09,21801,A,N,D,C,A,A,H,-,A,D,0,,,,,Y,,A,01,0,0,2,0,0,0,0,0,0,FR,"- ",,,NAPA,NAPA,-122.27523040771484,38.292270660400391
90712781,2018,2018-04-25,9325,2018-04-15,1942,021005,,7,2,9,2800,0,1,3,,1,022,"SR-29 S/B","OAK KNOLL AVE",800.00,S,N,A,-,Y,,,29,,,,,,S,Y,2,0,5,2,A,-,01,23152,G,N,C,C,A,A,H,-,A,D,0,,,,,Y,Y,A,07,1,2,2,0,0,0,0,0,0,"- ","- ",38.351718902587891,-122.33100128173828,NAPA,UNINCORPORATED,-122.33087921142578,38.351783752441406
90713279,2018,2018-04-25,9325,2018-04-16,0945,015674,,1,1,9,2800,0,1,3,,1,044,SR-29,"MONTESOL RD",317.00,S,N,B,-,Y,,,29,,,,,,,Y,4,0,1,1,A,-,08,22107,,N,E,I,A,B,H,-,A,D,0,,,,,Y,,D,22,0,0,1,0,0,0,0,0,0,"- ","- ",38.666889190673828,-122.59890747070312,NAPA,UNINCORPORATED,-122.59891510009766,38.666885375976562
90713288,2018,2018-04-25,9325,2018-04-20,1415,021005,,5,2,9,2800,0,1,3,,1,011,"SR-29 N/B","SOSCOL CREEK RD",500.00,N,N,A,-,Y,,,29,,,,,,N,N,4,0,1,3,A,-,03,22350,,N,C,C,A,A,H,-,A,D,0,,,,,Y,,A,07,0,0,1,0,0,0,0,0,0,"- ","- ",38.238349914550781,-122.26522827148438,NAPA,UNINCORPORATED,-122.26519775390625,38.238384246826172
90715428,2018,2018-04-27,9325,2018-04-20,1640,021005,,5,2,9,2800,0,1,3,,2,071,SR-121,"HAIRE LN",2112.00,N,N,A,-,Y,,,121,,,,,,,Y,4,0,1,3,A,-,03,22350,,N,C,C,A,A,H,-,A,D,0,,,,,Y,,A,01,0,0,1,0,0,0,0,0,0,"- ","- ",38.255191802978516,-122.36985015869141,NAPA,UNINCORPORATED,-122.36976623535156,38.254955291748047
90715699,2018,2018-04-27,9325,2018-04-21,2215,021605,,6,3,9,2800,0,3,5,,2,002,"HILLCREST DRIVE","ATLAS PEAK RD",55.00,E,N,A,-,N,,,,,,,,,,Y,3,0,1,1,A,-,01,23152,A,N,E,I,A,A,H,-,C,D,0,,,,,Y,Y,A,01,0,1,0,0,0,0,0,0,0,"- ","- ",38.339809417724609,-122.62644195556641,NAPA,UNINCORPORATED,-122.26261901855469,38.33978271484375
90715701,2018,2018-04-27,9325,2018-04-22,1300,021334,,7,1,9,2800,0,1,3,,1,011,SR-29,"SOUTH KELLY ROAD",30.00,N,N,A,-,Y,,,29,,,,,,,Y,4,0,1,2,A,-,01,23152,A,N,C,C,A,A,H,-,A,D,0,,,,,Y,Y,A,01,0,0,1,0,0,0,0,0,0,"- ","- ",38.207679748535156,-122.25627136230469,NAPA,UNINCORPORATED,-122.25629425048828,38.207679748535156
90715739,2018,2018-04-30,9325,2018-04-21,1350,021324,,6,1,9,2800,0,1,3,,1,013,"SR-221 N/B","STREBLOW DR",528.00,S,N,A,-,Y,,,221,,,,,,N,Y,3,0,1,2,A,-,03,22350,,N,C,C,A,A,H,-,A,D,0,,,,,Y,,A,08,0,1,0,0,0,0,0,0,0,"- ","- ",38.268589019775391,-122.27150726318359,NAPA,UNINCORPORATED,-122.27145385742188,38.268604278564453
9071574,2020,2020-08-03,2803,2020-03-03,2012,89,,2,5,2,2803,0,0,0,,0,,"PRATT AV","SILVERADO TRL",843.00,W,N,A,-,N,,,,,,,,,,Y,3,0,1,1,A,-,01,23152,A,N,E,I,A,A,H,-,D,D,0,,,,,Y,Y,A,01,0,1,0,0,0,0,0,0,0,"- ","- ",38.488498687744141,-122.40709686279297,NAPA,"SAINT HELENA",-122.47178649902344,38.518936157226562
90715740,2018,2018-04-30,9325,2018-04-21,1435,021005,,6,2,9,2800,0,1,3,,1,011,"SR-29 N/B","SOSCOL CREEK RD",500.00,S,N,A,-,Y,,,29,,,,,,N,Y,3,0,2,2,A,-,03,22350,,N,C,C,A,A,H,-,A,D,0,,,,,Y,,A,01,0,1,1,0,0,0,0,0,0,"- ","- ",38.236251831054688,-122.26271820068359,NAPA,UNINCORPORATED,-122.26270294189453,38.23626708984375
90717062,2018,2018-05-01,9325,2018-04-15,1445,021181,,7,2,9,2800,0,1,3,,1,041,SR-29,"OLD LAWLEY TOLL RD",7920.00,N,N,C,-,Y,,,29,,,,,,,Y,3,0,3,1,A,-,03,22350,,N,E,J,A,B,H,-,A,D,0,,,,,Y,,A,01,0,1,2,0,0,0,0,0,0,"- ","- ",38.647998809814453,-122.59010314941406,NAPA,UNINCORPORATED,-122.59024810791016,38.64794921875
90717794,2018,2018-05-01,9325,2018-04-19,1220,015350,,4,1,9,2800,0,3,5,,2,007,"MILTON ROAD","LAS AMIGAS RD",2640.00,S,N,A,-,N,,,,,,,,,,Y,3,0,2,3,A,-,03,22350,,N,C,C,E,A,H,-,A,D,0,Y,,,,Y,,A,07,0,2,0,0,1,0,0,0,0,"- ","- ",38.222179412841797,-122.31662750244141,NAPA,UNINCORPORATED,-122.31748962402344,38.223323822021484
90717803,2018,2018-05-01,9325,2018-04-23,0700,015350,,1,1,9,2800,0,1,3,,2,071,SR-121,"STANLEY LANE",1840.00,S,N,A,-,Y,,,121,,,,,,,Y,4,0,1,3,A,-,03,22350,,N,C,C,A,A,H,-,A,A,0,,,,,Y,,D,22,0,0,1,0,0,0,0,0,0,"- ","- ",38.258750915527344,-122.31298065185547,NAPA,UNINCORPORATED,-122.31296539306641,38.258689880371094
90718528,2018,2018-05-02,9325,2018-04-23,1309,015447,,1,1,9,2800,0,3,5,,2,003,"BROOKSIDE DR","WHITE COTTAGE RD  S",2112.00,E,N,A,-,N,,,,,,,,,,Y,3,0,1,3,A,-,01,23152,A,N,B,E,A,A,H,-,A,D,0,,,,,Y,Y,A,01,0,1,0,0,0,0,0,0,0,"- ","- ",38.570358276367188,-122.44911193847656,NAPA,UNINCORPORATED,-122.44927978515625,38.570419311523438
90718544,2018,2018-05-02,9325,2018-04-23,1151,015350,,1,1,9,2800,0,1,3,,1,021,SR-121,"ATLAS PEAK ROAD",620.00,S,N,A,-,Y,,,121,,,,,,,Y,4,0,5,4,A,-,03,22350,,N,C,C,A,A,H,-,A,A,0,,,,,Y,,A,01,0,0,5,0,0,0,0,0,0,"- ","- ",38.336528778076172,-122.26232147216797,NAPA,UNINCORPORATED,-122.26228332519531,38.336490631103516
90718591,2018,2018-05-02,9325,2018-04-24,1230,015350,,2,1,9,2800,0,1,3,,1,013,"SR-221 S/B","NAPA VALLEY CORPORATE WAY",1490.00,S,N,A,-,Y,,,221,,,,,,S,Y,4,0,3,3,A,-,03,22350,,N,C,C,A,A,H,-,A,A,0,,,,,Y,,A,01,0,0,3,0,0,0,0,0,0,"- ","- ",38.246299743652344,-122.26969909667969,NAPA,UNINCORPORATED,-122.26969146728516,38.246303558349609
90718733,2018,2018-05-02,9325,2018-04-25,0430,020776,,3,3,9,2800,0,3,5,,2,002,"PARTRICK RD","BORRETTE LN",11616.00,W,N,A,-,N,,,,,,,,,,Y,3,0,2,1,A,-,01,23152,A,N,E,I,A,A,H,-,D,D,0,,,,,Y,Y,A,01,0,2,0,0,0,0,0,0,0,"- ","- ",38.316219329833984,-122.38024139404297,NAPA,UNINCORPORATED,-122.38003540039062,38.316184997558594
90719229,2018,2018-05-03,9325,2018-04-18,0640,015674,,3,1,9,2800,0,2,4,,2,032,"SILVERADO TRAIL","POPE ST.",1200.00,N,N,B,-,N,,,,,,,,,,Y,4,0,2,3,A,-,05,21460,A,N,B,C,A,A,H,-,B,D,0,,,,,Y,,A,01,0,0,2,0,0,0,0,0,0,"- ","- ",38.514499664306641,-122.45816802978516,NAPA,UNINCORPORATED,-122.45821380615234,38.514450073242188
90719290,2018,2018-05-03,9325,2018-04-26,1210,021334,,4,1,9,2800,0,1,3,,1,011,"SR-29 N/B",SR-221,2112.00,N,N,A,-,Y,,,29,,,,,,N,Y,2,0,1,1,A,-,08,22107,,N,E,I,A,A,H,-,A,D,0,,,,,Y,,A,01,1,0,0,0,0,0,0,0,0,"- ","- ",38.243251800537109,-122.27658081054688,NAPA,UNINCORPORATED,-122.27658081054688,38.243186950683594
90719327,2018,2018-05-03,9325,2018-04-27,0600,021324,,5,1,9,2800,0,2,4,,1,034,"DEER PARK RD","OAK ST",75.00,W,N,A,-,N,,,,,,,,,,Y,3,0,1,1,A,-,08,22107,,N,E,I,A,A,H,-,B,D,0,,,,,Y,,A,07,0,1,0,0,0,0,0,0,0,"- ","- ",38.5418701171875,-122.46914672851562,NAPA,UNINCORPORATED,-122.46929931640625,38.542255401611328
90719538,2018,2018-05-03,9325,2018-04-28,0345,021439,,6,3,9,2800,0,2,4,,1,034,"DEER PARK RD","MUND RD",23.00,N,N,B,-,N,,,,,,,,,,Y,3,0,1,1,A,-,08,22107,,N,E,I,A,A,H,-,D,D,0,,,,,Y,,A,01,0,1,0,0,0,0,0,0,0,"- ","- ",38.532020568847656,-122.4705810546875,NAPA,UNINCORPORATED,-122.470703125,38.532241821289062
90719600,2018,2018-05-03,9325,2018-05-01,1215,015350,,2,1,9,2800,0,1,3,,1,011,"SR-29 N/B",SR-221,30.00,S,N,A,-,Y,,,29,,,,,,N,Y,4,0,3,3,A,-,03,22350,,N,C,C,A,A,H,-,A,A,0,,,,Y,Y,,A,07,0,0,3,0,0,0,0,0,0,"- ","- ",38.241428375244141,-122.26898193359375,NAPA,UNINCORPORATED,-122.26898193359375,38.241420745849609
90719625,2018,2018-05-03,9325,2018-04-17,0745,014728,,2,1,5,2802,1,4,S,,2,901,"SUMNER AVE.","STUART WAY",8.00,W,N,A,-,N,,,,,,,,,,N,4,0,1,2,A,-,05,21650,,N,A,C,A,A,H,-,A,D,0,,,,,Y,,A,01,0,0,1,0,0,0,0,0,0,"- ","- ",38.319950103759766,-122.30014038085938,NAPA,NAPA,-122.30043792724609,38.319915771484375
90719628,2018,2018-05-03,9325,2018-04-29,1135,021324,,7,1,9,2800,0,2,4,,2,032,"SILVERADO TRAIL","POPE ST",1056.00,S,N,A,-,N,,,,,,,,,,Y,2,0,1,1,A,-,08,22107,,N,E,I,A,A,H,-,A,D,0,,,,,Y,,A,01,1,0,0,0,0,0,0,0,0,"- ","- ",38.510578155517578,-122.45182800292969,NAPA,UNINCORPORATED,-122.45236968994141,38.510807037353516
90719638,2018,2018-05-03,9325,2018-05-01,1550,018110,,2,2,9,2800,0,3,5,,2,002,"ORCHARD AVE","DRY CREEK ROAD",1056.00,E,N,A,-,N,,,,,,,,,,Y,4,0,1,1,A,-,08,22107,,N,E,I,A,A,H,-,A,A,0,,,,,Y,Y,A,01,0,0,1,0,0,0,0,0,0,"- ","- ",38.342880249023438,-122.34764862060547,NAPA,UNINCORPORATED,-122.34735107421875,38.342979431152344
90719645,2018,2018-05-03,9325,2018-05-02,1530,013434,,3,2,9,2800,0,1,3,,1,022,SR-29,"OLD SONOMA RD (O/C)",978.00,N,N,A,-,Y,,,,,,,,,,Y,3,0,1,2,A,-,07,21658,A,N,B,C,A,A,H,-,A,D,0,,,,,Y,,D,22,0,1,0,0,0,0,0,0,0,"- ","- ",38.290699005126953,-122.30233001708984,NAPA,UNINCORPORATED,-122.3018798828125,38.290267944335938
90719647,2018,2018-05-03,9325,2018-04-29,1638,021005,,7,2,9,2800,0,1,3,,2,071,SR-29,"STANLEY LN",3168.00,S,N,A,-,Y,,,,,,,,,,Y,3,0,1,1,A,-,08,22107,,N,E,I,A,A,H,-,A,D,0,,,,,Y,,D,22,0,1,0,0,0,0,0,0,0,"- ","- ",38.258258819580078,-122.30605316162109,NAPA,UNINCORPORATED,,
90721352,2018,2018-05-07,9325,2018-04-30,1535,015447,,1,2,9,2800,0,2,4,,1,023,"SILVERADO TRAIL","SODA CANYON RD",600.00,S,N,B,-,N,,,,,,,,,,Y,3,0,2,1,A,-,08,22107,,N,E,I,A,A,H,-,A,D,0,,,,,Y,,A,01,0,2,0,0,0,0,0,0,0,"- ","- ",38.354698181152344,-122.28669738769531,NAPA,UNINCORPORATED,-122.28711700439453,38.355266571044922
90721743,2018,2018-05-08,9325,2018-05-01,1007,015674,,2,1,9,2800,0,2,4,,1,034,"DEER PARK RD.","SUNNYSIDE RD.",240.00,E,N,A,-,N,,,,,,,,,,Y,4,0,1,3,A,-,08,22107,,N,D,C,A,A,H,-,A,D,0,,,,,Y,,A,01,0,0,1,0,0,0,0,0,0,"- ","- ",38.538818359375,-122.46882629394531,NAPA,UNINCORPORATED,-122.46883392333984,38.538715362548828
90721778,2018,2018-05-08,9325,2018-05-01,1355,015674,,2,1,9,2800,0,1,3,,1,044,SR-29,"OLD LAWLEY TOLL RD.",22704.00,N,N,A,-,Y,,,29,,,,,,,Y,4,0,2,2,A,-,03,22350,,N,C,C,A,A,H,-,A,D,0,,,,,Y,,A,01,0,0,2,0,0,0,0,0,0,"- ","- ",38.666519165039062,-122.59562683105469,NAPA,UNINCORPORATED,-122.59561920166016,38.666549682617188
90721781,2018,2018-05-08,9325,2018-05-04,1305,020957,,5,1,9,2800,0,2,4,,1,034,"SANITARIUM RD","SILVERADO TRAIL",1050.00,E,N,A,-,N,,,,,,,,,,Y,4,0,2,2,A,-,08,22107,,N,A,C,A,A,H,-,A,D,0,,,,,Y,,A,01,0,0,2,0,0,0,0,0,0,"- ","- ",38.527240753173828,-122.47959136962891,NAPA,UNINCORPORATED,-122.47947692871094,38.527294158935547
90722530,2018,2018-05-09,9325,2018-05-05,2350,021201,,6,3,9,2800,0,1,3,,1,012,"SR-12 W/B","KIRKLAND RANCH RD",1500.00,W,N,A,-,Y,,,12,,,,,,W,Y,4,0,2,1,A,-,08,22107,,N,E,I,A,A,H,-,D,D,0,,,,,Y,,A,07,0,0,2,0,0,0,0,0,0,"- ","- ",38.221519470214844,-122.23927307128906,NAPA,UNINCORPORATED,-122.23927307128906,38.221427917480469
9072343,2020,2020-05-19,2802,2020-02-27,1240,320425,29,4,5,5,2802,0,0,0,,0,003,"HAGEN RD","SILVERADO TRL",0.00,,Y,A,-,N,,,,,,,,,,Y,4,0,1,1,A,-,08,22107,,N,E,I,A,A,H,-,A,A,0,,,,,Y,,A,01,0,0,1,0,0,0,0,0,0,"- ","- ",,,NAPA,NAPA,-122.27200317382812,38.320560455322266
9072348,2020,2020-05-19,2802,2020-02-29,1206,320425,51,6,5,5,2802,0,0,0,,0,02B,"SHETLER AV","CORONADO AV",0.00,,Y,A,-,N,,,,,,,,,,N,4,0,3,2,A,-,09,21802,B,N,D,C,A,A,H,-,A,A,0,,,,,Y,,A,01,0,0,3,0,0,0,0,0,0,"- ","- ",,,NAPA,NAPA,-122.26806640625,38.282699584960938
90723532,2018,2018-05-10,9325,2018-05-08,1550,015447,,2,2,9,2800,0,1,3,,1,031,"SR-29 S/B",SR-128,2640.00,N,N,A,-,Y,,,29,,,,,,S,Y,4,0,1,2,A,-,03,22350,,N,C,C,A,A,H,-,A,D,0,,,,,Y,,A,01,0,0,1,0,0,0,0,0,0,"- ","- ",38.465000152587891,-122.42759704589844,NAPA,UNINCORPORATED,-122.42764282226562,38.4649658203125
90723545,2018,2018-05-10,9325,2018-05-07,2302,019067,,1,3,9,2800,0,1,3,,1,011,"SR-29 N/B",SR-12,0.00,,Y,A,-,Y,,,29,,,,,,N,Y,3,0,2,2,A,-,09,21453,C,N,D,C,A,A,H,-,C,A,0,,,,,Y,,A,01,0,2,0,0,0,0,0,0,0,"- ","- ",38.223091125488281,-122.25788116455078,NAPA,UNINCORPORATED,-122.25778198242188,38.223094940185547
9072359,2020,2020-05-19,2802,2020-02-29,1828,320488,37,6,5,5,2802,0,0,0,,0,01C,"2ND ST","JEFFERSON ST",0.00,,Y,A,-,N,,,,,,,,,,Y,4,0,2,2,A,-,12,21453,A,N,D,C,A,A,H,-,C,A,0,,,,,Y,,A,08,0,0,2,0,0,0,0,0,0,"- ","- ",,,NAPA,NAPA,-122.29353332519531,38.296539306640625
90725931,2018,2018-05-14,9325,2018-05-08,1300,015350,,2,1,9,2800,0,2,4,,1,034,"DEER PARK ROAD","SILVERADO TRAIL",1056.00,E,N,A,-,N,,,,,,,,,,Y,3,0,1,2,A,-,05,21460,A,N,D,C,A,A,H,-,A,A,0,,,Y,Y,Y,,C,02,0,1,0,0,0,0,0,0,1,"- ","- ",38.528118133544922,-122.47895050048828,NAPA,UNINCORPORATED,-122.47946166992188,38.527320861816406
90727405,2018,2018-05-16,9325,2018-05-10,0140,019775,,4,3,9,2800,0,1,3,,1,021,"SR-121 N/B","VICHY AVE",80.00,N,N,A,-,N,,,121,,,,,,N,Y,4,0,1,1,A,-,01,23152,A,N,E,I,A,A,H,-,C,D,0,,,,,Y,Y,A,01,0,0,1,0,0,0,0,0,0,"- ","- ",38.338638305664062,-122.25984954833984,NAPA,UNINCORPORATED,-122.25990295410156,38.338695526123047
90727687,2018,2018-05-16,9325,2018-05-06,1815,021005,,7,2,9,2800,0,3,5,,2,001,"NORTH KELLY ROAD","CAMINO DORADO",600.00,S,N,A,-,N,,,,,,,,,,Y,2,0,1,1,A,-,01,23152,A,N,F,A,A,A,H,-,A,D,0,,,Y,,Y,Y,C,02,1,0,0,0,0,0,0,0,1,"- ","- ",38.229190826416016,-122.25354766845703,NAPA,UNINCORPORATED,-122.25379943847656,38.229427337646484
9072813,2020,2020-06-24,2802,2020-03-15,1138,32045,58,7,5,5,2802,0,0,0,,0,04A,"1ST ST","FREEWAY DR",0.00,,Y,A,-,N,,,,,,,,,,N,4,0,1,2,A,-,03,22350,,N,C,C,A,A,H,-,A,D,0,,,,,Y,,A,01,0,0,1,0,0,0,0,0,0,"- ","- ",,,NAPA,NAPA,-122.30593109130859,38.299678802490234
9072814,2020,2020-06-24,2802,2020-03-04,1503,320501,37,3,5,5,2802,0,0,0,,0,01C,"1ST ST","FRANKLIN ST",0.00,,Y,A,-,N,,,,,,,,,,N,3,0,1,2,A,-,09,21801,A,F,H,G,A,A,H,-,A,A,0,,Y,,,Y,Y,-,99,0,1,0,0,0,0,1,0,0,"- ","- ",,,NAPA,NAPA,-122.28867340087891,38.297588348388672
9072815,2020,2020-08-04,2802,2020-03-10,0702,320501,59,2,5,5,2802,0,0,0,,0,04B,"W IMOLA AV","RT 29",0.00,W,N,A,-,Y,NAP,4,29,-,R,10.273,R,4,S,N,4,0,1,2,A,-,03,22350,,N,C,C,A,A,H,-,A,A,0,,,Y,,Y,,A,01,0,0,1,0,0,0,0,0,1,"- ","- ",,,NAPA,NAPA,-122.30020904541016,38.280265808105469
90728469,2018,2018-05-17,9325,2018-05-12,0900,021334,,6,1,9,2800,0,1,3,,1,081,SR-121,"WATERS RD",1584.00,S,N,A,-,Y,,,121,,,,,,,N,3,0,1,1,A,-,08,22107,,N,H,G,A,A,H,-,A,D,0,,Y,,,Y,,L,04,0,1,0,0,0,0,1,0,0,"- ","- ",38.395530700683594,-122.20391845703125,NAPA,UNINCORPORATED,-122.20391845703125,38.395530700683594
90728947,2018,2018-05-17,9325,2018-05-12,1215,021334,,6,1,9,2800,0,1,3,,1,080,SR-128,"GREAVES RD",6336.00,E,N,A,-,Y,,,128,,,,,,,N,2,0,1,1,A,-,08,22107,,N,F,A,A,A,H,-,A,D,0,,,Y,,Y,,C,02,1,0,0,0,0,0,0,0,1,"- ","- ",38.505081176757812,-122.11514282226562,NAPA,UNINCORPORATED,-122.11513519287109,38.505077362060547