CASE_ID,ACCIDENT_YEAR,PROC_DATE,JURIS,COLLISION_DATE,COLLISION_TIME,OFFICER_ID,REPORTING_DISTRICT,DAY_OF_WEEK,CHP_SHIFT,POPULATION,CNTY_CITY_LOC,SPECIAL_COND,BEAT_TYPE,CHP_BEAT_TYPE,CITY_DIVISION_LAPD,CHP_BEAT_CLASS,BEAT_NUMBER,PRIMARY_RD,SECONDARY_RD,DISTANCE,DIRECTION,INTERSECTION,WEATHER_1,WEATHER_2,STATE_HWY_IND,CALTRANS_COUNTY,CALTRANS_DISTRICT,STATE_ROUTE,ROUTE_SUFFIX,POSTMILE_PREFIX,POSTMILE,LOCATION_TYPE,RAMP_INTERSECTION,SIDE_OF_HWY,TOW_AWAY,COLLISION_SEVERITY,NUMBER_KILLED,NUMBER_INJURED,PARTY_COUNT,PRIMARY_COLL_FACTOR,PCF_CODE_OF_VIOL,PCF_VIOL_CATEGORY,PCF_VIOLATION,PCF_VIOL_SUBSECTION,HIT_AND_RUN,TYPE_OF_COLLISION,MVIW,PED_ACTION,ROAD_SURFACE,ROAD_COND_1,ROAD_COND_2,LIGHTING,CONTROL_DEVICE,CHP_ROAD_TYPE,PEDESTRIAN_ACCIDENT,BICYCLE_ACCIDENT,MOTORCYCLE_ACCIDENT,TRUCK_ACCIDENT,NOT_PRIVATE_PROPERTY,ALCOHOL_INVOLVED,STWD_VEHTYPE_AT_FAULT,CHP_VEHTYPE_AT_FAULT,COUNT_SEVERE_INJ,COUNT_VISIBLE_INJ,COUNT_COMPLAINT_PAIN,COUNT_PED_KILLED,COUNT_PED_INJURED,COUNT_BICYCLIST_KILLED,COUNT_BICYCLIST_INJURED,COUNT_MC_KILLED,COUNT_MC_INJURED,PRIMARY_RAMP,SECONDARY_RAMP,LATITUDE,LONGITUDE,COUNTY,CITY,POINT_X,POINT_Y
90886867,2018,2018-12-20,9325,2018-12-12,1245,020811,,3,1,5,2802,0,1,3,,1,011,"SR-29 S/B","IMOLA AVE",30.00,S,N,A,-,Y,,,29,,,,,,S,Y,4,0,1,2,A,-,07,21658,A,N,B,C,A,A,H,-,A,D,0,,,,,Y,,A,07,0,0,1,0,0,0,0,0,0,"- ","- ",38.281658172607422,-122.30043029785156,NAPA,NAPA,-122.30042266845703,38.281661987304688
90886876,2018,2018-12-20,9325,2018-12-12,0745,020829,,3,1,9,2800,0,3,5,,2,004,"FRANZ VALLEY SCHOOL ROAD","PETRIFIED FOREST ROAD",7392.00,N,N,A,-,N,,,,,,,,,,N,3,0,1,1,A,-,08,22107,,N,H,G,A,A,H,-,A,D,0,,Y,,,Y,,L,04,0,1,0,0,0,0,1,0,0,"- ","- ",38.582431793212891,-122.62863922119141,NAPA,UNINCORPORATED,-122.62722015380859,38.582122802734375
90888410,2018,2018-12-24,9325,2018-12-21,0128,021439,,5,3,9,2800,0,2,4,,2,032,"SILVERADO TRAIL","ZINFANDEL LN",1584.00,S,N,C,-,N,,,,,,,,,,Y,3,0,1,1,A,-,08,22107,,N,E,I,A,B,H,-,D,D,0,,,,,Y,,A,07,0,1,0,0,0,0,0,0,0,"- ","- ",38.494338989257812,-122.42046356201172,NAPA,UNINCORPORATED,-122.42037200927734,38.494140625
90888414,2018,2018-12-24,9325,2018-12-20,2135,021439,,4,2,9,2800,0,2,4,,1,034,"HOWELL MOUNTAIN RD","POPE VALLEY RD",1584.00,S,N,C,-,N,,,,,,,,,,Y,3,0,1,1,A,-,03,22350,,N,E,I,A,B,H,-,D,D,0,,,,,Y,,A,01,0,1,0,0,0,0,0,0,0,"- ","- ",38.612190246582031,-122.43018341064453,NAPA,UNINCORPORATED,-122.42975616455078,38.612373352050781
90888421,2018,2018-12-24,9325,2018-12-14,1240,020829,,5,1,9,2800,0,1,3,,1,044,SR-29,"TUBBS LANE",5808.00,N,N,B,C,Y,,,29,,,,,,,Y,3,0,1,1,A,-,03,22350,,N,E,I,A,B,H,-,A,D,0,,,,,Y,,A,01,0,1,0,0,0,0,0,0,0,"- ","- ",38.614410400390625,-122.59674072265625,NAPA,UNINCORPORATED,-122.59677886962891,38.614322662353516
90888501,2018,2018-12-24,9325,2018-12-14,2020,021083,,5,2,9,2800,0,3,5,,2,001,"SR-29 N/B","SOSCOL FERRY RD",100.00,S,N,A,B,Y,,,29,,,,,,N,N,4,0,2,2,A,-,01,23152,A,N,C,C,A,B,H,-,C,D,0,,,,,Y,Y,D,22,0,0,2,0,0,0,0,0,0,"- ","- ",38.239299774169922,-122.26650238037109,NAPA,UNINCORPORATED,-122.26639556884766,38.239421844482422
90888509,2018,2018-12-24,9325,2018-12-21,1115,019190,,5,1,9,2800,0,1,3,,1,012,"JAMESON CANYON ROAD","NORTH KELLY ROAD",0.00,,Y,B,C,Y,,,,,,,,,,Y,4,0,2,2,A,-,12,21453,A,N,D,C,A,B,H,-,A,A,0,,,,,Y,,D,22,0,0,2,0,0,0,0,0,0,"- ","- ",38.222488403320312,-122.25302886962891,NAPA,UNINCORPORATED,,
90888757,2018,2018-12-24,9365,2018-12-13,2110,020774,,4,2,9,2800,0,2,4,,1,032,"AMERICAN CANYON RD.","CANYON RD.",90.00,E,N,A,-,N,,,,,,,,,,Y,3,0,1,1,A,-,08,22107,,N,E,I,A,A,H,-,D,D,0,,,,,Y,,A,07,0,1,0,0,0,0,0,0,0,"- ","- ",38.166370391845703,-122.21112060546875,NAPA,UNINCORPORATED,-122.21136474609375,38.165775299072266
90889375,2018,2018-12-24,9325,2018-12-20,1705,013434,,4,2,9,2800,0,1,3,,1,013,"SR-221 (SOUTHBOUND)",SR-29,1056.00,N,N,A,-,Y,,,221,,,,,,,Y,3,0,4,3,A,-,01,23152,A,N,C,C,A,A,H,-,D,D,0,,,,,Y,Y,A,07,0,2,2,0,0,0,0,0,0,"- ","- ",38.245681762695312,-122.26950073242188,NAPA,UNINCORPORATED,-122.26952362060547,38.245674133300781
90889540,2018,2018-12-25,9325,2018-12-18,1626,020776,,2,2,9,2800,0,1,3,,1,044,"SR-29 N/B","TUBBS LN",10560.00,N,N,C,-,Y,,,29,,,,,,N,Y,3,0,1,2,A,-,03,22350,,N,A,C,A,B,H,-,B,D,0,,,,,Y,,A,01,0,1,0,0,0,0,0,0,0,"- ","- ",38.610260009765625,-122.59407806396484,NAPA,UNINCORPORATED,-122.59415435791016,38.610332489013672
90890227,2018,2018-12-26,9325,2018-12-17,0640,019847,,1,1,9,2800,0,1,3,,1,080,SR-128,"LOWER CHILES VALLEY RD",1056.00,E,N,C,-,Y,,,128,,,,,,,Y,4,0,1,1,A,-,08,22107,,N,E,I,A,A,H,-,D,D,0,,,,,Y,,A,01,0,0,1,0,0,0,0,0,0,"- ","- ",38.505088806152344,-122.28398132324219,NAPA,UNINCORPORATED,-122.28397369384766,38.505084991455078
90890237,2018,2018-12-26,9325,2018-12-21,1618,021083,,5,2,9,2800,0,1,3,,1,011,"SR-29 N/B",SR-221,1056.00,S,N,A,-,Y,,,29,,,,,,N,Y,4,0,2,2,A,-,03,22350,,N,C,C,A,A,H,-,A,D,0,,,,,Y,,A,01,0,0,2,0,0,0,0,0,0,"- ","- ",38.239601135253906,-122.26670074462891,NAPA,UNINCORPORATED,-122.26666259765625,38.239650726318359
90893352,2018,2019-06-25,9325,2018-11-03,1300,019190,,6,1,9,2800,0,3,5,,2,003,SR-128,"CHILES POPE VALLEY ROAD",2640.00,E,N,A,-,Y,,,,,,,,,,Y,2,0,5,2,A,-,03,22350,,N,A,C,A,A,H,-,A,D,0,,,,,Y,,A,01,5,0,0,0,0,0,0,0,0,"- ","- ",38.293098449707031,-122.20230102539062,NAPA,UNINCORPORATED,,
90893621,2018,2018-12-28,9325,2018-12-23,1734,021333,,7,2,9,2800,0,1,3,,1,044,"STATE ROUTE 29","TUBBS LN",7920.00,N,N,B,-,Y,,,29,,,,,,,Y,4,0,1,2,A,-,03,22350,,N,A,C,A,B,H,-,D,D,0,,,,,Y,,A,01,0,0,1,0,0,0,0,0,0,"- ","- ",38.620338439941406,-122.59719848632812,NAPA,UNINCORPORATED,-122.59719085693359,38.620323181152344
90894876,2018,2019-02-21,9325,2018-12-26,1525,015447,,3,2,9,2800,0,1,3,,1,043,SR-128,"TUBBS LN",2640.00,W,N,A,-,Y,,,128,,,,,,,Y,4,0,1,2,A,-,08,22107,,N,D,C,A,A,H,-,A,D,0,,,Y,,Y,,D,22,0,0,1,0,0,0,0,0,1,"- ","- ",38.594100952148438,-122.61389923095703,NAPA,UNINCORPORATED,-122.61393737792969,38.594047546386719
90895892,2018,2019-01-02,9325,2018-12-26,1740,013434,,3,2,9,2800,0,1,3,,1,022,"SR-29 (SOUTHBOUND) TO TRANCAS ST.","TRANCAS STREET",100.00,N,N,B,-,Y,,,,,,,,,,Y,4,0,4,3,A,-,03,22350,,N,C,C,A,A,H,-,C,A,0,,,,,Y,,D,22,0,0,4,0,0,0,0,0,0,"- ","- ",38.321941375732422,-122.30915069580078,NAPA,UNINCORPORATED,,
90896126,2018,2019-01-02,9325,2018-12-28,1427,013434,,5,2,9,2800,0,3,5,,2,002,"IMOLA AVE","CORONADO AVE",80.00,E,N,A,-,N,,,,,,,,,,N,4,0,1,2,A,-,21,22106,,M,G,B,E,A,H,-,A,D,0,Y,,,,Y,,A,08,0,0,1,0,1,0,0,0,0,"- ","- ",38.2801513671875,-122.26780700683594,NAPA,UNINCORPORATED,-122.26775360107422,38.280178070068359
90896549,2018,2019-01-03,9325,2018-12-31,1605,021347,,1,2,9,2800,0,1,3,,1,041,SR-29,"SCHRAMSBERG RD",700.00,N,N,A,G,Y,,,29,,,,,,,Y,4,0,1,2,A,-,08,22107,,N,D,C,A,A,H,-,A,D,0,,,,,Y,Y,A,01,0,0,1,0,0,0,0,0,0,"- ","- ",38.558429718017578,-122.53433990478516,NAPA,UNINCORPORATED,-122.53435516357422,38.558403015136719
90897315,2018,2019-01-03,9325,2018-12-22,1625,021083,,6,2,5,2802,0,1,3,,1,022,"SR-29 S/B","MORLAN DR",100.00,N,N,B,-,Y,,,29,,,,,,S,Y,3,0,2,1,A,-,08,22107,,N,E,I,A,A,H,-,A,D,0,,,,,Y,,A,01,0,1,1,0,0,0,0,0,0,"- ","- ",38.312599182128906,-122.30629730224609,NAPA,NAPA,-122.30653381347656,38.312530517578125
90898485,2018,2019-01-07,9325,2018-12-28,0825,019190,,5,1,9,2800,0,3,5,,1,008,"CHILES POPE VALLEY ROAD",SR-128,13728.00,N,N,B,-,N,,,,,,,,,,Y,3,0,1,1,A,-,08,22107,,N,E,I,A,A,H,-,A,D,0,,,,,Y,,A,07,0,1,0,0,0,0,0,0,0,"- ","- ",38.524898529052734,-122.34819793701172,NAPA,UNINCORPORATED,-122.34848022460938,38.524490356445312
90902150,2019,2019-01-10,9325,2019-01-08,1255,018110,,2,1,9,2800,0,3,5,,2,003,"WHITE COTTAGE ROAD","WEST LANE",1584.00,S,N,C,E,N,,,,,,,,,,Y,4,0,1,2,A,-,05,21460,A,N,D,C,A,B,H,-,A,A,0,,,,,Y,,A,01,0,0,1,0,0,0,0,0,0,"- ","- ",38.567359924316406,-122.45736694335938,NAPA,UNINCORPORATED,-122.45813751220703,38.560722351074219
90902294,2019,2019-01-11,9325,2019-01-09,1845,015447,,3,2,9,2800,0,1,3,,1,044,SR-29,"OLD LAWLEY TOLL ROAD",3696.00,N,N,C,-,Y,,,,,,,,,,N,4,0,1,2,A,-,03,22350,,N,A,C,A,B,H,-,D,D,0,,,,,Y,,A,01,0,0,1,0,0,0,0,0,0,"- ","- ",36.642601013183594,-122.59239959716797,NAPA,UNINCORPORATED,-122.60177612304688,38.634834289550781
90904236,2019,2019-01-15,9325,2019-01-08,1440,015447,,2,2,9,2800,0,1,3,,1,044,SR-29,"TUBBS LN",2640.00,N,N,B,C,Y,,,29,,,,,,,Y,4,0,1,1,A,-,08,22107,,N,E,I,A,B,H,-,A,D,0,,,,,Y,,A,07,0,0,1,0,0,0,0,0,0,"- ","- ",38.608501434326172,-122.59410095214844,NAPA,UNINCORPORATED,-122.59414672851562,38.608535766601562
90904906,2018,2019-01-15,9325,2018-11-07,0620,015350,,3,1,9,2800,0,1,3,,1,041,"SILVERADO TRAIL","CRYSTAL SPRINGS ROAD",1584.00,S,N,A,-,N,,,,,,,,,,Y,1,1,0,2,A,-,11,21954,A,N,G,B,E,A,H,-,D,D,0,Y,,,,Y,,N,60,0,0,0,1,0,0,0,0,0,"- ","- ",38.549911499023438,-122.49565887451172,NAPA,UNINCORPORATED,-122.49523162841797,38.549732208251953
90905222,2019,2019-01-16,9325,2019-01-09,0305,021324,,3,3,9,2800,0,3,5,,2,002,"CALIFORNIA DR W/B",SR-29,1056.00,W,N,B,-,N,,,,,,,,,,Y,3,0,1,1,A,-,08,22107,,N,E,I,A,B,H,-,C,D,0,,,,,Y,,A,07,0,1,0,0,0,0,0,0,0,"- ","- ",38.396419525146484,-122.36209869384766,NAPA,UNINCORPORATED,-122.36229705810547,38.396144866943359
90905278,2019,2019-01-16,9325,2019-01-12,1155,020957,,6,1,9,2800,0,2,4,,1,034,"SANITARIUM RD (LOWER)","DEER PARK RD",10.00,N,N,B,-,N,,,,,,,,,,N,4,0,1,2,A,-,21,22106,,N,C,C,A,A,H,-,A,D,0,,,,,Y,,A,01,0,0,1,0,0,0,0,0,0,"- ","- ",38.529621124267578,-122.47830963134766,NAPA,UNINCORPORATED,-122.47833251953125,38.529487609863281
90905326,2019,2019-01-16,9325,2019-01-15,1155,018110,,2,1,9,2800,0,1,3,,1,080,"BERRYESSA KNOXVILLE ROAD",SR-128,6864.00,N,N,C,-,N,,,,,,,,,,Y,4,0,1,1,A,-,03,22350,,N,E,I,A,B,H,-,A,A,0,,,,,Y,,A,01,0,0,1,0,0,0,0,0,0,"- ","- ",38.506271362304688,-122.23647308349609,NAPA,UNINCORPORATED,-122.23699951171875,38.505699157714844
90906329,2019,2019-01-17,9325,2019-01-10,1742,021333,,4,2,9,2800,0,1,3,,1,031,"STATE ROUTE 29","STATE ROUTE 128",528.00,N,N,A,-,Y,,,29,,,,,,,Y,4,0,2,3,A,-,03,22350,,N,C,C,A,A,H,-,D,D,0,,,,,Y,,A,01,0,0,2,0,0,0,0,0,0,"- ","- ",38.462539672851562,-122.42588806152344,NAPA,UNINCORPORATED,-122.42588043212891,38.462547302246094
90908240,2019,2019-01-22,9325,2019-01-10,0250,021081,,4,3,9,2800,0,2,4,,1,023,"SILVERADO TRAIL","YOUNTVILLE CROSS RD",7392.00,S,N,B,-,N,,,,,,,,,,Y,4,0,1,1,A,-,01,23152,A,N,E,I,A,B,H,-,D,D,0,,,,,Y,Y,A,07,0,0,1,0,0,0,0,0,0,"- ","- ",38.409721374511719,-122.33283233642578,NAPA,UNINCORPORATED,-122.3326416015625,38.409145355224609
90908578,2019,2019-01-22,9325,2019-01-16,1330,013434,,3,1,9,2800,0,1,3,,1,012,"SR-12 (WESTBOUND)","KIRKLAND RANCH ROAD",2112.00,E,N,B,C,Y,,,12,,,,,,,Y,4,0,1,1,A,-,08,22107,,N,E,I,A,B,H,-,A,D,0,,,,,Y,,A,01,0,0,1,0,0,0,0,0,0,"- ","- ",38.217849731445312,-122.2276611328125,NAPA,UNINCORPORATED,-122.22766876220703,38.217819213867188
90909387,2019,2019-01-23,9325,2019-01-16,1710,013434,,3,2,9,2800,0,1,3,,1,011,"SR-29 (NORTHBOUND)",SR-221,2112.00,S,N,B,C,Y,,,29,,,,,,,Y,4,0,1,2,A,-,03,22350,,N,C,C,A,B,H,-,D,D,0,,,,,Y,,A,01,0,0,1,0,0,0,0,0,0,"- ","- ",38.237899780273438,-122.26506042480469,NAPA,UNINCORPORATED,-122.26499938964844,38.237968444824219
90910333,2019,2019-01-24,9325,2019-01-14,1700,015447,,1,2,9,2800,0,1,3,,1,044,SR-29,"TUBBS LN",6336.00,N,N,B,C,Y,,,29,,,,,,,Y,4,0,2,2,A,-,03,22350,,N,E,I,A,B,H,-,B,D,0,,,,,Y,,D,22,0,0,2,0,0,0,0,0,0,"- ","- ",38.614948272705078,-122.59687805175781,NAPA,UNINCORPORATED,-122.59693908691406,38.614982604980469
90910374,2019,2019-01-24,9325,2019-01-15,0850,015350,,2,1,5,2802,0,1,3,,1,022,"SR-29 S/B TO IMOLA AVENUE","IMOLA AVENUE",400.00,N,N,B,C,Y,,,,,,,,,,Y,2,0,1,1,A,-,03,22350,,N,E,I,A,B,H,-,A,A,0,,,,,Y,,A,01,1,0,0,0,0,0,0,0,0,"- ","- ",36.283199310302734,-122.30113983154297,NAPA,NAPA,-122.30032348632812,38.283016204833984
90910571,2019,2019-01-24,9325,2019-01-18,1150,020811,,5,1,9,2800,0,1,3,,1,044,SR-29,"HILLSIDE LN",10032.00,S,N,B,-,Y,,,29,,,,,,,Y,3,0,1,3,A,-,03,22350,,N,D,E,F,B,H,-,A,D,0,Y,,,,Y,,D,22,0,1,0,0,1,0,0,0,0,"- ","- ",38.664791107177734,-122.59845733642578,NAPA,UNINCORPORATED,-122.59854125976562,38.664741516113281
90910809,2019,2019-01-24,9325,2019-01-20,0200,021427,,7,3,9,2800,0,1,3,,1,011,"SR-29 N/B","SOUTH KELLY RD.",193.00,N,N,A,-,Y,,,29,,,,,,N,Y,4,0,1,1,A,-,01,23152,A,N,E,I,A,B,H,-,D,D,0,,,,,Y,Y,D,22,0,0,1,0,0,0,0,0,0,"- ","- ",38.208328247070312,-122.25598907470703,NAPA,UNINCORPORATED,-122.25608825683594,38.208324432373047
90910863,2019,2019-01-24,9325,2019-01-19,0400,021605,,6,3,9,2800,0,3,5,,2,004,"PETRIFIED FOREST RD","FRANZ VALLEY SCHOOL RD",2640.00,W,N,C,-,Y,,,,,,,,,,Y,2,0,1,1,A,-,08,22107,,N,E,I,A,B,H,-,D,D,0,,,,,Y,Y,D,22,1,0,0,0,0,0,0,0,0,"- ","- ",38.577800750732422,-122.61460876464844,NAPA,UNINCORPORATED,-122.61379241943359,38.577846527099609
90910883,2019,2019-01-24,9325,2019-01-18,1918,021333,,5,2,9,2800,0,2,4,,1,042,"SILVERADO TRL N","DUNAWEAL LN",4224.00,S,N,C,-,N,,,,,,,,,,Y,4,0,1,1,A,-,03,22350,,N,E,I,A,B,H,-,D,D,0,,,,,Y,,A,01,0,0,1,0,0,0,0,0,0,"- ","- ",38.574378967285156,-122.54093933105469,NAPA,UNINCORPORATED,-122.54001617431641,38.575714111328125
90912482,2019,2019-01-25,9325,2019-01-16,1318,015674,,3,1,9,2800,0,1,3,,1,022,SR-29,"HOFFMAN LN",575.00,S,N,B,C,Y,,,29,,,,,,,Y,4,0,1,1,A,-,08,22107,,N,F,A,A,B,H,-,A,D,0,,,,,Y,,A,01,0,0,1,0,0,0,0,0,0,"- ","- ",38.384201049804688,-122.34839630126953,NAPA,UNINCORPORATED,-122.34844970703125,38.384166717529297
90913268,2019,2019-01-28,9325,2019-01-21,0144,021425,,1,3,9,2800,0,3,5,,2,003,"WHITE COTTAGE RD  S","ALTA LOMA DR",30.00,N,N,B,-,N,,,,,,,,,,Y,3,0,1,1,A,-,03,22350,,N,E,I,A,B,H,-,D,D,0,,,,,Y,,A,01,0,1,0,0,0,0,0,0,0,"- ","- ",38.562461853027344,-122.45854187011719,NAPA,UNINCORPORATED,-122.45860290527344,38.562419891357422
90914593,2018,2019-01-29,9325,2018-11-08,1300,015350,,4,1,9,2800,0,1,3,,2,071,SR-121,"HAIRE LANE",0.00,,N,A,-,Y,,,121,,,,,,,Y,1,1,0,2,A,-,08,22107,,N,A,C,A,A,H,-,A,D,0,,,,Y,Y,,G,26,0,0,0,0,0,0,0,0,0,"- ","- ",38.252330780029297,-122.375732421875,NAPA,UNINCORPORATED,-122.37575531005859,38.252372741699219
90914827,2019,2019-01-29,9325,2019-01-26,1215,019847,,6,1,9,2800,0,1,3,,1,022,SR-29,"MADISON STREET",528.00,S,N,A,-,Y,,,29,,,,,,,N,4,0,3,3,A,-,03,22350,,N,C,C,A,A,H,-,A,D,0,,,,,Y,,A,01,0,0,3,0,0,0,0,0,0,"- ","- ",38.404830932617188,-122.36724853515625,NAPA,UNINCORPORATED,-122.36725616455078,38.404819488525391
90914839,2019,2019-01-29,9325,2019-01-26,0927,019847,,6,1,9,2800,0,1,3,,1,011,SR-29,"SOSCOL CREEK RD",20.00,S,N,A,-,Y,,,29,,,,,,,Y,4,0,1,2,A,-,03,22350,,M,C,C,A,A,H,-,A,D,0,,,,,Y,,A,01,0,0,1,0,0,0,0,0,0,"- ","- ",38.236801147460938,-122.26336669921875,NAPA,UNINCORPORATED,-122.26335144042969,38.236820220947266
90914847,2019,2019-01-29,9325,2019-01-28,2000,013434,,1,2,9,2800,0,1,3,,2,071,"OLD SONOMA HWY",SR-121,64.00,W,N,A,-,N,,,,,,,,,,Y,4,0,2,1,A,-,08,22107,,N,E,I,A,A,H,-,A,D,0,,,,,Y,,A,01,0,0,2,0,0,0,0,0,0,"- ","- ",38.254730224609375,-122.33612060546875,NAPA,UNINCORPORATED,-122.33595275878906,38.254791259765625
90914876,2019,2019-01-29,9325,2019-01-15,0908,019190,,2,1,9,2800,0,1,3,,1,022,"SR-29 SOUTHBOUND","OLD SONOMA ROAD",10.00,N,N,B,C,Y,,,,,,,,,,Y,3,0,1,3,A,-,03,22350,,N,C,C,A,B,H,-,A,A,0,,,,,Y,,A,07,0,1,0,0,0,0,0,0,0,"- ","- ",38.17156982421875,-122.18443298339844,NAPA,UNINCORPORATED,-122.30118560791016,38.287666320800781
90914928,2019,2019-01-29,9325,2019-01-21,1855,018110,,1,2,9,2800,0,1,3,,1,080,SR-128,"OLD SUISUN KNOXVILLE RD",100.00,E,N,A,-,Y,,,128,,,,,,,Y,4,0,1,1,A,-,08,22107,,F,F,A,A,B,H,-,D,A,0,,,,,Y,,A,01,0,0,1,0,0,0,0,0,0,"- ","- ",38.430160522460938,-122.15666198730469,NAPA,UNINCORPORATED,-122.15664672851562,38.430027008056641
90916487,2019,2019-01-31,9325,2019-01-25,1800,015447,,5,2,9,2800,0,2,4,,2,032,"SILVERADO TRAIL","OAK KNOLL AVE",2112.00,N,N,A,-,N,,,,,,,,,,Y,4,0,1,2,A,-,09,21801,A,N,D,C,A,A,H,-,D,D,0,,,,,Y,,A,01,0,0,1,0,0,0,0,0,0,"- ","- ",38.377799987792969,-122.30690002441406,NAPA,UNINCORPORATED,-122.30545043945312,38.374557495117188
90917759,2019,2019-02-04,9325,2019-01-23,1055,014728,,3,1,9,2800,0,2,4,,1,023,"SILVERADO TRAIL","OAK KNOLL AVE.",2640.00,S,N,A,-,N,,,,,,,,,,Y,4,0,1,2,A,-,03,22350,,N,C,C,A,A,H,-,A,D,0,,,,,Y,,A,01,0,0,1,0,0,0,0,0,0,"- ","- ",38.365028381347656,-122.29527282714844,NAPA,UNINCORPORATED,-122.29481506347656,38.36456298828125
90917760,2018,2019-02-12,9325,2018-10-28,0230,021005,,7,3,9,2800,0,1,3,,1,022,"SR-29 N/B","IMOLA AVE",3357.00,N,N,A,-,Y,,,,,,,,,,Y,1,1,0,1,A,-,01,23152,A,N,E,I,A,A,H,-,D,D,0,,,Y,,Y,Y,C,02,0,0,0,0,0,0,0,1,0,"- ","- ",38.293491363525391,-122.30203247070312,NAPA,UNINCORPORATED,-122.30097961425781,38.287620544433594
90917938,2019,2019-02-04,9325,2019-01-27,0205,021605,,7,3,9,2800,0,1,3,,1,021,SR-121,"SILVERADO TRAIL",100.00,S,N,A,-,Y,,,121,,,,,,,Y,3,0,1,1,A,-,01,23152,A,N,E,I,A,A,H,-,C,D,0,,,,,Y,Y,A,01,0,1,0,0,0,0,0,0,0,"- ","- ",38.325599670410156,-122.27469635009766,NAPA,UNINCORPORATED,-122.27426910400391,38.325706481933594
90917967,2019,2019-02-04,9325,2019-01-25,1740,021215,,5,2,9,2800,0,3,5,,2,003,"SR-121 S/B","NAPA RD",6336.00,N,N,A,-,N,,,,,,,,,,Y,4,0,1,1,A,-,03,22350,,N,E,I,A,A,H,-,D,D,0,,,,,Y,,D,22,0,0,1,0,0,0,0,0,0,"- ","- ",38.254150390625,-122.36749267578125,NAPA,UNINCORPORATED,-122.37326049804688,38.253665924072266
90918258,2019,2019-02-04,9325,2019-01-27,1800,021333,,7,2,9,2800,0,1,3,,1,031,"STATE ROUTE 29","MADISON ST",150.00,N,N,A,-,Y,,,29,,,,,,,Y,4,0,2,3,A,-,01,23152,A,N,C,C,A,A,H,-,B,A,0,,,,,Y,Y,A,07,0,0,2,0,0,0,0,0,0,"- ","- ",38.406120300292969,-122.36888122558594,NAPA,UNINCORPORATED,-122.36884307861328,38.406181335449219
90918470,2019,2019-02-04,9325,2019-01-31,1640,013434,,4,2,9,2800,0,3,5,,2,002,"OAK KNOLL AVE","SOLANO AVE",18.00,W,N,A,-,N,,,,,,,,,,N,4,0,1,2,A,-,03,22350,,N,D,G,A,A,H,-,A,D,0,,Y,,,Y,,D,22,0,0,1,0,0,0,1,0,0,"- ","- ",38.352939605712891,-122.33190155029297,NAPA,UNINCORPORATED,-122.33199310302734,38.352901458740234
90919207,2019,2019-02-05,9365,2019-02-01,1846,018803,,5,2,9,2800,0,2,4,,1,032,"AMERICAN CANYON RD","CANYON RD",1056.00,E,N,C,-,N,,,,,,,,,,Y,4,0,1,1,A,-,01,23152,A,N,E,I,A,B,H,-,D,D,0,,,,,Y,Y,D,22,0,0,1,0,0,0,0,0,0,"- ","- ",38.167751312255859,-122.20835876464844,NAPA,UNINCORPORATED,-122.21053314208984,38.163650512695312
90921027,2019,2019-02-07,9325,2019-02-06,1830,013434,,3,2,9,2800,0,1,3,,1,021,"SR-121 (MONTICELLO ROAD)","SILVERADO TRAIL",0.00,,Y,A,-,Y,,,121,,,,,,,Y,4,0,2,2,A,-,12,22450,A,N,D,C,A,A,H,-,D,A,0,,,,,Y,,A,01,0,0,2,0,0,0,0,0,0,"- ","- ",38.325809478759766,-122.27424621582031,NAPA,UNINCORPORATED,-122.27420806884766,38.325752258300781
90921111,2019,2019-02-07,9325,2019-01-31,1300,020957,,4,1,9,2800,0,1,3,,1,044,SR-29,"OLD LAWLEY TOLL RD",600.00,S,N,A,-,Y,,,29,,,,,,,N,4,0,1,2,A,-,05,21460,A,M,B,C,A,A,H,-,A,D,0,,,,,Y,,-,99,0,0,1,0,0,0,0,0,0,"- ","- ",38.641670227050781,-122.59674835205078,NAPA,UNINCORPORATED,-122.59675598144531,38.641693115234375
90921822,2019,2019-02-08,9325,2019-01-30,0427,021521,,3,3,9,2800,0,3,5,,1,008,"WOODEN VALLEY RD","1771 WOODEN VALLEY RD, NAPA, CA",25.00,S,N,A,-,N,,,,,,,,,,Y,4,0,1,1,A,-,01,23152,F,N,E,I,A,A,H,-,D,D,0,,,,,Y,,A,07,0,0,1,0,0,0,0,0,0,"- ","- ",38.359600067138672,-122.17379760742188,NAPA,UNINCORPORATED,,