CASE_ID,ACCIDENT_YEAR,PROC_DATE,JURIS,COLLISION_DATE,COLLISION_TIME,OFFICER_ID,REPORTING_DISTRICT,DAY_OF_WEEK,CHP_SHIFT,POPULATION,CNTY_CITY_LOC,SPECIAL_COND,BEAT_TYPE,CHP_BEAT_TYPE,CITY_DIVISION_LAPD,CHP_BEAT_CLASS,BEAT_NUMBER,PRIMARY_RD,SECONDARY_RD,DISTANCE,DIRECTION,INTERSECTION,WEATHER_1,WEATHER_2,STATE_HWY_IND,CALTRANS_COUNTY,CALTRANS_DISTRICT,STATE_ROUTE,ROUTE_SUFFIX,POSTMILE_PREFIX,POSTMILE,LOCATION_TYPE,RAMP_INTERSECTION,SIDE_OF_HWY,TOW_AWAY,COLLISION_SEVERITY,NUMBER_KILLED,NUMBER_INJURED,PARTY_COUNT,PRIMARY_COLL_FACTOR,PCF_CODE_OF_VIOL,PCF_VIOL_CATEGORY,PCF_VIOLATION,PCF_VIOL_SUBSECTION,HIT_AND_RUN,TYPE_OF_COLLISION,MVIW,PED_ACTION,ROAD_SURFACE,ROAD_COND_1,ROAD_COND_2,LIGHTING,CONTROL_DEVICE,CHP_ROAD_TYPE,PEDESTRIAN_ACCIDENT,BICYCLE_ACCIDENT,MOTORCYCLE_ACCIDENT,TRUCK_ACCIDENT,NOT_PRIVATE_PROPERTY,ALCOHOL_INVOLVED,STWD_VEHTYPE_AT_FAULT,CHP_VEHTYPE_AT_FAULT,COUNT_SEVERE_INJ,COUNT_VISIBLE_INJ,COUNT_COMPLAINT_PAIN,COUNT_PED_KILLED,COUNT_PED_INJURED,COUNT_BICYCLIST_KILLED,COUNT_BICYCLIST_INJURED,COUNT_MC_KILLED,COUNT_MC_INJURED,PRIMARY_RAMP,SECONDARY_RAMP,LATITUDE,LONGITUDE,COUNTY,CITY,POINT_X,POINT_Y
91058080,2019,2019-08-23,9325,2019-08-22,0535,020811,,4,3,9,2800,0,1,3,,1,031,SR-29,"STICE LN",450.00,N,N,A,-,Y,,,29,,,,,,,N,4,0,1,2,A,-,08,22107,,N,H,G,A,A,H,-,D,D,0,,Y,,,Y,,L,04,0,0,1,0,0,0,1,0,0,"- ","- ",38.486320495605469,-122.44692230224609,NAPA,UNINCORPORATED,-122.44696044921875,38.486274719238281
91058196,2019,2019-08-23,9325,2019-08-22,0825,020811,,4,1,9,2800,0,1,3,,1,031,SR-29,"OAKVILLE CROSS ROAD",3000.00,N,N,A,-,Y,,,29,,,,,,,Y,4,0,1,2,A,-,03,22350,,N,C,C,A,A,H,-,A,D,0,,,,,Y,,A,01,0,0,1,0,0,0,0,0,0,"- ","- ",38.443588256835938,-122.40885162353516,NAPA,UNINCORPORATED,-122.408935546875,38.443511962890625
91059303,2019,2019-08-26,9325,2019-08-15,1708,015447,,4,2,9,2800,0,3,5,,2,003,"DEER PARK RD","MUND RD",275.00,E,N,A,-,N,,,,,,,,,,Y,4,0,1,1,A,-,03,22350,,N,E,I,A,A,H,-,A,D,0,,,,,Y,,A,07,0,0,1,0,0,0,0,0,0,"- ","- ",38.532798767089844,-122.47119903564453,NAPA,UNINCORPORATED,-122.47133636474609,38.531936645507812
91059347,2019,2019-08-26,9325,2019-08-19,1358,019847,,1,1,9,2800,0,1,3,,1,031,SR-29,"MADISON STREET",528.00,N,N,A,-,Y,,,29,,,,,,,Y,4,0,2,3,A,-,03,22350,,N,C,C,A,A,H,-,A,D,0,,,,,Y,,A,01,0,0,2,0,0,0,0,0,0,"- ","- ",38.407241821289062,-122.37104797363281,NAPA,UNINCORPORATED,-122.37104797363281,38.407241821289062
91064032,2019,2019-08-30,9325,2019-08-23,1444,015447,,5,2,9,2800,0,1,3,,2,071,"SR-121 S/B","LOS CARNEROS AVE",305.00,N,N,A,-,Y,,,121,,,,,,S,Y,4,0,1,2,A,-,03,22350,,N,C,C,A,A,H,-,A,D,0,,,,,Y,,A,01,0,0,1,0,0,0,0,0,0,"- ","- ",38.255298614501953,-122.33229827880859,NAPA,UNINCORPORATED,-122.33228302001953,38.255218505859375
91064415,2019,2019-08-30,9325,2019-08-25,1240,021421,,7,1,9,2800,0,2,4,,1,034,"HOWELL MOUNTAIN RD","POPE VALLEY RD",3168.00,E,N,A,-,N,,,,,,,,,,Y,4,0,1,2,A,-,05,21460,A,N,B,C,A,A,H,-,A,D,0,,,,,Y,,D,22,0,0,1,0,0,0,0,0,0,"- ","- ",38.609619140625,-122.43054962158203,NAPA,UNINCORPORATED,-122.43056488037109,38.609710693359375
91064516,2019,2019-08-30,9325,2019-08-25,0033,021460,,7,3,9,2800,0,1,S,,2,024,"SR-29 N/B","WASHINGTON ST.",1740.00,N,N,A,-,Y,,,29,,,,,,N,Y,4,0,2,1,A,-,08,22107,,N,E,I,A,A,H,-,D,A,0,,,,,Y,Y,A,01,0,0,2,0,0,0,0,0,0,"- ","- ",38.371070861816406,-122.34073638916016,NAPA,UNINCORPORATED,-122.34074401855469,38.371070861816406
91064641,2019,2019-08-30,9325,2019-08-24,1600,022066,,6,2,9,2800,0,3,5,,2,004,"PETRIFIED FOREST RD","RANCHO JUAN INEZ RD",2112.00,E,N,A,-,N,,,,,,,,,,Y,3,0,1,1,A,-,01,23152,A,N,E,I,A,A,H,-,A,D,0,,,,,Y,Y,A,01,0,1,0,0,0,0,0,0,0,"- ","- ",38.575748443603516,-122.62303161621094,NAPA,UNINCORPORATED,-122.62305450439453,38.575672149658203
91064742,2019,2019-08-30,9365,2019-08-24,1250,020566,,6,1,9,2800,0,1,S,,2,904,"SR-121 S/B","WOODEN VALLEY CROSS",528.00,N,N,A,-,Y,,,121,,,,,,S,Y,2,0,1,1,A,-,08,22107,,N,F,A,A,A,H,-,A,D,0,,,Y,,Y,,C,02,1,0,0,0,0,0,0,0,1,"- ","- ",38.373298645019531,-122.20400238037109,NAPA,UNINCORPORATED,-122.20416259765625,38.373359680175781
91065133,2019,2019-09-02,9325,2019-08-29,1120,021421,,4,1,2,2803,0,1,S,,2,901,SR29,"GRAYSON AVE",130.00,S,N,A,-,Y,,,,,,,,,,Y,4,0,2,3,A,-,21,22106,,N,C,C,A,A,H,-,A,A,0,,,,,Y,,A,07,0,0,2,0,0,0,0,0,0,"- ","- ",38.498420715332031,-122.46102905273438,NAPA,"SAINT HELENA",,
91066656,2019,2019-09-04,9325,2019-08-24,2320,017746,,6,3,9,2800,0,3,5,,1,008,"POPE CANYON ROAD","POPE CREEK",3500.00,E,N,A,-,N,,,,,,,,,,Y,4,0,2,1,A,-,01,23152,A,N,F,A,A,A,H,-,D,D,0,,,,,Y,Y,D,22,0,0,2,0,0,0,0,0,0,"- ","- ",38.644981384277344,-122.35310363769531,NAPA,UNINCORPORATED,-122.35317993164062,38.644992828369141
9106735,2020,2020-11-20,2803,2020-05-28,1001,30,,4,5,2,2803,0,0,0,,0,,"MAIN ST","MADRONA AV",0.00,,Y,A,-,Y,NAP,4,29,-,-,28.940,I,5,S,N,4,0,2,2,A,-,12,21453,,N,D,C,A,A,H,-,A,A,0,,,,,Y,,D,22,0,0,2,0,0,0,0,0,0,"- ","- ",38.507038116455078,-122.47322082519531,NAPA,"SAINT HELENA",-122.47315979003906,38.507003784179688
91067757,2019,2019-09-05,9325,2019-08-21,1125,015674,,3,1,9,2800,0,3,5,,1,008,"POPE VALLEY RD.","INK GRADE RD.",4224.00,N,N,A,-,N,,,,,,,,,,Y,3,0,1,1,A,-,03,22350,,N,E,I,A,A,H,-,A,D,0,,,,,Y,,A,01,0,1,0,0,0,0,0,0,0,"- ","- ",38.642341613769531,-122.45648956298828,NAPA,UNINCORPORATED,-122.45481109619141,38.641281127929688
91068856,2019,2019-09-06,9325,2019-08-28,0855,019074,,3,1,9,2800,0,1,3,,1,012,"SR-12 W/B","N. KELLY RD",700.00,E,N,B,-,Y,,,12,,,,,,W,N,2,0,1,2,A,-,03,22350,,N,B,C,A,A,H,-,A,D,0,,,Y,,Y,,C,02,1,0,0,0,0,0,0,0,1,"- ","- ",38.222320556640625,-122.25080108642578,NAPA,UNINCORPORATED,-122.25080108642578,38.222305297851562
91069844,2019,2019-09-09,9325,2019-09-01,1711,021427,,7,2,9,2800,0,1,3,,1,011,"SR-29 S/B",SR-121,3960.00,N,N,A,-,Y,,,29,,,,,,S,Y,4,0,2,3,A,-,03,22350,,N,C,C,A,A,H,-,A,D,0,,,,,Y,,A,01,0,0,2,0,0,0,0,0,0,"- ","- ",38.268409729003906,-122.298828125,NAPA,UNINCORPORATED,-122.29881286621094,38.268409729003906
91069854,2019,2019-09-09,9325,2019-08-31,1615,021083,,6,2,9,2800,0,1,3,,1,030,SR-128,"LONG RANCH ROAD",5280.00,W,N,A,-,Y,,,128,,,,,,,N,2,0,1,1,A,-,08,22107,,N,F,A,A,A,H,-,A,D,0,,,Y,,Y,,C,02,1,0,0,0,0,0,0,0,1,"- ","- ",38.479000091552734,-122.37203979492188,NAPA,UNINCORPORATED,-122.37203979492188,38.478965759277344
9106992,2020,2020-11-25,2800,2020-07-23,1027,250263,10202,4,5,2,2805,0,0,0,,0,001,BROADWAY,"POCO WY",0.00,,Y,B,-,Y,NAP,4,29,-,-,1.520,I,5,S,,4,0,2,2,A,-,09,21801,A,N,D,C,A,A,H,-,A,D,0,,,,,Y,,D,22,0,0,2,0,0,0,0,0,0,"- ","- ",,,NAPA,"AMERICAN CANYON",-122.25453186035156,38.177173614501953
9107013,2020,2020-11-25,2800,2020-08-30,1800,250421,10202,7,5,2,2805,0,0,0,,0,001,BROADWAY,"DONALDSON WY",0.00,,Y,A,-,Y,NAP,4,29,-,-,1.110,I,5,S,N,3,0,1,2,A,-,01,23152,F,F,H,G,A,A,H,-,A,A,0,,Y,,,Y,,A,07,0,1,0,0,0,0,1,0,0,"- ","- ",,,NAPA,"AMERICAN CANYON",-122.2535400390625,38.171459197998047
91070255,2019,2019-09-09,9325,2019-09-03,0715,015350,,2,1,9,2800,0,1,3,,1,011,"SR-29 N/B","IMOLA AVENUE",2640.00,S,N,A,-,Y,,,29,,,,,,N,Y,4,0,1,1,A,-,08,22107,,N,F,A,A,A,H,-,A,A,0,,,,,Y,,D,22,0,0,1,0,0,0,0,0,0,"- ","- ",38.274448394775391,-122.29863739013672,NAPA,UNINCORPORATED,-122.29869079589844,38.274444580078125
9107026,2020,2020-11-24,2802,2020-08-22,1650,320488,58,6,5,5,2802,0,0,0,,0,04A,"RT 29","W IMOLA AV",10.00,N,N,A,-,Y,NAP,4,29,-,-,10.480,R,4,N,N,4,0,1,2,A,-,03,22350,,N,C,C,A,A,H,-,A,A,0,,,,,Y,,A,01,0,0,1,0,0,0,0,0,0,NO,"- ",,,NAPA,NAPA,-122.30038452148438,38.284492492675781
9107031,2020,2020-11-24,2802,2020-09-02,0522,320505,50,3,5,5,2802,0,0,0,,0,02B,"SOSCOL AV","SHETLER AV",0.00,,Y,A,-,Y,NAP,4,121,-,-,6.150,I,5,S,Y,4,0,2,2,A,-,12,21453,A,N,D,C,A,A,H,-,B,A,0,,,,,Y,,A,01,0,0,2,0,0,0,0,0,0,"- ","- ",,,NAPA,NAPA,-122.27433776855469,38.282421112060547
9107096,2020,2020-11-24,2800,2020-09-05,2130,250457,20212,6,5,2,2805,0,0,0,,0,002,"RT 29","RIO DEL MAR",0.00,,Y,A,-,Y,NAP,4,29,-,-,1.690,H,-,S,Y,2,0,1,2,A,-,04,21703,,N,C,C,A,A,H,-,C,A,0,,,,,Y,,A,01,1,0,0,0,0,0,0,0,0,"- ","- ",,,NAPA,"AMERICAN CANYON",-122.25492858886719,38.179557800292969
91070966,2019,2019-09-10,9325,2019-09-03,1730,021083,,2,2,9,2800,0,3,5,,1,008,"CHILES POPE VALLEY RD","BARNETT RD",350.00,N,N,A,-,N,,,,,,,,,,Y,4,0,1,2,A,-,05,21460,A,N,B,C,A,A,H,-,A,D,0,,,,,Y,,D,22,0,0,1,0,0,0,0,0,0,"- ","- ",38.617599487304688,-122.41790008544922,NAPA,UNINCORPORATED,-122.41793823242188,38.617538452148438
91071030,2019,2019-09-10,9325,2019-09-03,1114,015447,,2,1,9,2800,0,1,3,,1,031,"SR-29 N/B","EHLERS LN",440.00,N,N,A,-,Y,,,29,,,,,,N,Y,2,0,1,2,A,-,08,22107,,N,D,C,A,A,H,-,A,D,0,,,,Y,Y,,A,07,1,0,0,0,0,0,0,0,0,"- ","- ",38.530899047851562,-122.50420379638672,NAPA,UNINCORPORATED,-122.50396728515625,38.531047821044922
91071114,2019,2019-09-10,9325,2019-09-04,2100,019067,,3,2,9,2800,0,3,5,,1,008,"CHILES POPE VALLEY ROAD","LOWER CHILES VALLEY RD",5280.00,N,N,A,-,N,,,,,,,,,,Y,2,0,1,1,C,-,18,,,N,E,H,A,A,H,-,D,D,0,,,Y,,Y,,-,"- ",1,0,0,0,0,0,0,0,1,"- ","- ",38.564189910888672,-122.38236236572266,NAPA,UNINCORPORATED,-122.34918975830078,38.544017791748047
91071946,2019,2019-09-11,9325,2019-09-05,1633,019411,,4,2,9,2800,0,3,5,,2,003,"OAKVILLE GRADE RD","ACACIA RD.",2112.00,W,N,A,-,Y,,,,,,,,,,Y,4,0,2,1,A,-,03,22350,,N,E,I,A,A,H,-,A,D,0,,,,,Y,,A,01,0,0,2,0,0,0,0,0,0,"- ","- ",38.421901702880859,-122.41719818115234,NAPA,UNINCORPORATED,-122.41722869873047,38.421772003173828
91072986,2019,2020-04-03,9325,2019-09-08,1445,021083,,7,2,9,2800,0,1,3,,1,081,SR-128,SR-121,0.00,,Y,A,-,Y,,,128,,,,,,,N,4,0,1,2,A,-,09,21802,A,N,D,C,A,A,H,-,A,D,0,,,,,Y,,A,01,0,0,1,0,0,0,0,0,0,"- ","- ",38.445560455322266,-122.19651031494141,NAPA,UNINCORPORATED,-122.19647216796875,38.445575714111328
91073073,2019,2019-09-12,9325,2019-09-09,1725,019847,,1,2,9,2800,0,1,3,,1,021,SR-121,"VICHY AVENUE",70.00,S,N,A,-,Y,,,121,,,,,,,Y,4,0,1,2,A,-,09,21804,A,N,D,C,A,A,H,-,A,D,0,,,,,Y,,A,07,0,0,1,0,0,0,0,0,0,"- ","- ",38.338489532470703,-122.26004028320312,NAPA,UNINCORPORATED,-122.26007843017578,38.338531494140625
91075156,2019,2019-09-16,9325,2019-09-05,1015,019590,,4,1,9,2800,0,3,5,,1,008,"WOODEN VALLEY RD","WOODEN VALLEY CROSS RD",2640.00,N,N,A,-,N,,,,,,,,,,Y,2,0,1,1,A,-,08,22107,,N,E,I,A,A,H,-,A,D,0,,,,,Y,,D,22,1,0,0,0,0,0,0,0,0,"- ","- ",38.332691192626953,-122.14774322509766,NAPA,UNINCORPORATED,-122.1463623046875,38.33123779296875
91077196,2019,2019-09-18,9325,2019-09-12,0640,015350,,4,1,9,2800,0,1,3,,1,011,"SR-29 N/B",SR-12,0.00,,Y,A,-,Y,,,29,,,,,,N,Y,4,0,1,3,A,-,12,21453,A,N,D,C,A,A,H,-,A,A,0,,,,,Y,,D,22,0,0,1,0,0,0,0,0,0,"- ","- ",38.223121643066406,-122.25778198242188,NAPA,UNINCORPORATED,-122.25778198242188,38.223121643066406
91077517,2019,2019-09-18,9325,2019-09-11,1520,019847,,3,2,9,2800,0,2,4,,1,023,"SILVERADO TRAIL","SHADY OAKS DRIVE",100.00,S,N,A,-,N,,,,,,,,,,Y,4,0,1,1,A,-,08,22107,,N,E,I,A,A,H,-,A,D,0,,,,,Y,,D,22,0,0,1,0,0,0,0,0,0,"- ","- ",38.363208770751953,-122.29338836669922,NAPA,UNINCORPORATED,-122.29350280761719,38.363407135009766
91078074,2019,2019-09-19,9325,2019-09-13,1540,018110,,5,2,9,2800,0,1,3,,2,071,SR-121,"CUTTINGS WHARF RD",0.00,,Y,A,-,Y,,,,,,,,,,Y,4,0,1,2,A,-,06,21755,,N,D,C,A,A,D,-,A,D,0,,,Y,,Y,,C,02,0,0,1,0,0,0,0,0,1,"- ","- ",38.152141571044922,-122.19407653808594,NAPA,UNINCORPORATED,-122.327946,38.255989999999997
91078699,2019,2019-09-19,9325,2019-09-15,0735,020615,,7,1,9,2800,0,1,3,,1,044,"SR-29 N/B","TUBBS LN",8448.00,N,N,B,-,Y,,,29,,,,,,N,Y,4,0,1,1,A,-,08,22107,,N,E,I,A,A,H,-,A,D,0,,,,,Y,,A,07,0,0,1,0,0,0,0,0,0,"- ","- ",38.622100830078125,-122.59800720214844,NAPA,UNINCORPORATED,-122.59796905517578,38.622116088867188
91079321,2019,2019-09-20,9325,2019-09-18,1425,019847,,3,2,9,2800,0,2,4,,2,032,"SILVERADO TRAIL","DEER PARK AVE",528.00,S,N,A,-,N,,,,,,,,,,Y,4,0,2,2,A,-,03,22350,,N,C,C,A,A,H,-,A,D,0,,,,,Y,,A,01,0,0,2,0,0,0,0,0,0,"- ","- ",38.522251129150391,-122.47579956054688,NAPA,UNINCORPORATED,-122.47976684570312,38.524085998535156
91081259,2019,2019-09-24,9325,2019-09-15,0215,021896,,7,3,9,2800,0,1,3,,1,012,SR-12,"N. KELLY ROAD",0.00,,Y,A,-,Y,,,12,,,,,,,Y,4,0,3,2,A,-,01,23152,A,F,D,C,A,A,H,-,C,A,0,,,,,Y,Y,A,01,0,0,3,0,0,0,0,0,0,"- ","- ",38.222648620605469,-122.25331115722656,NAPA,UNINCORPORATED,-122.25331878662109,38.222606658935547
91083547,2019,2019-09-26,9325,2019-09-21,1924,021427,,6,2,9,2800,0,3,5,,1,008,"STEELE CANYON RD",SR-128,1320.00,N,N,A,-,N,,,,,,,,,,Y,3,0,1,1,A,-,01,23152,A,N,E,I,A,A,H,-,D,D,0,,,,,Y,Y,A,01,0,1,0,0,0,0,0,0,0,"- ","- ",38.446758270263672,-122.19126892089844,NAPA,UNINCORPORATED,-122.19236755371094,38.44671630859375
91083613,2019,2019-09-26,9325,2019-09-22,1235,021421,,7,1,9,2800,0,1,3,,1,011,"SR-29 N/B",SR-221,920.00,S,N,A,-,Y,,,29,,,,,,N,N,4,0,2,3,A,-,03,22350,,N,C,C,A,A,H,-,A,A,0,,,,,Y,,A,07,0,0,2,0,0,0,0,0,0,"- ","- ",38.239601135253906,-122.2667236328125,NAPA,UNINCORPORATED,-122.26667022705078,38.239658355712891
9108797,2020,2020-10-28,2800,2020-05-24,1650,250121,20207,7,5,2,2805,0,0,0,,0,002,"AMERICAN CANYON RD","NEWELL DR",0.00,,Y,A,-,N,,,,,,,,,,Y,4,0,1,1,A,-,03,22350,,N,E,I,A,A,H,-,A,A,0,,,,,Y,,A,01,0,0,1,0,0,0,0,0,0,"- ","- ",,,NAPA,"AMERICAN CANYON",-122.24001312255859,38.164409637451172
91089358,2019,2019-10-03,9325,2019-09-26,1620,019775,,4,2,9,2800,0,3,5,,2,002,"WOODEN VALLEY RD",SR-121,5280.00,E,N,A,-,Y,,,,,,,,,,N,3,0,1,2,A,-,08,22107,,N,B,C,A,A,H,-,A,D,0,,,Y,,Y,,A,01,0,1,0,0,0,0,0,0,1,"- ","- ",38.374881744384766,-122.19123077392578,NAPA,UNINCORPORATED,,
91089368,2019,2019-10-08,9325,2019-09-11,2032,019067,,3,2,9,2800,0,1,3,,1,043,SR-128,"TUBBS LANE",0.00,,Y,A,-,Y,,,128,,,,,,,Y,1,1,1,2,A,-,12,22450,A,N,D,C,A,A,H,-,D,A,0,,,,Y,Y,,A,08,1,0,0,0,0,0,0,0,0,"- ","- ",38.588760375976562,-122.60710144042969,NAPA,UNINCORPORATED,-122.60709381103516,38.588768005371094
91090223,2019,2019-10-03,9325,2019-09-23,2050,015674,,1,2,9,2800,0,1,3,,1,013,SR221,"BASALT RD",555.00,N,N,A,-,Y,,,221,,,,,,,Y,4,0,1,2,A,-,09,21801,A,N,D,C,A,A,H,-,D,D,0,,,,Y,Y,,F,27,0,0,1,0,0,0,0,0,0,"- ","- ",38.264778137207031,-122.27094268798828,NAPA,UNINCORPORATED,-122.27102661132812,38.2647705078125
91090277,2019,2019-10-03,9325,2019-09-15,0208,017746,,7,3,9,2800,0,1,3,,1,011,"SR-29 N/B","S. KELLY ROAD",1340.00,N,N,A,-,Y,,,29,,,,,,N,Y,2,0,2,2,A,-,01,23152,A,N,A,C,A,A,H,-,C,A,0,,,,,Y,Y,A,01,2,0,0,0,0,0,0,0,0,"- ","- ",38.211330413818359,-122.25627899169922,NAPA,UNINCORPORATED,-122.25624847412109,38.211330413818359
91090955,2019,2019-10-04,9325,2019-09-16,0625,015786,,1,1,9,2800,0,1,3,,1,044,"SR-29 N/B","LAKE COUNTY LINE",2640.00,S,N,B,C,Y,,,29,,,,,,N,Y,3,0,1,1,A,-,03,22350,,N,E,I,A,A,H,-,D,D,0,,,,,Y,,A,07,0,1,0,0,0,0,0,0,0,"- ","- ",38.671901702880859,-122.58973693847656,NAPA,UNINCORPORATED,-122.58985900878906,38.671848297119141
91090988,2019,2019-10-04,9325,2019-09-26,0755,015350,,4,1,9,2800,0,1,3,,1,012,SR-12,"KIRKLAND RANCH ROAD",300.00,E,N,A,-,Y,,,12,,,,,,,N,4,0,1,2,A,-,21,22106,,N,C,C,A,A,H,-,A,A,0,,,,,Y,,A,01,0,0,1,0,0,0,0,0,0,"- ","- ",38.215190887451172,-122.22007751464844,NAPA,UNINCORPORATED,-122.22010040283203,38.215126037597656
91091015,2019,2019-10-04,9325,2019-09-27,0100,020776,,5,3,9,2800,0,3,5,,2,002,"THOMPSON AVENUE","CONGRESS VALLEY RD",2000.00,N,N,A,-,N,,,,,,,,,,Y,3,0,1,1,A,-,01,23152,A,M,E,I,A,A,H,-,C,D,0,,,,,Y,Y,A,01,0,1,0,0,0,0,0,0,0,"- ","- ",38.289989471435547,-122.32639312744141,NAPA,UNINCORPORATED,-122.32672119140625,38.289745330810547
91091911,2019,2019-10-07,9325,2019-09-29,1405,021427,,7,2,9,2800,0,3,5,,2,002,"WILD HORSE VALLEY RD","SHADYBROOK LN",7920.00,E,N,A,-,N,,,,,,,,,,Y,3,0,1,1,A,-,08,22107,,N,F,A,A,A,H,-,A,D,0,,,Y,,Y,,C,02,0,1,0,0,0,0,0,0,1,"- ","- ",38.299858093261719,-122.20217132568359,NAPA,UNINCORPORATED,-122.20111846923828,38.300800323486328
91092061,2019,2019-10-07,9325,2019-09-04,1848,019847,,3,2,9,2800,0,1,3,,1,031,"SR-29 N/B",SR-128,528.00,N,N,A,-,Y,,,29,,,,,,N,Y,1,1,0,1,A,-,08,22107,,N,E,I,A,A,H,-,A,D,0,,,,,Y,Y,A,01,0,0,0,0,0,0,0,0,0,"- ","- ",38.465999603271484,-122.42899322509766,NAPA,UNINCORPORATED,-122.42859649658203,38.466274261474609
91093180,2019,2019-12-18,9325,2019-08-05,2058,021081,,1,2,9,2800,0,1,3,,1,031,SR-29,"MEE LN",1056.00,S,N,A,-,Y,,,29,,,,,,,N,1,1,0,3,A,-,11,21956,A,N,G,B,D,A,H,-,D,D,0,Y,,,,Y,Y,N,60,0,0,0,1,0,0,0,0,0,"- ","- ",38.467071533203125,-122.4290771484375,NAPA,UNINCORPORATED,-122.42913055419922,38.467037200927734
91093939,2019,2019-10-09,9325,2019-09-18,1805,019847,,3,2,9,2800,0,2,4,,1,082,"BERRYESSA KNOXVILLE ROAD","BERRYESSA DRIVE",0.00,,Y,A,-,N,,,,,,,,,,Y,1,1,0,2,A,-,03,22350,,N,D,C,A,A,H,-,A,D,0,,,Y,,Y,,C,02,0,0,0,0,0,0,0,1,0,"- ","- ",38.605640411376953,-122.28029632568359,NAPA,UNINCORPORATED,-122.28024291992188,38.605541229248047
91095842,2019,2019-10-14,9325,2019-10-02,1720,015350,,3,2,9,2800,0,1,3,,1,011,"SR-29 S/B",SR-12,1584.00,S,N,A,-,Y,,,29,,,,,,S,N,4,0,1,3,A,-,03,22350,,N,C,C,A,A,H,-,A,D,0,,,,,Y,,A,07,0,0,1,0,0,0,0,0,0,"- ","- ",38.21807861328125,-122.25747680664062,NAPA,UNINCORPORATED,-122.2574462890625,38.218086242675781
9109629,2020,2020-08-26,2802,2020-06-01,0213,320497,52,1,5,5,2802,0,0,0,,0,04B,"S FREEWAY DR","IMOLA AV",300.00,N,N,A,-,N,,,,,,,,,,Y,3,0,1,1,A,-,03,22350,,F,E,I,A,A,H,-,C,D,0,,,,,Y,,A,01,0,1,0,0,0,0,0,0,0,"- ","- ",,,NAPA,NAPA,-122.30237579345703,38.282688140869141
9109630,2020,2020-08-26,2802,2020-06-02,1242,320521,22,2,5,5,2802,0,0,0,,0,003,"JEFFERSON ST","CLARMONT ST",50.00,S,N,A,-,N,,,,,,,,,,N,4,0,1,2,A,-,21,22106,,N,C,C,A,A,H,-,A,A,0,,,,,Y,,A,07,0,0,1,0,0,0,0,0,0,"- ","- ",,,NAPA,NAPA,-122.29934692382812,38.320865631103516
91096839,2019,2019-10-14,9325,2019-10-05,1510,020615,,6,2,9,2800,0,1,3,,1,031,"SR-29 N/B","ZINFANDEL LN",0.00,,Y,A,-,Y,,,29,,,,,,N,Y,4,0,2,2,A,-,09,21802,A,N,D,C,A,A,H,-,A,A,0,,,,,Y,,A,07,0,0,2,0,0,0,0,0,0,"- ","- ",38.482620239257812,-122.44258117675781,NAPA,UNINCORPORATED,-122.44260406494141,38.482593536376953
91096857,2019,2019-10-14,9325,2019-10-07,1455,019847,,1,2,9,2800,0,1,3,,1,021,"SR-121 S/B","LORRAINE DRIVE",400.00,N,N,A,-,Y,,,121,,,,,,S,Y,3,0,2,2,A,-,03,22350,,N,C,C,A,A,H,-,A,D,0,,,,,Y,,A,01,0,1,1,0,0,0,0,0,0,"- ","- ",38.331089019775391,-122.26802825927734,NAPA,UNINCORPORATED,-122.26806640625,38.331130981445312
91097184,2019,2019-10-15,9325,2019-10-10,0557,019411,,4,3,9,2800,0,1,3,,1,022,"SR-29 S/B","OAK KNOLL AVE",0.00,,Y,A,-,Y,,,29,,,,,,S,Y,4,0,1,2,A,-,09,21800,D,N,D,C,A,A,H,-,A,B,0,,,,,Y,,D,22,0,0,1,0,0,0,0,0,0,"- ","- ",38.353000640869141,-122.33139801025391,NAPA,UNINCORPORATED,-122.33148956298828,38.352954864501953
91097187,2019,2019-10-15,9325,2019-10-10,0500,019190,,4,3,9,2800,0,1,3,,1,011,SR-29,SR-12,2640.00,S,N,A,-,Y,,,,,,,,,,Y,3,0,1,1,A,-,08,22107,,N,E,I,A,A,H,-,D,D,0,,,,,Y,,A,01,0,1,0,0,0,0,0,0,0,"- ","- ",38.125701904296875,-122.15244293212891,NAPA,UNINCORPORATED,,
91098061,2019,2019-10-16,9325,2019-10-03,0610,014728,,4,1,9,2800,0,1,3,,2,071,"SR-121 S/B","STANLY LN.",2640.00,S,N,A,-,Y,,,121,,,,,,S,Y,2,0,1,1,A,-,08,22107,,N,F,A,A,A,H,-,D,D,0,,,Y,,Y,,C,02,1,0,0,0,0,0,0,0,1,"- ","- ",38.258071899414062,-122.31601715087891,NAPA,UNINCORPORATED,-122.31603240966797,38.258148193359375