CASE_ID,ACCIDENT_YEAR,PROC_DATE,JURIS,COLLISION_DATE,COLLISION_TIME,OFFICER_ID,REPORTING_DISTRICT,DAY_OF_WEEK,CHP_SHIFT,POPULATION,CNTY_CITY_LOC,SPECIAL_COND,BEAT_TYPE,CHP_BEAT_TYPE,CITY_DIVISION_LAPD,CHP_BEAT_CLASS,BEAT_NUMBER,PRIMARY_RD,SECONDARY_RD,DISTANCE,DIRECTION,INTERSECTION,WEATHER_1,WEATHER_2,STATE_HWY_IND,CALTRANS_COUNTY,CALTRANS_DISTRICT,STATE_ROUTE,ROUTE_SUFFIX,POSTMILE_PREFIX,POSTMILE,LOCATION_TYPE,RAMP_INTERSECTION,SIDE_OF_HWY,TOW_AWAY,COLLISION_SEVERITY,NUMBER_KILLED,NUMBER_INJURED,PARTY_COUNT,PRIMARY_COLL_FACTOR,PCF_CODE_OF_VIOL,PCF_VIOL_CATEGORY,PCF_VIOLATION,PCF_VIOL_SUBSECTION,HIT_AND_RUN,TYPE_OF_COLLISION,MVIW,PED_ACTION,ROAD_SURFACE,ROAD_COND_1,ROAD_COND_2,LIGHTING,CONTROL_DEVICE,CHP_ROAD_TYPE,PEDESTRIAN_ACCIDENT,BICYCLE_ACCIDENT,MOTORCYCLE_ACCIDENT,TRUCK_ACCIDENT,NOT_PRIVATE_PROPERTY,ALCOHOL_INVOLVED,STWD_VEHTYPE_AT_FAULT,CHP_VEHTYPE_AT_FAULT,COUNT_SEVERE_INJ,COUNT_VISIBLE_INJ,COUNT_COMPLAINT_PAIN,COUNT_PED_KILLED,COUNT_PED_INJURED,COUNT_BICYCLIST_KILLED,COUNT_BICYCLIST_INJURED,COUNT_MC_KILLED,COUNT_MC_INJURED,PRIMARY_RAMP,SECONDARY_RAMP,LATITUDE,LONGITUDE,COUNTY,CITY,POINT_X,POINT_Y
91251772,2020,2020-06-15,9325,2020-06-13,1115,019074,,6,1,9,2800,0,3,5,,2,002,"SOLANO AVE","OAK KNOLL AVE W",0.00,,Y,A,-,N,,,,,,,,,,N,3,0,1,2,A,-,09,21800,B,N,D,G,A,A,H,-,A,D,0,,Y,,,Y,,D,22,0,1,0,0,0,0,1,0,0,"- ","- ",38.356410980224609,-122.33394622802734,NAPA,UNINCORPORATED,-122.33199310302734,38.352901458740234
91252366,2020,2020-06-16,9325,2020-06-13,1030,021605,,6,1,9,2800,0,1,3,,1,081,SR-121,"WATERS RD",2640.00,S,N,A,-,Y,,,121,,,,,,,Y,2,0,1,1,A,-,08,22107,,N,E,I,A,A,H,-,A,D,0,,,Y,,Y,,C,02,1,0,0,0,0,0,0,0,1,"- ","- ",38.389560699462891,-122.20188140869141,NAPA,UNINCORPORATED,-122.20180511474609,38.389522552490234
91252368,2020,2020-06-16,9325,2020-06-13,0937,021605,,6,1,9,2800,0,1,S,,2,024,"SR-29 N/B","MADISON AVE",1056.00,S,N,A,-,Y,,,29,,,,,,N,Y,4,0,1,3,A,-,03,22350,,N,C,C,A,A,H,-,A,D,0,,,,,Y,,A,01,0,0,1,0,0,0,0,0,0,"- ","- ",38.404098510742188,-122.36649322509766,NAPA,UNINCORPORATED,-122.36650085449219,38.404090881347656
91253703,2020,2020-06-18,9325,2020-06-15,1502,015796,,1,2,9,2800,0,2,4,,1,023,"SILVERADO TRAIL","SHADY OAKS DR",0.00,,Y,A,-,N,,,,,,,,,,Y,3,0,2,2,A,-,09,21804,A,N,D,C,A,A,H,-,A,A,0,,,,,Y,,D,22,0,2,0,0,0,0,0,0,0,"- ","- ",38.363670349121094,-122.29380035400391,NAPA,UNINCORPORATED,-122.29373931884766,38.363609313964844
9125408,2020,2020-09-24,2802,2020-07-15,0651,320501,3,3,5,5,2802,0,0,0,,0,003,"RT 29","WINE COUNTRY AV",20.00,N,N,A,-,Y,NAP,4,29,-,-,14.340,H,-,S,Y,4,0,2,3,A,-,01,23153,A,N,C,C,A,A,H,-,A,A,0,,,,,Y,Y,D,22,0,0,2,0,0,0,0,0,0,"- ","- ",,,NAPA,NAPA,-122.32196807861328,38.336360931396484
9125470,2020,2020-09-17,2802,2020-07-11,1220,320527,0,6,5,5,2802,0,0,0,,0,,"VALLEJO ST","MAIN ST",0.00,,Y,A,-,N,,,,,,,,,,N,3,0,1,2,A,-,12,22450,A,N,H,A,B,A,H,-,A,D,0,Y,Y,,,Y,,L,04,0,1,0,0,1,0,0,0,0,"- ","- ",,,NAPA,NAPA,-122.28885650634766,38.303371429443359
91255212,2020,2020-06-22,9325,2020-06-14,1630,021333,,7,2,9,2800,0,2,4,,1,082,"BERRYESSA KNOXVILLE ROAD","STATE ROUTE 128",13200.00,N,N,A,-,N,,,,,,,,,,Y,4,0,9,4,A,-,03,22350,,F,C,C,A,A,H,-,A,D,0,,,,,Y,,A,07,0,0,9,0,0,0,0,0,0,"- ","- ",38.508888244628906,-122.22000122070312,NAPA,UNINCORPORATED,,
91255331,2020,2020-06-22,9325,2020-06-15,1615,019847,,1,2,9,2800,0,1,3,,1,021,SR-121,"ATLAS PEAK RD",3696.00,N,N,A,-,Y,,,121,,,,,,,Y,2,0,2,2,A,-,05,21460,A,N,A,C,A,A,H,-,A,D,0,,,Y,,Y,,C,02,1,0,1,0,0,0,0,0,1,"- ","- ",38.345188140869141,-122.25054931640625,NAPA,UNINCORPORATED,-122.25054931640625,38.345180511474609
91258787,2020,2020-06-26,9325,2020-06-18,1740,020829,,4,2,9,2800,0,1,3,,1,044,"SR-29 N/B","OLD LAWLEY TOLL ROAD",1584.00,S,N,A,-,Y,,,29,,,,,,N,Y,3,0,2,2,A,-,03,22350,,N,A,C,A,A,H,-,A,D,0,,,,,Y,,A,08,0,1,1,0,0,0,0,0,0,"- ","- ",38.639839172363281,-122.59841156005859,NAPA,UNINCORPORATED,-122.59840393066406,38.63983154296875
91258818,2020,2020-06-26,9325,2020-06-22,1135,019190,,1,1,9,2800,0,2,4,,1,034,"DEER PARK ROAD","MUND ROAD",50.00,W,N,A,-,N,,,,,,,,,,Y,3,0,1,2,A,-,03,22350,,N,A,C,A,A,H,-,A,D,0,,,Y,,Y,,A,01,0,1,0,0,0,0,0,0,1,"- ","- ",38.531959533691406,-122.47100067138672,NAPA,UNINCORPORATED,-122.47074890136719,38.532302856445312
91258978,2020,2020-06-26,9325,2020-06-22,1040,014728,,1,1,9,2800,0,1,3,,1,022,"SR-29 S/B","DARMS LN.",5280.00,N,N,A,-,Y,,,29,,,,,,S,Y,4,0,1,1,A,-,08,22107,,N,F,A,A,A,H,-,A,A,0,,,,,Y,,A,01,0,0,1,0,0,0,0,0,0,"- ","- ",38.379711151123047,-122.345703125,NAPA,UNINCORPORATED,-122.34564971923828,38.379745483398438
91259691,2020,2020-06-29,9325,2020-06-21,2250,021425,,7,3,9,2800,0,1,3,,1,022,"BUHMAN AVE","OAK ROCK LN",1910.00,S,N,A,-,N,,,,,,,,,,Y,4,0,1,1,A,-,08,22107,,N,E,I,A,A,H,-,D,D,0,,,,,Y,,A,01,0,0,1,0,0,0,0,0,0,"- ","- ",38.290561676025391,-122.34278106689453,NAPA,UNINCORPORATED,-122.34278869628906,38.290550231933594
91259739,2020,2020-06-29,9325,2020-06-21,1920,020829,,7,2,9,2800,0,3,5,,2,002,"IMOLA AVENUE","PENNY LANE",412.00,E,N,A,-,N,,,,,,,,,,Y,4,0,1,1,A,-,08,22107,,N,E,I,A,A,H,-,A,D,0,,,,,Y,,A,01,0,0,1,0,0,0,0,0,0,"- ","- ",38.279758453369141,-122.25356292724609,NAPA,UNINCORPORATED,-122.25359344482422,38.279815673828125
91261582,2020,2020-07-01,9325,2020-06-19,1550,021896,,5,2,9,2800,0,2,4,,1,023,"SILVERADO TRAIL","TRANCAS ST",3168.00,N,N,A,-,N,,,,,,,,,,Y,4,0,1,2,A,-,08,22107,,N,E,I,A,A,H,-,A,D,0,,,,Y,Y,,A,01,0,0,1,0,0,0,0,0,0,"- ","- ",38.333099365234375,-122.27993011474609,NAPA,UNINCORPORATED,-122.28006744384766,38.333396911621094
9126247,2020,2020-09-18,2803,2020-06-25,1220,30,,4,5,2,2803,0,0,0,,0,,"SULPHUR SPRINGS AV","FIRE HYDRANT #2690",219.00,W,N,A,-,N,,,,,,,,,,N,4,0,1,1,A,-,03,22350,,N,E,I,A,A,H,-,A,A,0,,,,,Y,,I,11,0,0,1,0,0,0,0,0,0,"- ","- ",,,NAPA,"SAINT HELENA",,
91262647,2020,2020-07-03,9325,2020-06-25,1230,017746,,4,1,9,2800,0,3,5,,2,001,"BUHMAN AVENUE","CONGRESS VALLEY ROAD",1959.00,S,N,A,-,N,,,,,,,,,,Y,3,0,1,1,C,-,18,,,N,E,I,A,A,H,-,A,D,0,,,,,Y,,-,"- ",0,1,0,0,0,0,0,0,0,"- ","- ",38.281818389892578,-122.33702087402344,NAPA,UNINCORPORATED,-122.33704376220703,38.281791687011719
91262688,2020,2020-07-03,9325,2020-06-27,1135,021005,,6,1,9,2800,0,3,5,,2,003,"DRY CREEK RD","WALL RD",500.00,W,N,A,-,N,,,,,,,,,,Y,2,0,1,1,A,-,08,22107,,N,E,I,A,A,H,-,A,D,0,,,,,Y,,A,01,1,0,0,0,0,0,0,0,0,"- ","- ",38.406818389892578,-122.47170257568359,NAPA,UNINCORPORATED,-122.47263336181641,38.407279968261719
91262901,2020,2020-07-03,9325,2020-06-27,1545,020829,,6,2,9,2800,0,3,5,,1,008,"GORDON VALLEY ROAD","GRAPEVINE LANE",95.00,N,N,A,-,N,,,,,,,,,,N,4,0,1,1,A,-,03,22350,,N,E,J,A,A,H,-,A,D,0,,,Y,,Y,,C,02,0,0,1,0,0,0,0,0,1,"- ","- ",38.320369720458984,-122.10469818115234,NAPA,UNINCORPORATED,-122.10467529296875,38.320270538330078
91263867,2020,2020-07-06,9325,2020-06-29,1315,017538,,1,1,9,2800,0,1,3,,1,012,SR-12,"KIRKLAND RANCH RD",2640.00,E,N,A,-,Y,,,12,,,,,,,Y,2,0,1,1,A,-,08,22107,,N,E,J,A,A,H,-,A,D,0,,,,,Y,Y,A,07,1,0,0,0,0,0,0,0,0,"- ","- ",38.213508605957031,-122.21440887451172,NAPA,UNINCORPORATED,-122.21443176269531,38.213443756103516
91264305,2020,2020-07-07,9325,2020-07-01,1855,021896,,3,2,9,2800,0,3,5,,2,001,"DEVLIN RD","GATEWAY RD",0.00,,Y,A,-,N,,,,,,,,,,Y,4,0,1,2,A,-,12,22450,A,N,D,C,A,A,H,-,A,A,0,,,,,Y,,A,01,0,0,1,0,0,0,0,0,0,"- ","- ",38.224380493164062,-122.26312255859375,NAPA,UNINCORPORATED,-122.26275634765625,38.224430084228516
9126518,2020,2020-10-05,2802,2020-07-10,1541,320488,49,5,5,5,2802,0,0,0,,0,02B,"SOSCOL AV","SHELTER AV",100.00,N,N,A,-,N,,,,,,,,,,Y,3,0,1,2,A,-,03,22350,,N,C,C,A,A,H,-,A,A,0,,,,,Y,,-,,0,1,0,0,0,0,0,0,0,"- ","- ",,,NAPA,NAPA,-122.27449035644531,38.282676696777344
91265863,2020,2020-07-09,9325,2020-07-02,0725,021005,,4,1,9,2800,0,3,5,,2,004,"PETRIFIED FOREST RD","FRANZ VALLEY RD",5280.00,W,N,A,-,N,,,,,,,,,,Y,3,0,1,1,A,-,08,22107,,N,F,A,A,A,H,-,A,D,0,,,,,Y,,A,01,0,1,0,0,0,0,0,0,0,"- ","- ",38.758201599121094,-122.62200164794922,NAPA,UNINCORPORATED,,
91266138,2020,2020-07-09,9325,2020-07-06,1545,015447,,1,2,9,2800,0,2,4,,1,023,"SILVERDO TRAIL","YOUNTVILLE CROSS RD",10560.00,S,N,B,-,N,,,,,,,,,,Y,4,0,1,1,A,-,08,22107,,N,E,I,A,A,H,-,A,D,0,,,,,Y,,A,01,0,0,1,0,0,0,0,0,0,"- ","- ",38.402000427246094,-122.35790252685547,NAPA,UNINCORPORATED,-122.32783508300781,38.401397705078125
91266416,2020,2020-07-10,9325,2020-07-03,1100,021605,,5,1,9,2800,0,2,4,,1,082,SR-128,"LOWER CHILES VALLEY RD",528.00,E,N,A,-,Y,,,128,,,,,,,Y,3,0,1,1,A,-,08,22107,,N,F,A,A,A,H,-,A,D,0,,,Y,,Y,,C,02,0,1,0,0,0,0,0,0,1,"- ","- ",38.504791259765625,-122.29437255859375,NAPA,UNINCORPORATED,-122.29442596435547,38.504981994628906
91267956,2020,2020-07-14,9325,2020-07-05,1015,021605,,7,1,9,2800,0,1,3,,1,030,"CHILES POPE VALLEY ROAD","POPE CANYON RD",528.00,N,N,A,-,N,,,,,,,,,,Y,3,0,1,1,A,-,08,22107,,N,E,I,A,A,H,-,A,D,0,,,Y,,Y,,C,02,0,1,0,0,0,0,0,0,1,"- ","- ",38.603569030761719,-122.40512847900391,NAPA,UNINCORPORATED,-122.40512847900391,38.603549957275391
91267957,2020,2020-07-14,9325,2020-06-08,1835,021005,,1,2,9,2800,0,1,3,,1,041,SR-29,"TUCKER RD",150.00,N,N,A,-,Y,,,29,,,,,,,Y,1,1,0,1,A,-,08,22107,,N,E,I,A,A,H,-,A,D,0,,,,,Y,,A,01,0,0,0,0,0,0,0,0,0,"- ","- ",38.554561614990234,-122.52778625488281,NAPA,UNINCORPORATED,-122.52783966064453,38.554473876953125
9126814,2020,2020-10-05,2802,2020-07-09,1621,320520,50,4,5,5,2802,0,0,0,,0,02B,"IMOLA AV","SOSCOL AV",0.00,,Y,A,-,N,,,,,,,,,,Y,4,0,2,2,A,-,12,21453,A,N,D,C,A,A,H,-,A,A,0,,,,,Y,,A,01,0,0,2,0,0,0,0,0,0,"- ","- ",,,NAPA,NAPA,-122.27429962158203,38.280570983886719
9126815,2020,2020-10-05,2802,2020-07-12,1815,320488,42,7,5,5,2802,0,0,0,,0,04B,"ELM ST","FREEWAY DR",100.00,W,N,A,-,N,,,,,,,,,,N,4,0,2,2,A,-,03,22350,,N,D,C,A,A,H,-,A,A,0,,,,,Y,,A,01,0,0,2,0,0,0,0,0,0,"- ","- ",,,NAPA,NAPA,-122.30231475830078,38.289829254150391
9126816,2020,2020-10-05,2802,2020-07-15,2212,320108,125,3,5,5,2802,0,0,0,,0,01A,"MAIN ST","YOUNT ST",200.00,N,N,A,-,N,,,,,,,,,,Y,2,0,1,4,A,-,01,23152,A,N,C,E,A,A,H,-,C,D,0,,,,,Y,Y,A,01,1,0,0,0,0,0,0,0,0,"- ","- ",,,NAPA,NAPA,-122.28980255126953,38.304519653320312
91268225,2020,2020-07-14,9325,2020-07-07,0605,015674,,2,1,9,2800,0,1,3,,1,012,SR12,"NORTH KELLY RD",528.00,E,N,A,-,Y,,,12,,,,,,,Y,3,0,1,1,A,-,03,22350,,N,F,A,A,A,H,-,A,D,0,,,Y,,Y,,C,02,0,1,0,0,0,0,0,0,1,"- ","- ",38.222251892089844,-122.25153350830078,NAPA,UNINCORPORATED,-122.25151062011719,38.222389221191406
91268684,2020,2020-07-15,9325,2020-07-03,1510,021449,,5,2,9,2800,0,1,3,,1,013,"STATE ROUTE 221 SB",SR-29,850.00,N,N,A,-,Y,,,221,,,,,,S,Y,4,0,1,2,A,-,03,22350,,F,C,C,A,A,H,-,A,D,0,,,,,Y,,A,01,0,0,1,0,0,0,0,0,0,"- ","- ",38.243911743164062,-122.26905822753906,NAPA,UNINCORPORATED,-122.26905059814453,38.243911743164062
91268687,2020,2020-07-15,9325,2020-07-05,1855,021896,,7,2,9,2800,0,3,5,,2,003,"TUBBS LN","MYRTLEDALE RD",295.00,W,N,A,-,N,,,,,,,,,,Y,4,0,1,1,A,-,01,23152,A,N,E,I,A,A,H,-,A,D,0,,,,,Y,Y,A,07,0,0,1,0,0,0,0,0,0,"- ","- ",38.595508575439453,-122.6019287109375,NAPA,UNINCORPORATED,-122.60181427001953,38.595703125
91270059,2020,2020-07-17,9325,2020-07-07,0520,018954,,2,3,9,2800,0,3,5,,2,003,"SR-29 N/B","TUBBS LN",26928.00,N,N,A,-,Y,,,29,,,,,,N,Y,3,0,1,1,A,-,08,22107,,N,E,I,A,A,H,-,B,D,0,,,,,Y,,A,01,0,1,0,0,0,0,0,0,0,"- ","- ",38.65570068359375,-122.59529876708984,NAPA,UNINCORPORATED,-122.59524536132812,38.655670166015625
91270070,2020,2020-07-17,9325,2020-07-09,1800,015796,,4,2,9,2800,0,1,3,,1,041,SR-29,"EHLERS LN",200.00,N,N,A,-,Y,,,29,,,,,,,Y,3,0,1,2,A,-,08,22107,,N,D,C,A,A,H,-,A,D,0,,,,,Y,,A,01,0,1,0,0,0,0,0,0,0,"- ","- ",38.532878875732422,-122.50469970703125,NAPA,UNINCORPORATED,-122.50476837158203,38.532878875732422
91270415,2020,2020-07-17,9325,2020-07-12,1310,021449,,7,1,9,2800,0,1,3,,1,044,"STATE ROUTE 29","OLD LAWLEY TOLL ROAD",2000.00,N,N,A,-,Y,,,29,,,,,,,Y,3,0,1,1,A,-,08,22107,,N,E,I,A,A,H,-,A,D,0,,,,,Y,,A,01,0,1,0,0,0,0,0,0,0,"- ","- ",38.643928527832031,-122.59140014648438,NAPA,UNINCORPORATED,-122.59134674072266,38.643932342529297
91271770,2020,2020-07-21,9325,2020-07-11,1335,021896,,6,1,9,2800,0,1,3,,1,044,SR-29,"OLD LAWLEY TOLL RD",6864.00,N,N,A,-,Y,,,29,,,,,,,Y,4,0,2,1,A,-,08,22107,,N,E,I,A,A,H,-,A,D,0,,,,,Y,,A,01,0,0,2,0,0,0,0,0,0,"- ","- ",38.645431518554688,-122.59017181396484,NAPA,UNINCORPORATED,-122.59017181396484,38.645431518554688
91271791,2020,2020-07-21,9325,2020-07-12,1440,021449,,7,2,9,2800,0,1,3,,1,044,"STATE ROUTE 29","LAKE COUNTY LINE",1825.00,S,N,A,-,Y,,,29,,,,,,,Y,3,0,1,2,A,-,08,22107,,N,D,C,A,A,H,-,A,D,0,,,,,Y,,D,22,0,1,0,0,0,0,0,0,0,"- ","- ",38.672050476074219,-122.58998870849609,NAPA,UNINCORPORATED,-122.58995056152344,38.672061920166016
91272632,2020,2020-07-22,9325,2020-07-16,1435,021081,,4,2,9,2800,0,1,3,,1,013,SR-221,SR-29,1056.00,N,N,A,-,Y,,,221,,,,,,,Y,4,0,2,2,A,-,03,22350,,N,C,C,A,A,H,-,A,D,0,,,,,Y,,A,01,0,0,2,0,0,0,0,0,0,"- ","- ",38.244529724121094,-122.26924133300781,NAPA,UNINCORPORATED,-122.26921081542969,38.244537353515625
91272636,2020,2020-07-22,9325,2020-07-16,1550,015796,,4,2,9,2800,0,3,5,,2,004,"PETRIFIED FOREST RD","FRANZ VALLEY SCHOOL RD",200.00,W,N,A,-,N,,,,,,,,,,Y,4,0,1,1,A,-,08,22107,,N,E,J,A,A,H,-,A,D,0,,,,,Y,,A,01,0,0,1,0,0,0,0,0,0,"- ","- ",38.57794189453125,-122.61338043212891,NAPA,UNINCORPORATED,-122.60585021972656,38.578178405761719
91273347,2020,2020-07-23,9325,2020-07-17,1242,021969,,5,1,9,2800,0,1,3,,1,013,"SR-221 S/B","KAISER RD",1901.00,N,N,A,-,Y,,,221,,,,,,S,Y,3,0,1,2,A,-,03,22350,,N,C,C,A,A,H,-,A,D,0,,,,,Y,,A,01,0,1,0,0,0,0,0,0,0,"- ","- ",38.263019561767578,-122.27095031738281,NAPA,UNINCORPORATED,-122.27095031738281,38.263019561767578
91273533,2020,2020-07-23,9325,2020-07-19,0015,021605,,7,3,9,2800,0,1,3,,1,044,SR-29,"LAKE COUNTY LINE",13200.00,S,N,A,-,Y,,,29,,,,,,,Y,4,0,1,1,A,-,08,22107,,N,E,I,A,A,H,-,D,D,0,,,,,Y,,A,01,0,0,1,0,0,0,0,0,0,"- ","- ",38.665870666503906,-122.59210968017578,NAPA,UNINCORPORATED,-122.59210968017578,38.665859222412109
91275207,2020,2020-07-27,9325,2020-07-15,0952,015674,,3,1,9,2800,0,3,5,,2,007,"OLD SONOMA RD","CONGRESS VALLEY RD",528.00,W,N,A,-,N,,,,,,,,,,Y,4,0,1,1,A,-,08,22107,,N,E,I,A,A,H,-,A,D,0,,,,,Y,,A,01,0,0,1,0,0,0,0,0,0,"- ","- ",38.283409118652344,-122.32411193847656,NAPA,UNINCORPORATED,-122.3243408203125,38.283184051513672
91275397,2020,2020-07-28,9325,2020-07-17,1810,021449,,5,2,9,2800,0,1,3,,1,013,"STATE ROUTE 221 S/B","MAGNOLIA DRIVE",0.00,,Y,A,-,Y,,,221,,,,,,S,Y,2,0,3,3,A,-,09,21453,C,N,D,C,A,A,H,-,A,A,0,,,Y,,Y,,A,01,2,1,0,0,0,0,0,0,2,"- ","- ",38.27838134765625,-122.27394104003906,NAPA,UNINCORPORATED,-122.27395629882812,38.278373718261719
91275591,2020,2020-07-28,9325,2020-07-19,2310,021382,,7,3,9,2800,0,3,5,,2,003,"HOWELL MOUNTAIN RD","WHITE COTTAGE RD  N",4752.00,E,N,A,-,N,,,,,,,,,,Y,3,0,2,1,A,-,08,22107,,N,E,I,A,A,H,-,D,D,0,,,,Y,Y,,G,25,0,2,0,0,0,0,0,0,0,"- ","- ",38.593498229980469,-122.44120025634766,NAPA,UNINCORPORATED,-122.44143676757812,38.584857940673828
91275642,2020,2020-07-28,9325,2020-07-22,1420,015447,,3,2,9,2800,0,1,3,,2,071,"SR-121 S/B","OLD SONOMA RD",285.00,N,N,A,-,Y,,,121,,,,,,S,Y,4,0,1,2,A,-,03,22350,,N,C,C,A,A,H,-,A,D,0,,,,Y,Y,,A,01,0,0,1,0,0,0,0,0,0,"- ","- ",38.255401611328125,-122.34140014648438,NAPA,UNINCORPORATED,-122.34143829345703,38.25518798828125
91275702,2020,2020-07-28,9325,2020-07-22,2150,019847,,3,2,9,2800,0,3,5,,2,003,"DEER PARK RD","MUND ROAD",528.00,W,N,A,-,N,,,,,,,,,,Y,4,0,1,1,A,-,01,23152,A,N,E,I,A,A,H,-,D,D,0,,,,,Y,Y,A,01,0,0,1,0,0,0,0,0,0,"- ","- ",38.532371520996094,-122.47274017333984,NAPA,UNINCORPORATED,-122.47162628173828,38.533409118652344
91275721,2020,2020-07-28,9325,2020-07-23,1700,021449,,4,2,9,2800,0,1,3,,1,031,SR-29,"WASHINGTON ST.",1690.00,N,N,A,-,Y,,,29,,,,,,,Y,4,0,1,2,A,-,03,22350,,N,C,C,A,A,H,-,A,D,0,,,,,Y,,D,22,0,0,1,0,0,0,0,0,0,"- ","- ",38.415081024169922,-122.38507843017578,NAPA,UNINCORPORATED,-122.38484954833984,38.415256500244141
91276781,2020,2020-07-30,9325,2020-07-21,0035,020615,,2,3,9,2800,0,1,3,,1,043,SR-128,"TUBBS LN",0.00,,Y,A,-,Y,,,128,,,,,,,Y,2,0,2,1,A,-,01,23153,A,N,E,I,A,A,H,-,D,A,0,,,,,Y,,A,01,1,1,0,0,0,0,0,0,0,"- ","- ",38.588741302490234,-122.60719299316406,NAPA,UNINCORPORATED,-122.60713958740234,38.588802337646484
91276919,2020,2020-07-30,9325,2020-07-22,1710,015350,,3,2,9,2800,0,1,3,,2,071,"SR-121 N/B","HAIRE LANE",2112.00,N,N,A,-,Y,,,121,,,,,,N,Y,4,0,2,2,A,-,03,22350,,N,C,C,A,A,H,-,A,A,0,,,,,Y,,A,01,0,0,2,0,0,0,0,0,0,"- ","- ",38.254398345947266,-122.37136840820312,NAPA,UNINCORPORATED,-122.37136840820312,38.25439453125
91276946,2020,2020-07-30,9325,2020-07-23,1535,015350,,4,2,9,2800,0,2,4,,1,023,"SILVERADO TRAIL","OAK KNOLL AVENUE",5808.00,N,N,A,-,N,,,,,,,,,,Y,2,0,2,4,A,-,08,22107,,N,A,C,A,A,H,-,A,A,0,,,,,Y,,A,08,1,0,1,0,0,0,0,0,0,"- ","- ",38.383808135986328,-122.31298065185547,NAPA,UNINCORPORATED,-122.3123779296875,38.383113861083984
91277071,2020,2020-07-30,9325,2020-07-25,1530,021109,,6,2,9,2800,0,2,4,,2,032,"SILVERADO TRAIL","PONTI RD",2640.00,N,N,A,-,N,,,,,,,,,,Y,3,0,1,1,A,-,08,22107,,N,E,I,A,A,H,-,A,D,0,,,,,Y,,A,01,0,1,0,0,0,0,0,0,0,"- ","- ",38.478740692138672,-122.39211273193359,NAPA,UNINCORPORATED,,
91279266,2020,2020-08-03,9325,2020-07-23,1955,021449,,4,2,9,2800,0,2,4,,1,034,"DEER PARK ROAD","MUND ROAD",160.00,W,N,A,-,Y,,,,,,,,,,Y,3,0,1,1,A,-,01,23152,A,N,E,I,A,A,H,-,A,D,0,,,,,Y,Y,A,01,0,1,0,0,0,0,0,0,0,"- ","- ",38.531871795654297,-122.47099304199219,NAPA,UNINCORPORATED,-122.47099304199219,38.532535552978516
91279278,2020,2020-08-03,9325,2020-07-18,1605,021449,,6,2,9,2800,0,1,3,,1,021,"STATE ROUTE 121","WOODEN VALLEY RD",4013.00,S,N,A,-,Y,,,121,,,,,,,Y,3,0,2,1,A,-,08,22107,,N,E,I,A,A,H,-,A,D,0,,,,,Y,,A,01,0,2,0,0,0,0,0,0,0,"- ","- ",38.365489959716797,-122.20113372802734,NAPA,UNINCORPORATED,-122.20109558105469,38.365474700927734
91279404,2020,2020-08-03,9325,2020-07-30,1356,021109,,4,1,9,2800,0,1,3,,1,041,SR-29,"EHLERS LN",1000.00,S,N,A,-,Y,,,29,,,,,,,Y,3,0,1,1,A,-,08,22107,,N,E,I,A,A,H,-,A,D,0,,,,,Y,,D,22,0,1,0,0,0,0,0,0,0,"- ","- ",38.537441253662109,-122.50740814208984,NAPA,UNINCORPORATED,-122.50736999511719,38.537456512451172
91279419,2020,2020-08-03,9325,2020-07-24,1445,021449,,5,2,9,2800,0,3,5,,2,001,"DEVLIN RD.","SOSCOL FERRY RD.",2165.00,S,N,A,-,N,,,,,,,,,,Y,4,0,2,2,A,-,03,22350,,N,C,C,A,A,H,-,A,D,0,,,,,Y,,A,08,0,0,2,0,0,0,0,0,0,"- ","- ",38.236820220947266,-122.26448822021484,NAPA,UNINCORPORATED,-122.26480865478516,38.237148284912109
91279471,2020,2020-09-14,9325,2020-07-31,1525,021896,,5,2,9,2800,0,3,5,,2,004,"PETRIFIED FOREST RD","FRANZ VALLEY RD",1584.00,W,N,A,-,N,,,,,,,,,,Y,4,0,1,2,A,-,08,22107,,N,B,C,A,A,H,-,A,D,0,,,,,Y,,A,07,0,0,1,0,0,0,0,0,0,"- ","- ",38.577121734619141,-122.62094879150391,NAPA,UNINCORPORATED,,
91281020,2020,2020-08-05,9325,2020-07-28,0755,015674,,2,1,9,2800,0,2,4,,1,023,"SILVERADO TRAIL","HARDMAN AVE",0.00,,Y,B,-,N,,,,,,,,,,Y,2,0,2,2,A,-,09,21802,A,N,A,C,A,A,H,-,A,A,0,,,,,Y,,A,07,1,1,0,0,0,0,0,0,0,"- ","- ",38.344501495361328,-122.2828369140625,NAPA,UNINCORPORATED,-122.2828369140625,38.344528198242188
91282184,2020,2020-08-07,9325,2020-08-01,1822,021969,,6,2,9,2800,0,2,4,,1,082,"KNOXVILLE RD","POPE CANYON RD",7920.00,S,N,A,-,N,,,,,,,,,,Y,2,0,1,1,A,-,01,23152,A,N,E,I,A,A,H,-,A,D,0,,,,,Y,Y,D,22,1,0,0,0,0,0,0,0,0,"- ","- ",38.601749420166016,-122.27665710449219,NAPA,UNINCORPORATED,,