CASE_ID,ACCIDENT_YEAR,PROC_DATE,JURIS,COLLISION_DATE,COLLISION_TIME,OFFICER_ID,REPORTING_DISTRICT,DAY_OF_WEEK,CHP_SHIFT,POPULATION,CNTY_CITY_LOC,SPECIAL_COND,BEAT_TYPE,CHP_BEAT_TYPE,CITY_DIVISION_LAPD,CHP_BEAT_CLASS,BEAT_NUMBER,PRIMARY_RD,SECONDARY_RD,DISTANCE,DIRECTION,INTERSECTION,WEATHER_1,WEATHER_2,STATE_HWY_IND,CALTRANS_COUNTY,CALTRANS_DISTRICT,STATE_ROUTE,ROUTE_SUFFIX,POSTMILE_PREFIX,POSTMILE,LOCATION_TYPE,RAMP_INTERSECTION,SIDE_OF_HWY,TOW_AWAY,COLLISION_SEVERITY,NUMBER_KILLED,NUMBER_INJURED,PARTY_COUNT,PRIMARY_COLL_FACTOR,PCF_CODE_OF_VIOL,PCF_VIOL_CATEGORY,PCF_VIOLATION,PCF_VIOL_SUBSECTION,HIT_AND_RUN,TYPE_OF_COLLISION,MVIW,PED_ACTION,ROAD_SURFACE,ROAD_COND_1,ROAD_COND_2,LIGHTING,CONTROL_DEVICE,CHP_ROAD_TYPE,PEDESTRIAN_ACCIDENT,BICYCLE_ACCIDENT,MOTORCYCLE_ACCIDENT,TRUCK_ACCIDENT,NOT_PRIVATE_PROPERTY,ALCOHOL_INVOLVED,STWD_VEHTYPE_AT_FAULT,CHP_VEHTYPE_AT_FAULT,COUNT_SEVERE_INJ,COUNT_VISIBLE_INJ,COUNT_COMPLAINT_PAIN,COUNT_PED_KILLED,COUNT_PED_INJURED,COUNT_BICYCLIST_KILLED,COUNT_BICYCLIST_INJURED,COUNT_MC_KILLED,COUNT_MC_INJURED,PRIMARY_RAMP,SECONDARY_RAMP,LATITUDE,LONGITUDE,COUNTY,CITY,POINT_X,POINT_Y
91319792,2020,2020-10-08,9325,2020-10-07,1755,021605,,3,2,9,2800,0,1,3,,1,080,SR-128,SR-121,0.00,,Y,A,-,Y,,,128,,,,,,,Y,3,0,1,1,A,-,01,23152,A,N,E,I,A,A,H,-,B,A,0,,,,,Y,Y,A,07,0,1,0,0,0,0,0,0,0,"- ","- ",38.445549011230469,-122.19650268554688,NAPA,UNINCORPORATED,-122.19647216796875,38.445575714111328
91319841,2020,2020-10-08,9325,2020-10-04,1350,015796,,7,1,9,2800,0,1,3,,2,071,SR-121,"SONOMA COUNTY LINE",3960.00,S,N,A,-,Y,,,121,,,,,,,Y,3,0,1,3,A,-,03,22350,,N,C,C,A,A,H,-,A,D,0,,,,,Y,,D,22,0,1,0,0,0,0,0,0,0,"- ","- ",38.255661010742188,-122.34478759765625,NAPA,UNINCORPORATED,-122.34478759765625,38.255702972412109
91321464,2020,2020-10-12,9325,2020-10-08,1155,019847,,4,1,9,2800,0,1,3,,1,081,SR-121,"CIRCLE OAKS DR",150.00,S,N,A,-,Y,,,121,,,,,,,Y,2,0,1,1,A,-,08,22107,,N,E,I,A,A,H,-,A,D,0,,,,,Y,,A,07,1,0,0,0,0,0,0,0,0,"- ","- ",38.406059265136719,-122.20407867431641,NAPA,UNINCORPORATED,-122.20413970947266,38.40606689453125
91321478,2020,2020-10-12,9325,2020-10-09,1203,019847,,5,1,9,2800,0,3,5,,2,001,"DEVLIN ROAD","SOSCOL FERRY ROAD",1056.00,S,N,A,-,N,,,,,,,,,,Y,4,0,1,2,A,-,03,22350,,N,C,C,A,A,H,-,A,D,0,,,,Y,Y,,A,07,0,0,1,0,0,0,0,0,0,"- ","- ",38.235931396484375,-122.26332092285156,NAPA,UNINCORPORATED,-122.26772308349609,38.239143371582031
91322390,2020,2020-10-13,9325,2020-10-03,2355,019067,,6,3,9,2800,0,1,3,,1,013,"SR-221 N/B","MAGNOLIA DR",1584.00,S,N,A,-,Y,,,221,,,,,,N,Y,4,0,2,1,A,-,08,22107,,N,F,A,A,A,H,-,C,D,0,,,,,Y,,D,22,0,0,2,0,0,0,0,0,0,"- ","- ",38.274070739746094,-122.27265167236328,NAPA,UNINCORPORATED,-122.27265930175781,38.274066925048828
91326908,2020,2020-10-20,9325,2020-10-10,1700,020829,,6,2,9,2800,0,2,4,,1,082,"BERRYESSA KNOXVILLE ROAD",SR-128,1056.00,N,N,A,-,N,,,,,,,,,,N,2,0,1,1,A,-,08,22107,,N,E,I,A,A,H,-,A,D,0,,,Y,,Y,,C,02,1,0,0,0,0,0,0,0,1,"- ","- ",38.496181488037109,-122.24929046630859,NAPA,UNINCORPORATED,,
91326994,2020,2020-10-20,9325,2020-10-16,1215,020829,,5,1,9,2800,0,1,3,,1,031,"N/B SR-29",SR-128,1121.00,N,N,A,-,Y,,,29,,,,,,,Y,4,0,1,1,A,-,08,22107,,N,E,I,A,A,H,-,A,D,0,,,,,Y,,A,01,0,0,1,0,0,0,0,0,0,"- ","- ",38.461460113525391,-122.4249267578125,NAPA,UNINCORPORATED,-122.42507934570312,38.461360931396484
9132883,2020,2020-09-17,2800,2020-07-30,0530,250226,20212,4,5,2,2805,0,0,0,,0,002,"RT 29","NAPA JUNCTION",415.00,S,N,B,-,Y,NAP,4,29,-,R,1.980,H,-,N,Y,4,0,1,3,A,-,03,22350,,M,C,C,A,A,H,-,C,A,0,,,,,Y,,A,01,0,0,1,0,0,0,0,0,0,"- ","- ",,,NAPA,"AMERICAN CANYON",-122.25517272949219,38.183784484863281
9132974,2020,2020-11-25,2801,2020-07-29,2048,203,4,3,5,2,2801,0,0,0,,0,,"RT 128","SILVER ST",153.00,E,N,-,-,Y,NAP,4,128,-,-,4.300,H,-,W,Y,2,0,1,2,A,-,21,22106,,N,-,-,A,-,-,-,-,-,0,,,,,Y,,A,01,1,0,0,0,0,0,0,0,0,"- ","- ",,,NAPA,CALISTOGA,-122.58477020263672,38.576740264892578
91330043,2020,2020-10-23,9325,2020-10-20,1940,015796,,2,2,9,2800,0,1,3,,1,044,SR-29,"HILLSIDE LANE",2321.00,S,N,A,-,Y,,,29,,,,,,,Y,3,0,1,1,A,-,03,22350,,N,E,I,A,A,H,-,D,D,0,,,,,Y,,A,01,0,1,0,0,0,0,0,0,0,"- ","- ",38.675331115722656,-122.59211730957031,NAPA,UNINCORPORATED,-122.59211730957031,38.675331115722656
91330052,2020,2020-10-23,9325,2020-10-22,1600,015350,,4,2,9,2800,0,1,3,,1,013,"SR-221 S/B",SR-29,900.00,N,N,A,-,Y,,,221,,,,,,S,Y,4,0,2,2,A,-,03,22350,,N,C,C,A,A,H,-,A,D,0,,,,,Y,,D,22,0,0,2,0,0,0,0,0,0,"- ","- ",38.244110107421875,-122.26908874511719,NAPA,UNINCORPORATED,-122.26909637451172,38.244106292724609
9133064,2020,2020-12-03,2800,2020-07-21,1442,250504,20207,2,5,2,2805,0,0,0,,0,002,"AMERICAN CANYON RD","RT 29",230.00,E,N,A,-,Y,NAP,4,29,-,-,0.690,I,6,N,N,3,0,2,3,A,-,03,22350,,N,C,C,A,A,H,-,A,D,0,,,,,Y,,D,22,0,1,1,0,0,0,0,0,0,"- ","- ",,,NAPA,"AMERICAN CANYON",-122.25274658203125,38.165523529052734
91332106,2020,2020-10-27,9325,2020-10-17,1700,021969,,6,2,9,2800,0,1,3,,1,022,"SR-29 S/B","OLD SONOMA RD",1690.00,N,N,A,-,Y,,,,,,,,,,Y,3,0,2,1,A,-,08,22107,,N,E,I,A,A,H,-,A,D,0,,,,,Y,Y,A,07,0,2,0,0,0,0,0,0,0,"- ","- ",38.292270660400391,-122.30233001708984,NAPA,UNINCORPORATED,-122.30224609375,38.292201995849609
91332822,2020,2020-10-28,9325,2020-10-24,1105,019411,,6,1,9,2800,0,1,3,,1,031,"S/B SR-29","WHITEHALL LANE",150.00,S,N,A,-,Y,,,29,,,,,,,N,2,0,1,1,A,-,03,22350,,N,F,A,A,A,H,-,A,D,0,,Y,,,Y,,L,04,1,0,0,0,0,0,1,0,0,"- ","- ",38.476799011230469,-122.43589782714844,NAPA,UNINCORPORATED,-122.43584442138672,38.476837158203125
91332936,2020,2020-10-28,9325,2020-10-24,0329,021109,,6,3,9,2800,0,2,4,,2,032,"SILVERADO TRAIL","YOUNTVILLE CROSS RD",5280.00,N,N,A,-,N,,,,,,,,,,Y,4,0,1,1,A,-,08,22107,,N,E,I,A,A,H,-,D,D,0,,,,,Y,,A,01,0,0,1,0,0,0,0,0,0,"- ","- ",38.438999176025391,-122.35105895996094,NAPA,UNINCORPORATED,-122.35137176513672,38.439559936523438
91333664,2020,2020-10-29,9325,2020-10-23,0809,019847,,5,1,9,2800,0,3,5,,2,002,"HAGEN ROAD","OLD COACH RD",528.00,E,N,A,-,N,,,,,,,,,,Y,4,0,1,1,A,-,01,23152,F,N,E,I,A,A,H,-,A,D,0,,,,,Y,,A,07,0,0,1,0,0,0,0,0,0,"- ","- ",38.323909759521484,-122.26384735107422,NAPA,UNINCORPORATED,-122.26401519775391,38.323749542236328
91335335,2020,2020-10-30,9325,2020-10-16,1430,021083,,5,2,9,2800,0,1,3,,1,031,SR-29,"OAKVILLE CROSS ROAD",0.00,,Y,A,-,Y,,,29,,,,,,,Y,3,0,1,2,A,-,09,21802,B,N,B,C,A,A,H,-,A,D,0,,,,,Y,,A,07,0,1,0,0,0,0,0,0,0,"- ","- ",38.436759948730469,-122.40273284912109,NAPA,UNINCORPORATED,-122.40275573730469,38.436737060546875
9133773,2020,2020-09-22,2802,2020-07-27,1912,320501,9,1,5,5,2802,0,0,0,,0,04A,"DOVER ST","REDWOOD  RD",0.00,,Y,A,-,N,,,,,,,,,,Y,4,0,2,2,A,-,09,21802,B,N,C,A,A,A,H,-,A,D,0,,,,,Y,,A,01,0,0,2,0,0,0,0,0,0,"- ","- ",,,NAPA,NAPA,-122.31572723388672,38.320041656494141
9133774,2020,2020-09-22,2802,2020-07-26,1153,320425,64,7,5,5,2802,0,0,0,,0,02A,"1ST ST","SOSCOL AV",0.00,,Y,A,-,N,,,,,,,,,,N,4,0,2,2,A,-,12,21453,A,N,C,C,A,A,H,-,A,A,0,,,,,Y,,A,01,0,0,2,0,0,0,0,0,0,"- ","- ",,,NAPA,NAPA,-122.28350067138672,38.300220489501953
91340650,2020,2020-11-06,9325,2020-10-16,0545,019847,,5,3,9,2800,0,1,3,,1,011,"SR-29 S/B",SR-12,1056.00,S,N,A,-,Y,,,29,,,,,,S,Y,4,0,1,3,A,-,07,21658,A,F,B,C,A,A,H,-,A,D,0,,,,,Y,,D,22,0,0,1,0,0,0,0,0,0,"- ","- ",38.219879150390625,-122.25788879394531,NAPA,UNINCORPORATED,-122.25771331787109,38.219898223876953
91340806,2020,2020-11-06,9325,2020-10-26,1035,015674,,1,1,9,2800,0,1,3,,1,043,SR128,"TUBBS LANE",0.00,,Y,A,-,Y,,,128,,,,,,,Y,3,0,1,2,A,-,09,21802,A,N,D,C,A,A,H,-,A,A,0,,,,,Y,,D,22,0,1,0,0,0,0,0,0,0,"- ","- ",38.588729858398438,-122.60710144042969,NAPA,UNINCORPORATED,-122.60707855224609,38.588752746582031
91341659,2020,2020-11-09,9325,2020-10-30,1425,021083,,5,2,9,2800,0,3,5,,2,004,"TUBBS LN",SR-128,528.00,E,N,A,-,N,,,,,,,,,,Y,3,0,2,1,A,-,08,22107,,N,E,I,A,A,H,-,A,D,0,,,,,Y,,A,07,0,2,0,0,0,0,0,0,0,"- ","- ",38.591030120849609,-122.60540008544922,NAPA,UNINCORPORATED,-122.60613250732422,38.589988708496094
91341700,2020,2020-11-09,9325,2020-11-03,2330,021005,,2,3,9,2800,0,1,3,,1,022,"SR-29 N/B","DARMS LN",500.00,S,N,A,-,Y,,,29,,,,,,N,Y,3,0,1,1,A,-,08,22107,,M,E,I,A,A,H,-,D,D,0,,,,,Y,Y,A,01,0,1,0,0,0,0,0,0,0,"- ","- ",38.365360260009766,-122.33776092529297,NAPA,UNINCORPORATED,-122.33777618408203,38.365352630615234
91341935,2020,2020-11-09,9325,2020-11-01,1203,019847,,7,1,9,2800,0,1,3,,1,011,SR-29,"TOWER ROAD",528.00,N,N,A,-,Y,,,29,,,,,,,Y,4,0,2,2,A,-,08,22107,,N,D,C,A,A,H,-,A,D,0,,,,,Y,,A,01,0,0,2,0,0,0,0,0,0,"- ","- ",38.213111877441406,-122.25644683837891,NAPA,UNINCORPORATED,-122.25643157958984,38.213111877441406
91342951,2020,2020-11-10,9325,2020-10-30,1530,018954,,5,2,9,2800,0,3,5,,2,002,"ATLAS PEAK RD","MCKINLEY RD",204.00,N,N,A,-,N,,,,,,,,,,Y,3,0,1,1,A,-,08,22107,,N,E,I,A,A,H,-,A,D,0,,,,,Y,,A,01,0,1,0,0,0,0,0,0,0,"- ","- ",38.344219207763672,-122.26692199707031,NAPA,UNINCORPORATED,-122.26687622070312,38.344314575195312
91342956,2020,2020-11-10,9325,2020-10-24,0835,021425,,6,1,9,2800,0,3,5,,1,008,"CHILES POPE VALLEY RD","POPE CANYON RD",13728.00,S,N,A,-,N,,,,,,,,,,N,3,0,1,2,A,-,21,22106,,N,E,I,F,A,H,-,A,D,0,Y,,,,Y,,J,43,0,1,0,0,1,0,0,0,0,"- ","- ",38.570480346679688,-122.39330291748047,NAPA,UNINCORPORATED,-122.39365386962891,38.570781707763672
9134421,2020,2020-10-01,2800,2020-07-18,0852,250263,20207,6,5,2,2805,0,0,0,,0,002,"AMERICAN CANYON RD","FLOSDEN RD",0.00,,Y,A,-,N,,,,,,,,,,Y,2,0,1,2,A,-,12,21453,A,N,D,C,A,A,-,-,A,A,0,,,Y,,Y,,C,02,1,0,0,0,0,0,0,0,1,"- ","- ",,,NAPA,"AMERICAN CANYON",-122.24001312255859,38.164409637451172
91344864,2020,2020-11-13,9325,2020-11-08,0310,021425,,7,3,9,2800,0,2,4,,2,032,"SILVERADO TRAIL","POPE ST",2112.00,S,N,A,-,N,,,,,,,,,,Y,4,0,1,1,A,-,08,22107,,N,E,I,A,A,H,-,D,D,0,,,,,Y,,A,01,0,0,1,0,0,0,0,0,0,"- ","- ",38.508071899414062,-122.44597625732422,NAPA,UNINCORPORATED,-122.44905090332031,38.509532928466797
91345335,2020,2020-11-16,9325,2020-11-08,0015,021005,,7,3,9,2800,0,1,3,,1,031,SR-29,"OAKVILLE CROSS ROAD",2112.00,S,N,A,-,Y,,,29,,,,,,,Y,3,0,1,1,A,-,01,23152,A,M,E,I,A,A,H,-,D,D,0,,,,,Y,Y,A,01,0,1,0,0,0,0,0,0,0,"- ","- ",38.428329467773438,-122.39507293701172,NAPA,UNINCORPORATED,-122.39512634277344,38.42828369140625
91347899,2020,2020-11-18,9325,2020-11-08,2030,021005,,7,2,9,2800,0,3,5,,2,003,"OAKVILLE GRADE RD","DRY CREEK RD",500.00,E,N,A,-,N,,,,,,,,,,Y,2,0,1,1,A,-,08,22107,,N,F,A,A,A,H,-,D,D,0,,,,,Y,,A,07,1,0,0,0,0,0,0,0,0,"- ","- ",38.407630920410156,-122.43206787109375,NAPA,UNINCORPORATED,-122.43161773681641,38.407920837402344
91348094,2020,2020-11-18,9325,2020-11-11,1201,014728,,3,1,9,2800,0,1,3,,1,013,"SR-221 N/B","ANDERSON RD.",150.00,N,N,A,-,Y,,,221,,,,,,N,Y,4,0,1,2,A,-,07,21658,A,N,D,C,A,A,H,-,A,A,0,,,,,Y,,A,01,0,0,1,0,0,0,0,0,0,"- ","- ",38.250770568847656,-122.27069854736328,NAPA,UNINCORPORATED,-122.27067565917969,38.250778198242188
91348421,2020,2020-11-19,9325,2020-11-17,0930,022599,,2,1,9,2800,0,1,3,,1,044,SR-29,"RLS PARK",6336.00,N,N,C,-,Y,,,29,,,,,,,Y,3,0,1,2,A,-,03,22350,,N,A,C,A,B,H,-,A,D,0,,,,,Y,,D,22,0,1,0,0,0,0,0,0,0,"- ","- ",38.667320251464844,-122.59898376464844,NAPA,UNINCORPORATED,-122.59901428222656,38.667339324951172
91348499,2020,2020-11-19,9325,2020-11-11,1010,015674,,3,1,9,2800,0,2,4,,1,042,"SILVERADO TRAIL","GLASS MOUNTAIN RD",528.00,S,N,B,-,N,,,,,,,,,,Y,4,0,1,2,A,-,03,22350,,N,C,C,A,A,H,-,A,D,0,,,,,Y,,A,07,0,0,1,0,0,0,0,0,0,"- ","- ",38.532669067382812,-122.49056243896484,NAPA,UNINCORPORATED,-122.49069976806641,38.533966064453125
91348773,2020,2020-11-19,9325,2020-11-13,1505,019775,,5,2,9,2800,0,1,3,,1,011,"SR-29 N/B","SOSCOL CREEK RD",350.00,S,N,B,C,Y,,,29,,,,,,N,Y,4,0,1,1,A,-,03,22350,,N,E,I,A,B,H,-,A,D,0,,,,,Y,,D,22,0,0,1,0,0,0,0,0,0,"- ","- ",38.235809326171875,-122.26206970214844,NAPA,UNINCORPORATED,-122.26211547851562,38.235752105712891
91350054,2020,2020-11-20,9325,2020-10-22,1225,014728,,4,1,9,2800,0,1,3,,1,022,"SR-29 S/B","HOFFMAN LN.",0.00,,Y,A,-,Y,,,29,,,,,,S,Y,1,1,0,2,A,-,09,21801,A,N,D,C,A,A,H,-,A,A,0,,,Y,,Y,,A,08,0,0,0,0,0,0,0,1,0,"- ","- ",38.3856201171875,-122.34945678710938,NAPA,UNINCORPORATED,-122.34940338134766,38.385654449462891
91350099,2020,2020-11-20,9325,2020-10-24,0852,019847,,6,1,9,2800,0,1,3,,1,011,"SR-29 N/B","SOSCOL CREEK ROAD",1266.00,S,N,B,-,Y,,,29,,,,,,N,N,1,1,0,2,A,-,08,22107,,N,C,G,A,A,H,-,A,D,0,,Y,,,Y,,L,04,0,0,0,0,0,1,0,0,0,"- ","- ",38.234241485595703,-122.26035308837891,NAPA,UNINCORPORATED,-122.26038360595703,38.234214782714844
91350350,2020,2020-11-20,9325,2020-11-18,0040,019067,,3,3,9,2800,0,3,5,,2,001,"AIRPORT BLVD","N AIRPORT ROAD",100.00,E,N,B,C,N,,,,,,,,,,Y,3,0,1,1,A,-,01,23152,A,N,E,I,A,B,H,-,D,D,0,,,,,Y,Y,A,07,0,1,0,0,0,0,0,0,0,"- ","- ",38.219818115234375,-122.27262878417969,NAPA,UNINCORPORATED,-122.27230834960938,38.219791412353516
91350531,2020,2020-11-20,9325,2020-11-13,1850,021083,,5,2,9,2800,0,2,4,,1,023,"SILVERADO TRAIL","YOUNTVILLE CROSS RD",10560.00,S,N,B,-,N,,,,,,,,,,Y,2,0,1,1,A,-,01,23152,A,N,E,I,A,B,H,-,D,D,0,,,,,Y,Y,A,01,1,0,0,0,0,0,0,0,0,"- ","- ",38.409500122070312,-122.33261871337891,NAPA,UNINCORPORATED,-122.32783508300781,38.401397705078125
91354219,2020,2020-11-26,9325,2020-11-18,0600,014728,,3,1,9,2800,0,1,3,,1,021,SR-121,"VICHY AVE.",10560.00,N,N,B,C,Y,,,121,,,,,,,Y,4,0,1,1,A,-,03,22350,,N,E,I,A,B,H,-,B,D,0,,,,,Y,,A,01,0,0,1,0,0,0,0,0,0,"- ","- ",38.349510192871094,-122.23583221435547,NAPA,UNINCORPORATED,-122.23591613769531,38.349502563476562
91354433,2020,2020-11-27,9325,2020-11-18,1310,016609,,3,1,9,2800,0,3,5,,2,002,"LINDA VISTA AVE","SUNDANCE CT",600.00,N,N,A,-,N,,,,,,,,,,Y,3,0,1,1,C,-,18,,,N,E,I,A,A,H,-,A,D,0,,,,,Y,,-,"- ",0,1,0,0,0,0,0,0,0,"- ","- ",38.335899353027344,-122.33300018310547,NAPA,UNINCORPORATED,-122.33237457275391,38.335422515869141
91354484,2020,2020-11-27,9325,2020-11-20,1630,022560,,5,2,9,2800,0,3,5,,1,008,"BUTTS CANYON ROAD","AETNA SPRINGS LANE",365.00,N,N,A,-,N,,,,,,,,,,Y,4,0,1,1,A,-,08,22107,,N,E,I,A,A,H,-,A,D,0,,,,,Y,,A,01,0,0,1,0,0,0,0,0,0,"- ","- ",38.655300140380859,-122.46499633789062,NAPA,UNINCORPORATED,-122.4649658203125,38.655281066894531
91354486,2020,2020-11-27,9325,2020-11-20,0717,022562,,5,1,9,2800,0,1,3,,1,011,"SR-29 N/B",SR-221,1267.00,S,N,A,-,Y,,,29,,,,,,N,Y,4,0,1,2,A,-,03,22350,,N,C,C,A,A,H,-,A,D,0,,,,,Y,,A,01,0,0,1,0,0,0,0,0,0,"- ","- ",38.239028930664062,-122.26596832275391,NAPA,UNINCORPORATED,-122.26596069335938,38.239044189453125
91354678,2020,2020-11-27,9325,2020-11-22,2017,022538,,7,2,9,2800,0,1,3,,1,022,"SR-29 N/B","HOFFMAN AVE",508.00,N,N,A,-,Y,,,29,,,,,,N,Y,3,0,1,1,A,-,08,22107,,N,F,I,A,A,H,-,D,D,0,,,,,Y,Y,A,07,0,1,0,0,0,0,0,0,0,"- ","- ",38.38787841796875,-122.35054779052734,NAPA,UNINCORPORATED,-122.35060882568359,38.387844085693359
91355393,2020,2021-02-10,9325,2020-11-09,1405,018954,,1,2,9,2800,0,2,4,,2,032,"SILVERADO TRAIL","OAKVILLE CROSS ROAD",6494.00,S,N,A,-,N,,,,,,,,,,Y,3,0,2,2,A,-,09,21804,A,N,B,C,A,A,H,-,A,D,0,,,,Y,Y,,F,26,0,2,0,0,0,0,0,0,0,"- ","- ",38.441291809082031,-122.35204315185547,NAPA,UNINCORPORATED,-122.35203552246094,38.44122314453125
91355617,2020,2020-11-30,9325,2020-11-17,1415,015674,,2,2,9,2800,0,1,3,,1,022,SR29,"LINCOLN AVE",900.00,S,N,B,C,Y,,,,,,,,,,Y,4,0,2,1,A,-,03,22350,,N,E,I,A,B,H,-,A,D,0,,,,,Y,,D,22,0,0,2,0,0,0,0,0,0,"- ","- ",38.304279327392578,-122.30419921875,NAPA,UNINCORPORATED,-122.57674407958984,38.586559295654297
91356838,2020,2020-12-02,9325,2020-11-26,0235,017746,,4,3,9,2800,0,1,3,,1,021,"SR-121 (MONTICELLO ROAD)","WILD HORSE VALLEY ROAD",4224.00,S,N,A,-,Y,,,121,,,,,,,Y,4,0,1,1,A,-,01,23152,A,N,F,I,A,A,H,-,A,D,0,,,,,Y,Y,A,01,0,0,1,0,0,0,0,0,0,"- ","- ",38.354110717773438,-122.21775054931641,NAPA,UNINCORPORATED,-122.21775817871094,38.354145050048828
91358273,2020,2020-12-03,9325,2020-11-27,1119,022562,,5,1,9,2800,0,3,5,,2,004,"SANITARIUM ROAD","CRYSTAL SPRINGS ROAD",0.00,,Y,A,-,N,,,,,,,,,,Y,4,0,2,2,A,-,08,22100,A,N,D,C,A,A,H,-,A,D,0,,,,,Y,,A,01,0,0,2,0,0,0,0,0,0,"- ","- ",38.537471771240234,-122.47458648681641,NAPA,UNINCORPORATED,-122.47438049316406,38.537281036376953
91358978,2020,2020-12-04,9325,2020-11-23,0545,014728,,1,3,9,2800,0,1,3,,1,012,"SR-12 W/B","N. KELLY RD.",20.00,E,N,A,-,Y,,,12,,,,,,W,N,4,0,1,2,A,-,03,22350,,F,C,C,A,A,H,-,B,A,0,,,,,Y,,-,99,0,0,1,0,0,0,0,0,0,"- ","- ",38.222629547119141,-122.25325012207031,NAPA,UNINCORPORATED,-122.25325012207031,38.222599029541016
91359035,2020,2020-12-04,9325,2020-11-25,0730,014728,,3,1,9,2800,0,1,3,,1,013,"SR-221 N/B","KAISER RD.",20.00,S,N,E,-,Y,,,221,,,,,,N,Y,4,0,1,2,A,-,03,22350,,N,C,C,A,B,H,-,A,A,0,,,,,Y,,D,22,0,0,1,0,0,0,0,0,0,"- ","- ",38.257740020751953,-122.27100372314453,NAPA,UNINCORPORATED,-122.27099609375,38.257740020751953
91359241,2020,2020-12-04,9325,2020-12-02,1050,014728,,3,1,9,2800,0,1,3,,1,011,"SR-29 N/B",SR-221,12.00,S,N,A,-,Y,,,29,,,,,,N,Y,4,0,1,2,A,-,03,22350,,N,C,C,A,A,H,-,A,A,0,,,,,Y,,A,01,0,0,1,0,0,0,0,0,0,"- ","- ",38.241371154785156,-122.26898956298828,NAPA,UNINCORPORATED,-122.26896667480469,38.241409301757812
91359515,2020,2020-12-07,9325,2020-11-22,2220,017746,,7,3,2,2804,0,1,S,,2,901,"SR-29 S/B","CALIFORNIA DRIVE",926.00,N,N,A,-,Y,,,29,,,,,,S,Y,2,0,3,2,A,-,01,23152,A,N,C,C,A,A,H,-,C,D,0,,,,,Y,Y,A,01,1,1,1,0,0,0,0,0,0,"- ","- ",38.399528503417969,-122.36141204833984,NAPA,YOUNTVILLE,-122.36139678955078,38.399543762207031
91359568,2020,2020-12-07,9325,2020-11-26,1410,022538,,4,2,9,2800,0,1,3,,1,081,"SR-128 W/B",SR-121,0.00,,Y,A,-,Y,,,,,,,,,,Y,2,0,1,2,A,-,03,22350,,N,D,C,A,A,H,-,A,D,0,,,Y,,Y,,C,02,1,0,0,0,0,0,0,0,1,"- ","- ",38.264438629150391,-122.11473846435547,NAPA,UNINCORPORATED,-122.19647399999999,38.445574000000001
91359758,2020,2020-12-07,9325,2020-11-27,1405,022560,,5,2,9,2800,0,1,3,,1,011,"SR-29 N/B","SOSCOL CREEK RD",884.00,N,N,A,-,Y,,,29,,,,,,N,N,3,0,1,3,A,-,07,21658,A,F,H,G,A,A,H,-,A,D,0,,Y,,,Y,,-,99,0,1,0,0,0,0,1,0,0,"- ","- ",38.238689422607422,-122.26541900634766,NAPA,UNINCORPORATED,-122.26548004150391,38.238620758056641
91359788,2020,2020-12-07,9325,2020-11-28,1625,022560,,6,2,9,2800,0,3,5,,2,002,"BIG RANCH ROAD","OAK KNOLL AVENUE",63.00,S,N,A,-,N,,,,,,,,,,Y,2,0,5,4,A,-,01,23152,A,N,C,C,A,A,H,-,A,D,0,,,,,Y,Y,A,01,1,0,4,0,0,0,0,0,0,"- ","- ",38.362178802490234,-122.31257629394531,NAPA,UNINCORPORATED,-122.31290435791016,38.362773895263672
91360086,2020,2020-12-14,9325,2020-11-25,0740,015674,,3,1,9,2800,0,1,3,,1,043,SR128,"N FORK BENNETT LN",4224.00,W,N,A,-,Y,,,128,,,,,,,Y,2,0,1,1,A,-,08,22107,,N,F,A,A,A,H,-,A,D,0,,,,Y,Y,,F,27,1,0,0,0,0,0,0,0,0,"- ","- ",38.600009918212891,-122.63230895996094,NAPA,UNINCORPORATED,-122.63231658935547,38.600017547607422
91364950,2020,2020-12-14,9325,2020-12-11,1344,022562,,5,1,9,2800,0,1,3,,1,044,SR-29,"TUBBS LANE",5808.00,N,N,B,-,Y,,,29,,,,,,,Y,3,0,2,1,A,-,08,22107,,N,E,I,A,B,H,-,A,D,0,,,,,Y,,D,22,0,2,0,0,0,0,0,0,0,"- ","- ",38.614479064941406,-122.59681701660156,NAPA,UNINCORPORATED,-122.59689331054688,38.614395141601562
91364964,2020,2020-12-14,9325,2020-12-09,0730,014728,,3,1,9,2800,0,1,3,,1,013,"SR-221 S/B","NAPA VALLEY CORPORATE WAY",40.00,N,N,A,-,Y,,,221,,,,,,S,N,4,0,1,2,A,-,03,22350,,N,C,C,A,A,H,-,A,A,0,,,,,Y,,A,01,0,0,1,0,0,0,0,0,0,"- ","- ",38.250480651855469,-122.27088928222656,NAPA,UNINCORPORATED,-122.27084350585938,38.250492095947266