CASE_ID,ACCIDENT_YEAR,PROC_DATE,JURIS,COLLISION_DATE,COLLISION_TIME,OFFICER_ID,REPORTING_DISTRICT,DAY_OF_WEEK,CHP_SHIFT,POPULATION,CNTY_CITY_LOC,SPECIAL_COND,BEAT_TYPE,CHP_BEAT_TYPE,CITY_DIVISION_LAPD,CHP_BEAT_CLASS,BEAT_NUMBER,PRIMARY_RD,SECONDARY_RD,DISTANCE,DIRECTION,INTERSECTION,WEATHER_1,WEATHER_2,STATE_HWY_IND,CALTRANS_COUNTY,CALTRANS_DISTRICT,STATE_ROUTE,ROUTE_SUFFIX,POSTMILE_PREFIX,POSTMILE,LOCATION_TYPE,RAMP_INTERSECTION,SIDE_OF_HWY,TOW_AWAY,COLLISION_SEVERITY,NUMBER_KILLED,NUMBER_INJURED,PARTY_COUNT,PRIMARY_COLL_FACTOR,PCF_CODE_OF_VIOL,PCF_VIOL_CATEGORY,PCF_VIOLATION,PCF_VIOL_SUBSECTION,HIT_AND_RUN,TYPE_OF_COLLISION,MVIW,PED_ACTION,ROAD_SURFACE,ROAD_COND_1,ROAD_COND_2,LIGHTING,CONTROL_DEVICE,CHP_ROAD_TYPE,PEDESTRIAN_ACCIDENT,BICYCLE_ACCIDENT,MOTORCYCLE_ACCIDENT,TRUCK_ACCIDENT,NOT_PRIVATE_PROPERTY,ALCOHOL_INVOLVED,STWD_VEHTYPE_AT_FAULT,CHP_VEHTYPE_AT_FAULT,COUNT_SEVERE_INJ,COUNT_VISIBLE_INJ,COUNT_COMPLAINT_PAIN,COUNT_PED_KILLED,COUNT_PED_INJURED,COUNT_BICYCLIST_KILLED,COUNT_BICYCLIST_INJURED,COUNT_MC_KILLED,COUNT_MC_INJURED,PRIMARY_RAMP,SECONDARY_RAMP,LATITUDE,LONGITUDE,COUNTY,CITY,POINT_X,POINT_Y
91611827,2021,2021-11-01,9325,2021-10-12,0845,018379,,2,1,9,2800,0,1,3,,1,041,SR-29,"DRIVEWAY TO 3718 SR-29. SOUTH ENTRANCE TO LARKMEAD",97.00,N,N,A,-,Y,,,29,,,,,,,Y,2,0,1,1,C,-,18,,,N,E,8,A,A,H,-,A,D,0,,,,,Y,,-,"- ",1,0,0,0,0,0,0,0,0,"- ","- ",38.553329467773438,-122.52214050292969,NAPA,UNINCORPORATED,-122.52214813232422,38.553173065185547
91611837,2021,2021-11-01,9325,2021-10-16,0915,021005,,6,1,9,2800,0,1,3,,1,044,"STATE ROUTE 29","OLD LAWLEY TOLL RD",2640.00,N,N,A,-,Y,,,29,,,,,,,Y,4,0,1,2,A,-,07,21658,A,M,B,A,A,A,H,-,A,B,0,,,,,Y,,-,99,0,0,1,0,0,0,0,0,0,"- ","- ",38.614109039306641,-122.59684753417969,NAPA,UNINCORPORATED,-122.59675598144531,38.614307403564453
91611914,2021,2021-11-01,9325,2021-10-19,1430,017559,,2,2,9,2800,0,1,3,,1,013,"SR-221 S/B","ANDERSON RD",1437.00,S,N,B,-,Y,,,221,,,,,,S,Y,3,0,2,3,A,-,03,22350,,N,C,C,A,A,H,-,A,D,0,,,,,Y,,A,07,0,2,0,0,0,0,0,0,0,"- ","- ",38.246360778808594,-122.26969909667969,NAPA,UNINCORPORATED,-122.26970672607422,38.246356964111328
91613569,2021,2021-11-02,9325,2021-10-20,1025,017538,,3,1,9,2800,0,1,3,,1,044,SR-29,"OLD LAWLEY TOLL RD.",13200.00,S,N,C,-,Y,,,29,,,,,,,Y,3,0,1,2,A,-,03,22350,,N,D,2,A,B,H,-,A,D,0,,,,,Y,Y,D,22,0,1,0,0,0,0,0,0,0,"- ","- ",38.613441467285156,-122.59691619873047,NAPA,UNINCORPORATED,-122.59691619873047,38.613430023193359
91613583,2021,2021-11-02,9325,2021-10-20,1245,015674,,3,1,9,2800,0,3,5,,1,008,"WOODEN VALLEY RD",SR121,14256.00,E,N,B,C,N,,,,,,,,,,Y,3,0,3,1,A,-,03,22350,,N,E,I,A,B,H,-,A,D,0,,,,,Y,,A,01,0,3,0,0,0,0,0,0,0,"- ","- ",38.358081817626953,-122.17098236083984,NAPA,UNINCORPORATED,-122.1710205078125,38.358242034912109
91613804,2021,2022-08-24,9325,2021-10-21,1415,021605,,4,2,9,2800,0,1,3,,1,022,"SR-29 SOUTHBOUND","FIRST STREET OVERCROSSING",800.00,S,N,B,C,Y,,,,,,,,,,Y,3,0,1,2,A,-,09,21804,A,N,B,C,A,B,H,-,A,D,0,,,,Y,Y,,A,01,0,1,0,0,0,0,0,0,0,"- ","- ",38.297859191894531,-122.30233001708984,NAPA,UNINCORPORATED,-122.30223083496094,38.297679901123047
91614036,2021,2021-11-03,9325,2021-10-21,2203,019847,,4,3,5,2802,0,1,3,,1,022,SR-29,"TRANCAS STREET",1584.00,N,N,B,-,Y,,,29,,,,,,,Y,3,0,1,1,A,-,08,22107,,N,E,J,A,B,H,-,C,D,0,,,,,Y,,A,07,0,1,0,0,0,0,0,0,0,"- ","- ",38.324699401855469,-122.31137084960938,NAPA,NAPA,-122.31166076660156,38.324443817138672
91614467,2021,2021-11-03,9325,2021-10-25,1330,019864,,1,1,9,2800,0,3,5,,2,003,"OAKVILLE GRADE",SR-29,10560.00,W,N,A,-,N,,,,,,,,,,Y,2,0,2,1,A,-,03,22350,,N,F,A,A,A,H,-,A,D,0,,,,Y,Y,,F,27,2,0,0,0,0,0,0,0,0,"- ","- ",38.421970367431641,-122.41712951660156,NAPA,UNINCORPORATED,-122.42716979980469,38.420589447021484
91615810,2021,2021-11-04,9325,2021-10-18,0840,015674,,1,1,9,2800,0,2,4,,1,023,"SILVERADO TRAIL","OAK KNOLL AVE.",3326.00,N,N,A,-,N,,,,,,,,,,Y,2,0,1,2,A,-,01,23152,F,N,B,C,A,B,H,-,A,D,0,,,,,Y,,A,01,1,0,0,0,0,0,0,0,0,"- ","- ",38.377849578857422,-122.30774688720703,NAPA,UNINCORPORATED,-122.30756378173828,38.377445220947266
91616086,2021,2021-11-04,9325,2021-10-26,2030,019864,,2,2,9,2800,0,1,3,,1,044,SR-29,"TUBBS LANE",10560.00,N,N,B,C,Y,,,29,,,,,,,Y,4,0,1,1,A,-,03,22350,,N,E,I,A,B,H,-,D,D,0,,,,,Y,,A,01,0,0,1,0,0,0,0,0,0,"- ","- ",38.619960784912109,-122.59783935546875,NAPA,UNINCORPORATED,-122.59780120849609,38.619941711425781
91616195,2021,2021-11-04,9325,2021-10-27,1535,019864,,3,2,9,2800,0,1,3,,1,044,SR-29,"TUBBS LANE",36960.00,N,N,B,-,Y,,,,,,,,,,Y,3,0,1,1,A,-,03,22350,,N,F,A,A,B,H,-,A,D,0,,,Y,,Y,,C,02,0,1,0,0,0,0,0,0,1,"- ","- ",38.626911163330078,-122.59754180908203,NAPA,UNINCORPORATED,-122.59925842285156,38.661590576171875
91616316,2021,2021-11-04,9325,2021-10-28,2120,019067,,4,2,9,2800,0,2,4,,1,023,"SILVERADO TRAIL","OAK KNOLL AVE",11616.00,N,N,A,-,N,,,,,,,,,,Y,2,0,1,1,A,-,01,23152,A,N,E,I,A,A,H,-,D,D,0,,,,,Y,Y,A,07,1,0,0,0,0,0,0,0,0,"- ","- ",38.400390625,-122.32705688476562,NAPA,UNINCORPORATED,-122.32365417480469,38.396369934082031
91618866,2021,2021-11-08,9325,2021-10-28,0530,021969,,4,3,9,2800,0,1,3,,1,012,SR-12,"SR-29 N/B",240.00,E,N,E,-,Y,,,12,,,,,,,Y,4,0,3,2,A,-,03,22350,,N,C,C,A,A,C,-,D,D,0,,,,,Y,Y,A,07,0,0,3,0,0,0,0,0,0,"- ","- ",38.223098754882812,-122.25691223144531,NAPA,UNINCORPORATED,-122.25691223144531,38.223079681396484
91618973,2021,2021-11-08,9325,2021-10-24,1220,021005,,7,1,9,2800,0,1,3,,1,044,"STATE ROUTE 29","LIVERMORE ROAD",15840.00,S,N,C,-,Y,,,29,,,,,,,N,4,0,2,2,A,-,03,22350,,M,C,C,A,B,H,-,A,D,0,,,,,Y,Y,A,07,0,0,2,0,0,0,0,0,0,"- ","- ",38.649101257324219,-122.59114837646484,NAPA,UNINCORPORATED,-122.59114074707031,38.64910888671875
91619338,2021,2021-11-15,9325,2021-10-25,1530,022562,,1,2,9,2800,0,1,3,,1,012,SR-12,"KIRKLAND RANCH ROAD",0.00,,Y,B,-,Y,,,12,,,,,,,Y,2,0,4,5,A,-,09,21800,D,N,D,C,A,A,H,-,A,B,0,,,,,Y,,-,"- ",2,2,0,0,0,0,0,0,0,"- ","- ",38.220119476318359,-122.23419189453125,NAPA,UNINCORPORATED,-122.23418426513672,38.220138549804688
91619749,2021,2021-11-09,9325,2021-11-07,0055,021449,,7,3,9,2800,0,1,3,,1,041,"STATE ROUTE 29","PETERSON DR.",150.00,N,N,A,-,Y,,,29,,,,,,,Y,4,0,1,1,A,-,08,22107,,N,E,8,A,A,H,-,D,D,0,,,,,Y,,A,01,0,0,1,0,0,0,0,0,0,"- ","- ",38.557651519775391,-122.53254699707031,NAPA,UNINCORPORATED,-122.53266143798828,38.557415008544922
91620012,2021,2021-11-09,9325,2021-10-29,0708,022560,,5,1,9,2800,0,1,3,,1,011,SR-29,"SOSCOL FERRY RD",500.00,S,N,A,-,Y,,,29,,,,,,,Y,4,0,1,3,A,-,03,22350,,M,C,C,A,A,H,-,B,D,0,,,,,Y,,A,01,0,0,1,0,0,0,0,0,0,"- ","- ",38.239849090576172,-122.26705932617188,NAPA,UNINCORPORATED,-122.26712036132812,38.239780426025391
91620214,2021,2021-11-09,9325,2021-10-29,1427,017746,,5,2,9,2800,0,2,4,,1,023,"SILVERADO TRAIL","YOUNTVILLE CROSS ROAD",10560.00,S,N,A,-,N,,,,,,,,,,Y,2,0,2,2,A,-,09,21801,A,N,D,C,A,A,H,-,A,D,0,,,Y,,Y,,A,01,2,0,0,0,0,0,0,0,2,"- ","- ",38.40142822265625,-122.32776641845703,NAPA,UNINCORPORATED,-122.32783508300781,38.401401519775391
91620363,2021,2021-11-09,9325,2021-11-04,1710,021083,,4,2,9,2800,0,1,3,,1,081,SR-121,"WATERS ROAD",3168.00,S,N,B,-,Y,,,121,,,,,,,Y,4,0,2,2,A,-,05,21460,A,N,A,C,A,A,H,-,A,D,0,,,,,Y,,A,01,0,0,2,0,0,0,0,0,0,"- ","- ",38.392688751220703,-122.20223999023438,NAPA,UNINCORPORATED,-122.20224761962891,38.392688751220703
91621292,2021,2021-11-10,9325,2021-11-05,1630,021083,,5,2,9,2800,0,1,3,,1,011,SR-29,SR-221,528.00,S,N,B,-,Y,,,29,,,,,,,Y,4,0,1,2,A,-,07,21658,A,N,B,C,A,A,H,-,A,D,0,,,,,Y,,A,07,0,0,1,0,0,0,0,0,0,"- ","- ",38.239429473876953,-122.26632690429688,NAPA,UNINCORPORATED,-122.266357421875,38.239395141601562
91625675,2021,2021-11-16,9325,2021-11-06,2000,021083,,6,2,9,2800,0,1,3,,1,011,SR-29,"SOSCOL FERRY RD",100.00,N,N,A,-,Y,,,,,,,,,,Y,2,0,1,1,A,-,08,22107,,N,E,I,A,A,H,-,D,D,0,,,,,Y,,A,01,1,0,0,0,0,0,0,0,0,"- ","- ",33.894199371337891,-118.29820251464844,NAPA,UNINCORPORATED,-122.26951599121094,38.241466522216797
91627170,2021,2021-11-17,9325,2021-11-14,0320,021425,,7,3,9,2800,0,1,3,,2,071,SR-121,"STANLY LN",528.00,S,N,E,-,Y,,,121,,,,,,,Y,3,0,1,1,A,-,01,23152,A,N,E,I,A,B,H,-,C,D,0,,,,,Y,Y,A,01,0,1,0,0,0,0,0,0,0,"- ","- ",38.258819580078125,-122.30992889404297,NAPA,UNINCORPORATED,-122.30992126464844,38.258918762207031
91628270,2021,2021-11-18,9325,2021-11-10,0745,017538,,3,1,9,2800,0,1,3,,1,044,SR-29,"OLD LAWLEY TOLL RD.",29.00,N,N,E,-,Y,,,29,,,,,,,Y,2,0,1,1,A,-,08,22107,,N,F,A,A,B,H,-,A,D,0,,,,,Y,,D,22,1,0,0,0,0,0,0,0,0,"- ","- ",38.640251159667969,-122.59649658203125,NAPA,UNINCORPORATED,-122.59644317626953,38.640426635742188
91628291,2021,2021-11-18,9325,2021-11-10,1325,017559,,3,1,9,2800,0,1,3,,1,011,"SR-29 S/B",SR-12,84.00,N,N,A,-,Y,,,29,,,,,,S,Y,3,0,2,2,A,-,03,22350,,N,C,C,A,A,H,-,A,A,0,,,,,Y,,A,01,0,2,0,0,0,0,0,0,0,"- ","- ",38.223468780517578,-122.25792694091797,NAPA,UNINCORPORATED,-122.25804138183594,38.223461151123047
91628506,2021,2021-11-18,9325,2021-11-11,1325,017559,,4,1,9,2800,0,1,3,,1,011,SR-29,SR-12,0.00,,Y,A,-,Y,,,29,,,,,,,Y,3,0,1,3,A,-,12,21453,A,N,D,C,A,A,H,-,A,A,0,,,,,Y,,D,22,0,1,0,0,0,0,0,0,0,"- ","- ",38.223171234130859,-122.25775909423828,NAPA,UNINCORPORATED,-122.25778198242188,38.223167419433594
91630306,2021,2021-11-19,9325,2021-11-16,0953,015176,,2,1,9,2800,0,1,3,,1,011,SR-29,SR-221,800.00,S,N,A,-,Y,,,,,,,,,,Y,4,0,1,2,A,-,03,22350,,N,C,C,A,A,H,-,A,D,0,,,,Y,Y,,A,07,0,0,1,0,0,0,0,0,0,"- ","- ",38.239830017089844,-122.16693878173828,NAPA,UNINCORPORATED,-122.26706695556641,38.239982604980469
91630638,2021,2021-11-19,9325,2021-11-13,1320,022562,,6,1,9,2800,0,1,3,,1,012,"BUTTS CANYON ROAD","JAMES CREEK ROAD",3696.00,N,N,A,-,N,,,,,,,,,,Y,2,0,1,2,A,-,05,21460,A,N,B,C,A,A,H,-,A,D,0,,,Y,,Y,,C,02,1,0,0,0,0,0,0,0,1,"- ","- ",38.667488098144531,-122.44589233398438,NAPA,UNINCORPORATED,-122.44627380371094,38.666904449462891
91630692,2021,2021-11-19,9325,2021-11-07,2040,022538,,7,2,9,2800,0,3,5,,2,004,"OLD LAWLEY TOLL RD",SR-29,8976.00,N,N,A,-,N,,,,,,,,,,Y,2,0,2,1,A,-,01,23152,A,F,E,I,A,A,H,-,D,D,0,,,Y,,Y,Y,C,02,1,1,0,0,0,0,0,0,2,"- ","- ",38.621921539306641,-122.58876800537109,NAPA,UNINCORPORATED,,
91631506,2021,2021-11-22,9325,2021-11-19,0440,021449,,5,3,5,2802,0,1,3,,1,022,"STATE ROUTE 29","LINCOLN AVENUE",528.00,N,N,A,-,Y,,,29,,,,,,,Y,3,0,1,1,A,-,01,23152,A,N,E,I,A,A,H,-,C,D,0,,,,,Y,Y,A,01,0,1,0,0,0,0,0,0,0,"- ","- ",38.309730529785156,-122.30567169189453,NAPA,NAPA,-122.30570983886719,38.309719085693359
91632206,2021,2021-11-22,9325,2021-11-16,1535,017559,,2,2,9,2800,0,1,3,,1,011,SR-29,SR-12,320.00,S,N,A,-,Y,,,29,,,,,,,N,3,0,1,2,A,-,03,22350,,N,C,C,A,A,H,-,A,A,0,,,,,Y,,M,47,0,1,0,0,0,0,0,0,0,"- ","- ",38.222110748291016,-122.25773620605469,NAPA,UNINCORPORATED,-122.25770568847656,38.222114562988281
91632825,2021,2021-11-23,9325,2021-11-19,0940,021005,,5,1,9,2800,0,3,5,,2,003,"WHITE COTTAGE RD  S","WEST LANE",1584.00,N,N,E,-,N,,,,,,,,,,Y,3,0,2,2,A,-,05,21460,A,N,A,C,A,B,H,-,A,D,0,,,,,Y,,A,07,0,1,1,0,0,0,0,0,0,"- ","- ",38.567420959472656,-122.45726013183594,NAPA,UNINCORPORATED,-122.45684814453125,38.567554473876953
91632932,2021,2021-11-23,9325,2021-11-21,1110,018379,,7,1,9,2800,0,1,3,,1,081,SR-121,SR-128,100.00,W,N,A,-,N,,,121,,,,,,,Y,3,0,1,1,A,-,03,22350,,N,E,J,A,A,H,-,A,D,0,,,Y,,Y,,C,02,0,1,0,0,0,0,0,0,1,"- ","- ",38.445579528808594,-122.19706726074219,NAPA,UNINCORPORATED,-122.19706726074219,38.445556640625
91636334,2021,2021-11-29,9325,2021-11-14,1840,021083,,7,2,9,2800,0,3,5,,2,007,"MILTON RD","LAS AMIGAS ROAD",6336.00,S,N,A,-,N,,,,,,,,,,Y,4,0,1,1,A,-,01,23152,A,M,E,I,A,A,H,-,D,D,0,,,,,Y,Y,D,22,0,0,1,0,0,0,0,0,0,"- ","- ",38.215530395507812,-122.31105804443359,NAPA,UNINCORPORATED,-122.3115234375,38.214889526367188
91636341,2021,2021-11-29,9325,2021-11-17,0805,015176,,3,1,9,2800,0,3,5,,2,002,"OAK KNOLL AVE","SILVERADO TRAIL",0.00,,Y,A,-,N,,,,,,,,,,Y,4,0,1,2,A,-,09,21801,A,N,D,C,A,A,H,-,A,A,0,,,,,Y,,A,07,0,0,1,0,0,0,0,0,0,"- ","- ",38.370059967041016,-122.30097198486328,NAPA,UNINCORPORATED,-122.30091857910156,38.369987487792969
91636345,2021,2021-11-29,9325,2021-11-18,1730,017559,,4,2,9,2800,0,1,3,,1,013,"SR-221 S/B","NAPA VALLEY CORPORATE WAY",1542.00,S,N,B,-,Y,,,,,,,,,,Y,3,0,1,2,A,-,03,22350,,N,C,C,A,A,H,-,B,D,0,,,,,Y,,A,01,0,1,0,0,0,0,0,0,0,"- ","- ",38.216060638427734,-122.26992797851562,NAPA,UNINCORPORATED,-122.26967620849609,38.246223449707031
91638046,2021,2021-11-30,9325,2021-11-21,1315,021005,,7,1,9,2800,0,1,3,,1,080,SR-121,"WATERS ROAD",1056.00,S,N,A,-,Y,,,121,,,,,,,N,2,0,1,1,A,-,08,22107,,N,E,I,A,A,H,-,A,D,0,,,Y,,Y,,C,02,1,0,0,0,0,0,0,0,1,"- ","- ",38.395538330078125,-122.20490264892578,NAPA,UNINCORPORATED,-122.20402526855469,38.395736694335938
9163917,2020,2020-11-24,2802,2020-09-11,1128,320501,58,5,5,5,2802,0,0,0,,0,04A,"RT 29","SALVADOR AV",500.00,S,N,A,-,Y,NAP,4,29,-,-,14.520,H,-,N,Y,4,0,2,2,A,-,03,22350,,N,C,C,A,A,H,-,A,A,0,,,,,Y,,A,01,0,0,2,0,0,0,0,0,0,"- ","- ",,,NAPA,NAPA,-122.32351684570312,38.338665008544922
91641217,2021,2021-12-02,9325,2021-11-24,2225,019067,,3,3,9,2800,0,1,3,,1,012,"SR-12 W/B","KIRKLAND RANCH ROAD",1584.00,W,N,A,-,Y,,,12,,,,,,W,Y,4,0,1,1,A,-,08,22107,,N,E,8,A,A,H,-,D,D,0,,,,,Y,,A,01,0,0,1,0,0,0,0,0,0,"- ","- ",38.221481323242188,-122.24021148681641,NAPA,UNINCORPORATED,-122.24020385742188,38.221401214599609
91641497,2021,2021-12-03,9325,2021-12-02,2010,017559,,4,2,9,2800,0,3,5,,2,001,"IMOLA AVE","4TH AVE",85.00,S,N,A,-,N,,,,,,,,,,Y,3,0,3,1,A,-,01,23152,A,N,E,I,A,A,H,-,D,D,0,,,,,Y,Y,A,01,0,2,1,0,0,0,0,0,0,"- ","- ",38.279800415039062,-122.24867248535156,NAPA,UNINCORPORATED,-122.24906921386719,38.279720306396484
91641791,2021,2021-12-03,9325,2021-11-25,2015,017559,,4,2,9,2800,0,1,3,,1,011,SR-29,SR-221,367.00,S,N,A,-,Y,,,29,,,,,,,Y,3,0,1,2,A,-,03,22350,,N,C,C,A,A,H,-,C,D,0,,,,,Y,,A,07,0,1,0,0,0,0,0,0,0,"- ","- ",38.240428924560547,-122.26802825927734,NAPA,UNINCORPORATED,-122.26797485351562,38.240501403808594
91641907,2021,2021-12-03,9325,2021-11-27,1415,021083,,6,2,5,2802,0,1,3,,1,022,SR-29,"IMOLA AVE",50.00,N,N,A,-,Y,,,29,,,,,,,Y,3,0,1,2,A,-,03,22350,,N,C,C,A,A,H,-,A,D,0,,,,,Y,,A,01,0,1,0,0,0,0,0,0,0,"- ","- ",38.282039642333984,-122.30043029785156,NAPA,NAPA,-122.30046081542969,38.282039642333984
91641993,2021,2021-12-03,9325,2021-11-27,2300,022397,,6,3,9,2800,0,1,3,,1,044,SR-29,"OLD LAWLEY TOLL ROAD",7392.00,S,N,B,-,Y,,,29,,,,,,,N,4,0,3,2,A,-,03,22350,,M,C,2,A,A,H,-,D,D,0,,,,,Y,,-,99,0,0,3,0,0,0,0,0,0,"- ","- ",38.626930236816406,-122.60224914550781,NAPA,UNINCORPORATED,-122.60219573974609,38.626953125
91647499,2021,2021-12-09,9325,2021-11-30,1609,017559,,2,2,9,2800,0,3,5,,2,002,"OAK KNOLL AVE","SOLANO AVE",18.00,E,N,A,-,N,,,,,,,,,,N,3,0,1,2,A,-,08,22107,,N,D,G,A,A,H,-,B,A,0,,Y,,,Y,Y,A,01,0,1,0,0,0,0,1,0,0,"- ","- ",38.352909088134766,-122.33187103271484,NAPA,UNINCORPORATED,-122.33193206787109,38.352916717529297
91650546,2021,2021-12-13,9325,2021-12-07,2235,020776,,2,3,9,2800,0,1,3,,1,044,SR-29,"OLD LAWLEY TOLL RD",11088.00,N,N,B,-,Y,,,29,,,,,,,Y,3,0,1,1,A,-,08,22107,,N,F,A,A,A,H,-,D,D,0,,,,,Y,,A,01,0,1,0,0,0,0,0,0,0,"- ","- ",38.649078369140625,-122.59687042236328,NAPA,UNINCORPORATED,-122.59690093994141,38.649032592773438
91653833,2021,2021-12-16,9325,2021-12-09,2200,020776,,4,3,9,2800,0,1,3,,1,044,SR-29,"OLD LAWLEY TOLL RD",17688.00,N,N,A,-,Y,,,29,,,,,,,Y,3,0,1,1,A,-,08,22107,,N,E,I,A,A,H,-,D,D,0,,,,,Y,,A,01,0,1,0,0,0,0,0,0,0,"- ","- ",38.660350799560547,-122.59854888916016,NAPA,UNINCORPORATED,-122.59847259521484,38.660415649414062
91655000,2021,2021-12-17,9325,2021-12-15,1705,017559,,3,2,9,2800,0,1,3,,1,081,SR-121,"WOODEN VALLEY RD",1300.00,N,N,C,-,Y,,,121,,,,,,,Y,3,0,2,2,A,-,01,23152,A,N,D,C,A,B,H,-,D,D,0,,,,,Y,Y,A,01,0,2,0,0,0,0,0,0,0,"- ","- ",38.379451751708984,-122.19988250732422,NAPA,UNINCORPORATED,-122.19985198974609,38.379447937011719
91656504,2021,2021-12-20,9325,2021-12-09,1227,015176,,4,1,9,2800,0,1,3,,1,013,"SR-221 N/B","MAGNOLIA DR",160.00,N,N,A,-,Y,,,221,,,,,,N,N,4,0,1,3,A,-,03,22350,,N,C,C,A,A,H,-,A,D,0,,,,,Y,,D,23,0,0,1,0,0,0,0,0,0,"- ","- ",38.278949737548828,-122.27381134033203,NAPA,UNINCORPORATED,-122.27383422851562,38.278945922851562
91656774,2021,2021-12-20,9365,2021-12-08,1700,018803,,3,2,9,2800,0,2,4,,1,032,"AMERICAN CANYON RD",I-80,1056.00,N,N,C,-,N,,,,,,,,,,Y,4,0,1,2,A,-,08,22103,,N,D,C,A,B,H,-,D,D,0,,,,,Y,,A,01,0,0,1,0,0,0,0,0,0,"- ","- ",38.167530059814453,-122.20996856689453,NAPA,UNINCORPORATED,-122.20252227783203,38.168163299560547
9165698,2020,2020-11-30,2800,2020-09-30,1947,250490,10201,3,5,2,2805,0,0,0,,0,001,"AMERICAN CANYON RD",BROADWAY,0.00,,Y,A,-,N,,,,,,,,,,Y,4,0,2,3,-,-,"- ",,C,F,D,C,A,A,H,-,C,A,0,,,,,Y,,A,01,0,0,2,0,0,0,0,0,0,"- ","- ",,,NAPA,"AMERICAN CANYON",-122.25296783447266,38.165531158447266
9165711,2020,2020-12-01,2800,2020-09-29,1750,250512,10201,2,5,2,2805,0,0,0,,0,001,"RT 29","AMERICAN CANYON RD",0.00,,Y,A,-,Y,NAP,4,29,-,-,0.710,H,-,S,Y,4,0,1,2,A,-,08,22107,,N,B,C,A,A,H,-,A,A,0,,,,,Y,,A,01,0,0,1,0,0,0,0,0,0,"- ","- ",,,NAPA,"AMERICAN CANYON",-122.25291442871094,38.165851593017578
9165732,2020,2020-12-02,2802,2020-10-04,0013,320455,412,7,5,5,2802,0,0,0,,0,02B,"GASSER DR","IMOLA AV",125.00,N,N,A,-,Y,NAP,4,121,-,R,5.670,I,6,S,N,4,0,1,2,A,-,03,22350,,M,C,C,A,A,H,-,-,A,0,,,,,Y,,A,01,0,0,1,0,0,0,0,0,0,"- ","- ",,,NAPA,NAPA,-122.27858734130859,38.280925750732422
91658433,2021,2021-12-22,9325,2021-12-10,1805,021645,,5,2,9,2800,0,1,3,,1,044,SR-29,"OLD LAWLEY TOLL RD",6547.00,S,N,A,-,Y,,,29,,,,,,,Y,2,0,2,2,A,-,05,21460,A,N,A,C,A,A,H,-,D,D,0,,,,,Y,,A,07,2,0,0,0,0,0,0,0,0,"- ","- ",38.627418518066406,-122.60236358642578,NAPA,UNINCORPORATED,-122.60234832763672,38.627418518066406
91658447,2021,2021-12-22,9325,2021-12-11,0230,021996,,6,3,9,2800,0,1,3,,1,012,"SR-29 N/B",SR-221,53.00,S,N,A,-,Y,,,29,,,,,,N,N,4,0,1,2,A,-,03,22350,,N,C,C,A,A,H,-,C,A,0,,,,,Y,,D,22,0,0,1,0,0,0,0,0,0,"- ","- ",38.241451263427734,-122.26946258544922,NAPA,UNINCORPORATED,-122.26936340332031,38.241634368896484
91658595,2021,2021-12-22,9365,2021-12-14,0010,018192,,2,3,9,2800,0,2,4,,1,032,"AMERCAN CANYON ROAD (2100 BLOCK)","VIA FIRENZE",2640.00,S,N,B,C,N,,,,,,,,,,Y,4,0,1,1,A,-,21,22106,,N,E,I,A,B,H,-,D,D,0,,,,,Y,Y,A,01,0,0,1,0,0,0,0,0,0,"- ","- ",38.095199584960938,-122.12490081787109,NAPA,UNINCORPORATED,-122.23615264892578,38.164211273193359
91658777,2021,2021-12-22,9325,2021-12-14,0235,019067,,2,3,9,2800,0,3,5,,1,008,"HOWELL MOUNTAIN ROAD","INK GRADE ROAD",528.00,S,N,B,C,N,,,,,,,,,,Y,3,0,1,1,A,-,08,22107,,N,E,I,A,B,H,-,D,D,0,,,,,Y,,A,07,0,1,0,0,0,0,0,0,0,"- ","- ",38.592521667480469,-122.43965148925781,NAPA,UNINCORPORATED,-122.43973541259766,38.592544555664062
91659870,2021,2021-12-23,9325,2021-12-13,1750,017559,,1,2,9,2800,0,1,3,,1,021,SR-121,"WOODSIDE DR",200.00,N,N,C,-,N,,,121,,,,,,,N,3,0,1,3,A,-,03,22350,,N,C,C,A,B,H,-,D,D,0,,,,,Y,,D,22,0,1,0,0,0,0,0,0,0,"- ","- ",38.328811645507812,-122.27060699462891,NAPA,UNINCORPORATED,-122.27058410644531,38.328781127929688
91659962,2021,2021-12-23,9325,2021-12-16,0330,019067,,4,3,9,2800,0,1,3,,2,071,SR-121,"HAIRE LANE",2112.00,N,N,B,C,Y,,,121,,,,,,,Y,4,0,1,1,A,-,01,23152,A,N,E,I,A,B,H,-,D,D,0,,,,,Y,Y,A,01,0,0,1,0,0,0,0,0,0,"- ","- ",38.255290985107422,-122.36911010742188,NAPA,UNINCORPORATED,-122.36907958984375,38.255195617675781