CASE_ID,ACCIDENT_YEAR,PROC_DATE,JURIS,COLLISION_DATE,COLLISION_TIME,OFFICER_ID,REPORTING_DISTRICT,DAY_OF_WEEK,CHP_SHIFT,POPULATION,CNTY_CITY_LOC,SPECIAL_COND,BEAT_TYPE,CHP_BEAT_TYPE,CITY_DIVISION_LAPD,CHP_BEAT_CLASS,BEAT_NUMBER,PRIMARY_RD,SECONDARY_RD,DISTANCE,DIRECTION,INTERSECTION,WEATHER_1,WEATHER_2,STATE_HWY_IND,CALTRANS_COUNTY,CALTRANS_DISTRICT,STATE_ROUTE,ROUTE_SUFFIX,POSTMILE_PREFIX,POSTMILE,LOCATION_TYPE,RAMP_INTERSECTION,SIDE_OF_HWY,TOW_AWAY,COLLISION_SEVERITY,NUMBER_KILLED,NUMBER_INJURED,PARTY_COUNT,PRIMARY_COLL_FACTOR,PCF_CODE_OF_VIOL,PCF_VIOL_CATEGORY,PCF_VIOLATION,PCF_VIOL_SUBSECTION,HIT_AND_RUN,TYPE_OF_COLLISION,MVIW,PED_ACTION,ROAD_SURFACE,ROAD_COND_1,ROAD_COND_2,LIGHTING,CONTROL_DEVICE,CHP_ROAD_TYPE,PEDESTRIAN_ACCIDENT,BICYCLE_ACCIDENT,MOTORCYCLE_ACCIDENT,TRUCK_ACCIDENT,NOT_PRIVATE_PROPERTY,ALCOHOL_INVOLVED,STWD_VEHTYPE_AT_FAULT,CHP_VEHTYPE_AT_FAULT,COUNT_SEVERE_INJ,COUNT_VISIBLE_INJ,COUNT_COMPLAINT_PAIN,COUNT_PED_KILLED,COUNT_PED_INJURED,COUNT_BICYCLIST_KILLED,COUNT_BICYCLIST_INJURED,COUNT_MC_KILLED,COUNT_MC_INJURED,PRIMARY_RAMP,SECONDARY_RAMP,LATITUDE,LONGITUDE,COUNTY,CITY,POINT_X,POINT_Y
92154446,2023,2023-08-25,9325,2023-08-20,1330,022514,,7,1,9,2800,0,3,5,,2,003,"BUTTS CANYON RD","SNELL VALLEY ROAD",4752.00,S,N,A,F,Y,,,,,,,,,,N,3,0,1,1,B,-,22,,,N,F,J,A,A,H,-,A,D,0,,,Y,,Y,,C,02,0,1,0,0,0,0,0,0,1,"- ","- ",38.683078765869141,-122.44573211669922,NAPA,UNINCORPORATED,-122.44574737548828,38.682998657226562
92154647,2023,2023-08-25,9325,2023-08-20,1820,021083,,7,2,9,2800,0,2,4,,2,032,"SILVERADO TRAIL","TAPLIN RD",100.00,N,N,A,-,N,,,,,,,,,,N,3,0,1,1,A,-,08,22107,,N,F,A,A,A,H,-,A,D,0,,,Y,,Y,,C,02,0,1,0,0,0,0,0,0,1,"- ","- ",38.501750946044922,-122.43270874023438,NAPA,UNINCORPORATED,-122.43203735351562,38.501415252685547
9215689,2020,2021-02-09,2802,2020-12-30,1503,320488,34,3,5,5,2802,0,0,0,,0,04B,"BROWNS VALLEY RD","3107 BROWNS VALLEY RD",25.00,N,N,A,-,N,,,,,,,,,,N,4,0,1,4,A,-,03,22350,,N,C,C,A,A,H,-,A,A,0,,,,,Y,,D,22,0,0,1,0,0,0,0,0,0,"- ","- ",,,NAPA,NAPA,,
9215693,2020,2021-02-09,2802,2020-12-31,1142,320457,13,4,5,5,2802,0,0,0,,0,003,"JEFFERSON ST","TRANCAS ST",0.00,,Y,B,-,N,,,,,,,,,,N,4,0,1,2,A,-,03,22350,,N,C,C,A,A,H,-,A,A,0,,,,,Y,,D,22,0,0,1,0,0,0,0,0,0,"- ","- ",,,NAPA,NAPA,-122.30013275146484,38.322780609130859
92157023,2023,2023-08-29,9325,2023-08-19,"950 ",020615,,6,1,9,2800,0,3,5,,1,008,"KNOXVILLE RD","SPANISH FLAT LOOP RD",15840.00,N,N,A,-,N,,,,,,,,,,Y,3,0,1,1,A,-,03,22350,,N,F,A,A,A,H,-,A,D,0,,,Y,,Y,,C,02,0,1,0,0,0,0,0,0,1,"- ","- ",38.570049285888672,-122.24172210693359,NAPA,UNINCORPORATED,,
92157067,2023,2023-08-29,9325,2023-08-25,"10  ",022562,,5,3,9,2800,0,1,3,,1,044,SR-29,"OLD LAWLEY TOLL RD",15312.00,N,N,A,-,Y,NAP,,29," "," ",45.867,H,,R,Y,4,0,1,1,A,-,01,23152,A,N,E,I,A,A,H,-,D,D,0,,,,,Y,Y,A,01,0,0,1,0,0,0,0,0,0,"- ","- ",38.656501770019531,-122.59526062011719,NAPA,UNINCORPORATED,-122.59539794921875,38.656482696533203
92158309,2023,2023-08-30,9325,2023-08-17,2215,023148,,4,3,9,2800,0,1,3,,1,013,"RT 221","MAGNOLIA DR",250.00,S,N,A,-,Y,NAP,,221," "," ",2.473,H,,R,Y,3,0,1,3,A,-,01,23152,A,N,C,C,A,A,D,-,D,A,0,,,,,Y,Y,A,07,0,1,0,0,0,0,0,0,0,"- ","- ",38.277538299560547,-122.27356719970703,NAPA,UNINCORPORATED,-122.27357482910156,38.277538299560547
92158458,2023,2023-08-30,9325,2023-08-21,1830,021083,,1,2,9,2800,0,1,3,,1,011,SR-29,"SOUTH KELLY ROAD",1584.00,N,N,A,-,Y,NAP,,29," "," ",3.922,H,,R,Y,3,0,2,2,A,-,03,22350,,N,C,C,A,A,H,-,A,D,0,,,,,Y,,A,01,0,1,1,0,0,0,0,0,0,"- ","- ",38.211418151855469,-122.25624084472656,NAPA,UNINCORPORATED,-122.25627136230469,38.211418151855469
92158677,2023,2023-08-30,9325,2023-08-25,2040,022560,,5,2,9,2800,0,1,3,,1,081,SR-121,"WATERS RD",552.00,S,N,A,-,Y,NAP,,121," "," ",17.767,H,,R,Y,3,0,2,1,A,-,08,22107,,N,F,A,A,A,H,-,D,D,0,,,,,Y,,D,22,0,2,0,0,0,0,0,0,0,"- ","- ",38.397811889648438,-122.20442962646484,NAPA,UNINCORPORATED,-122.20440673828125,38.397804260253906
92158678,2023,2023-08-30,9325,2023-08-26,1305,019775,,6,1,9,2800,0,3,5,,2,001,"SOUTH KELLY ROAD","STATE ROUTE 12",20.00,S,N,A,-,N,,,,,,,,,,N,4,0,1,2,A,-,03,22350,,N,C,C,A,A,H,-,A,A,0,,,,,Y,,A,07,0,0,1,0,0,0,0,0,0,"- ","- ",38.222381591796875,-122.25331878662109,NAPA,UNINCORPORATED,-122.25326538085938,38.222537994384766
92160188,2023,2023-08-31,9325,2023-08-25,1605,021605,,5,2,9,2800,0,3,5,,2,003,"DWYER ROAD",SR-29,116.00,W,N,A,-,N,,,,,,,,,,N,3,0,2,1,A,-,08,22107,,N,E,I,A,A,H,-,A,D,0,,,Y,,Y,,C,06,0,2,0,0,0,0,0,0,2,"- ","- ",38.423500061035156,-122.39151000976562,NAPA,UNINCORPORATED,-122.39147186279297,38.423427581787109
92161794,2023,2023-09-04,9325,2023-08-30,1725,021083,,3,2,9,2800,0,1,3,,1,013,SR-221,"STREBLOW DR",5.00,N,N,A,-,Y,NAP,,221," "," ",1.985,H,,R,Y,4,0,1,3,A,-,03,22350,,N,C,C,A,A,H,-,A,A,0,,,,,Y,,A,07,0,0,1,0,0,0,0,0,0,"- ","- ",38.270210266113281,-122.27205657958984,NAPA,UNINCORPORATED,-122.27186584472656,38.270236968994141
92162400,2023,2023-09-05,9325,2023-08-19,1915,020615,,6,2,9,2800,0,1,3,,1,080,SR-128,"WRAGG CANYON",2640.00,E,N,A,-,Y,NAP,,128," "," ",27.528,H,,R,Y,2,0,1,2,A,-,09,21804,A,N,D,C,A,A,H,-,A,D,0,,,Y,,Y,,A,01,1,0,0,0,0,0,0,0,1,"- ","- ",38.443950653076172,-122.15187072753906,NAPA,UNINCORPORATED,-122.15190124511719,38.443950653076172
9216546,2021,2021-03-19,2802,2021-01-05,1833,320532,0,2,5,5,2802,0,0,0,,0,,"CALISTOGA AV","JEFFERSON ST",29.00,E,N,A,-,N,,,,,,,,,,N,3,0,1,2,A,-,10,21950,A,N,G,B,B,A,H,-,C,D,0,Y,,,,Y,,A,01,0,1,0,0,1,0,0,0,0,"- ","- ",,,NAPA,NAPA,-122.29299163818359,38.299888610839844
9216547,2021,2021-03-19,2802,2021-01-07,1609,320532,53,4,5,5,2802,0,0,0,,0,02B,"W IMOLA AV","MINAHEN ST",240.00,W,N,A,-,N,,,,,,,,,,N,3,0,2,2,A,-,08,22107,,N,C,C,A,A,H,-,A,D,0,,Y,Y,,Y,,L,04,0,2,0,0,0,0,1,0,1,"- ","- ",,,NAPA,NAPA,-122.2969970703125,38.282035827636719
92165746,2023,2023-09-08,9325,2023-08-27,"230 ",023148,,7,3,9,2800,0,3,5,,2,007,"OLD SONOMA RD","BUHMAN AVE",528.00,N,N,A,-,N,,,,,,,,,,Y,3,0,1,1,A,-,01,23152,G,N,E,I,A,A,H,-,D,D,0,,,,,Y,Y,A,01,0,1,0,0,0,0,0,0,0,"- ","- ",38.271949768066406,-122.33039093017578,NAPA,UNINCORPORATED,-122.33059692382812,38.271434783935547
92165769,2023,2023-09-08,9325,2023-08-25,"730 ",023257,,5,1,9,2800,0,3,5,,2,003,"PETRIFIED FOREST RD",SR-128,211.00,W,N,A,-,N,,,,,,,,,,Y,3,0,3,2,A,-,05,21460,A,N,A,C,A,A,D,-,A,D,0,,,,,Y,,D,22,0,3,0,0,0,0,0,0,0,"- ","- ",38.577861785888672,-122.60343933105469,NAPA,UNINCORPORATED,-122.59688568115234,38.580966949462891
92165785,2023,2023-09-08,9325,2023-08-21,"637 ",019115,,1,1,9,2800,0,1,3,,1,031,SR-29,"BELLA OAKS LN",375.00,S,N,A,-,Y,NAP,,29," "," ",23.793,H,,R,N,2,0,4,2,A,-,08,22107,,N,A,C,A,A,H,-,A,D,0,,,,Y,Y,,F,26,2,2,0,0,0,0,0,0,0,"- ","- ",38.449211120605469,-122.41400146484375,NAPA,UNINCORPORATED,-122.41396331787109,38.449230194091797
92165881,2023,2023-11-09,9325,2023-08-29,1025,019115,,2,1,9,2800,0,1,3,,1,044,SR-29,"TUBBS LN",3696.00,N,N,A,-,Y,NAP,,29," "," ",40.195,H,,R,N,3,0,1,3,A,-,03,22350,,N,C,C,A,A,H,-,A,D,0,,,,,Y,,A,01,0,1,0,0,0,0,0,0,0,"- ","- ",38.610309600830078,-122.59425354003906,NAPA,UNINCORPORATED,-122.59423828125,38.610298156738281
92165981,2023,2023-09-08,9325,2023-08-31,1255,017559,,4,1,9,2800,0,1,3,,1,081,SR121,"WOODEN VALLEY RD",528.00,N,N,A,-,Y,NAP,,121," "," ",16.390,H,,R,Y,3,0,1,1,A,-,08,22107,,N,E,I,A,A,H,-,A,D,0,,,,,Y,,A,08,0,1,0,0,0,0,0,0,0,"- ","- ",38.379951477050781,-122.19978332519531,NAPA,UNINCORPORATED,-122.19986724853516,38.379924774169922
92165990,2023,2023-09-08,9325,2023-08-31,1604,023152,,4,2,9,2800,0,2,4,,2,032,"SILVERADO TRAIL","SKELLENGER LN",0.00,,Y,A,-,N,,,,,,,,,,Y,3,0,1,2,A,-,06,21755,,N,D,C,A,A,H,-,A,A,0,,,Y,,Y,,C,02,0,1,0,0,0,0,0,0,1,"- ","- ",38.464778900146484,-122.37560272216797,NAPA,UNINCORPORATED,-122.37559509277344,38.464866638183594
92167920,2023,2023-09-12,9325,2023-09-02,"130 ",023148,,6,3,5,2802,0,1,3,,1,022,"SR 29","TRANCAS STREET",150.00,N,N,A,-,Y,NAP,,29," "," ",13.102,H,,R,Y,2,0,1,1,A,-,01,23152,F,N,E,I,A,A,H,-,C,D,0,,,,,Y,,D,22,1,0,0,0,0,0,0,0,0,"- ","- ",38.321918487548828,-122.30870056152344,NAPA,NAPA,-122.30881500244141,38.321846008300781
92168998,2023,2023-09-13,9325,2023-09-03,"800 ",023257,,7,1,9,2800,0,2,4,,1,023,"SILVERADO TRAIL","TRANCAS STREET",1056.00,N,N,A,-,N,,,,,,,,,,Y,3,0,1,1,A,-,08,22107,,N,E,I,A,A,H,-,A,D,0,,,,,Y,,A,07,0,1,0,0,0,0,0,0,0,"- ","- ",38.328758239746094,-122.27858734130859,NAPA,UNINCORPORATED,-122.27429962158203,38.325721740722656
92169038,2023,2023-09-13,9325,2023-09-04,1345,021083,,1,1,9,2800,0,3,5,,2,002,"FIRST AVE","LUPINE HILL RD",528.00,N,N,A,-,N,,,,,,,,,,Y,4,0,1,1,A,-,08,22107,,N,B,I,A,A,H,-,A,D,0,,,,,Y,,A,07,0,0,1,0,0,0,0,0,0,"- ","- ",38.317131042480469,-122.25595092773438,NAPA,UNINCORPORATED,-122.25759124755859,38.315311431884766
92169887,2023,2023-09-14,9325,2023-09-02,1725,021605,,6,2,9,2800,0,2,4,,2,032,"SILVERADO TRAIL","POPE STREET",2112.00,S,N,A,-,N,,,,,,,,,,Y,4,0,1,1,A,-,08,22107,,N,F,A,A,A,H,-,A,D,0,,,Y,,Y,,C,02,0,0,1,0,0,0,0,0,1,"- ","- ",38.509681701660156,-122.449462890625,NAPA,UNINCORPORATED,-122.44905090332031,38.509532928466797
92170381,2023,2023-09-14,9325,2023-09-09,1015,021458,,6,1,9,2800,0,1,3,,1,030,"SR-128 (SAGE CANYON RD)","LONG RANCH RD",1056.00,W,N,A,-,Y,NAP,,128," "," ",10.374,H,,R,Y,2,0,1,2,A,-,09,21804,A,N,A,C,A,A,H,-,A,D,0,,,Y,,Y,,A,01,1,0,0,0,0,0,0,0,1,"- ","- ",38.482208251953125,-122.35903930664062,NAPA,UNINCORPORATED,-122.35903167724609,38.482200622558594
92170455,2023,2023-09-14,9325,2023-09-07,1824,020615,,4,2,9,2800,0,3,5,,1,008,SR-128,"WRAGG CANYON",26400.00,E,N,A,-,Y,SOL,,128," "," ",0.155,H,,R,Y,3,0,1,2,A,-,09,21804,A,M,D,C,A,A,H,-,A,D,0,,,Y,,Y,,-,99,0,1,0,0,0,0,0,0,1,"- ","- ",38.511730194091797,-122.10073089599609,NAPA,UNINCORPORATED,-122.10072326660156,38.511753082275391
92170848,2023,2023-09-15,9325,2023-09-12,"15  ",022562,,2,3,9,2800,0,1,3,,1,044,SR-29,"OLD LAWLEY TOLL RD",1090.00,S,N,B,-,Y,NAP,,29," "," ",42.771,H,,R,Y,4,0,1,1,A,-,08,22107,,N,E,I,A,A,H,-,D,D,0,,,,,Y,,A,01,0,0,1,0,0,0,0,0,0,"- ","- ",38.640899658203125,-122.59803009033203,NAPA,UNINCORPORATED,-122.59794616699219,38.640861511230469
92171166,2023,2023-09-15,9325,2023-09-09,2245,022538,,6,3,9,2800,0,2,4,,1,034,"HOWELL MOUNTAIN RD","INK GRADE RD",270.00,E,N,A,-,N,,,,,,,,,,Y,2,0,1,1,A,-,01,23152,A,N,E,I,A,A,H,-,D,D,0,,,,,Y,Y,A,07,1,0,0,0,0,0,0,0,0,"- ","- ",38.592960357666016,-122.44048309326172,NAPA,UNINCORPORATED,-122.4404296875,38.592994689941406
92171171,2023,2023-09-15,9325,2023-09-01,1625,023094,,5,2,9,2800,0,2,4,,1,023,"SILVERADO TRAIL","OAK KNOLL AVE",300.00,S,N,A,-,N,,,,,,,,,,Y,3,0,1,2,A,-,01,23152,A,N,A,C,A,A,H,-,A,D,0,,,,,Y,Y,A,01,0,1,0,0,0,0,0,0,0,"- ","- ",38.368671417236328,-122.2994384765625,NAPA,UNINCORPORATED,-122.30020904541016,38.369380950927734
92171405,2023,2023-09-15,9325,2023-09-03,2030,021605,,7,2,9,2800,0,2,4,,1,082,"BERRYESSA KNOXVILLE ROAD",SR-128,5280.00,N,N,A,-,N,,,,,,,,,,Y,3,0,2,1,A,-,01,23152,A,N,E,8,A,A,H,-,D,D,0,,,,,Y,Y,A,01,0,2,0,0,0,0,0,0,0,"- ","- ",38.50115966796875,-122.2392578125,NAPA,UNINCORPORATED,-122.23863220214844,38.501918792724609
92171457,2023,2023-09-15,9325,2023-09-14,1500,023094,,4,2,9,2800,0,2,4,,2,032,"SILVERADO TRAIL","SKELLENGER LN",3696.00,N,N,A,-,N,,,,,,,,,,Y,3,0,1,1,A,-,08,22107,,N,E,I,A,A,H,-,A,D,0,,,,,Y,,A,01,0,1,0,0,0,0,0,0,0,"- ","- ",38.472568511962891,-122.38449096679688,NAPA,UNINCORPORATED,-122.38421630859375,38.472373962402344
9217163,2021,2021-03-15,2802,2021-01-09,1507,320488,43,6,5,5,2802,0,0,0,,0,01B,"OLD SONOMA RD","WALNUT ST",50.00,S,N,A,-,N,,,,,,,,,,N,4,0,1,2,A,-,08,22107,,N,D,G,A,A,H,-,A,A,0,,Y,,,Y,,L,04,0,0,1,0,0,0,1,0,0,"- ","- ",,,NAPA,NAPA,-122.30027008056641,38.28778076171875
92173364,2023,2023-09-19,9325,2023-09-08,"543 ",023123,,5,3,9,2800,0,1,S,,2,024,SR-29,"CALIFORNIA DR",1320.00,S,N,A,-,Y,NAP,,29," "," ",18.688,H,,R,Y,2,0,2,2,A,-,07,21658,A,N,B,2,A,A,H,-,D,D,0,,,,,Y,,A,01,2,0,0,0,0,0,0,0,0,"- ","- ",38.394138336181641,-122.35507965087891,NAPA,UNINCORPORATED,-122.3551025390625,38.394130706787109
92174579,2023,2023-09-20,9325,2023-09-11,1650,020615,,1,2,9,2800,0,1,3,,1,011,SR-29,SR-221,2640.00,S,N,A,-,Y,NAP,,29," "," ",5.635,H,,R,Y,3,0,1,2,A,-,07,21658,A,N,C,C,A,A,H,-,A,D,0,,,Y,,Y,,D,22,0,1,0,0,0,0,0,0,1,"- ","- ",38.235511779785156,-122.26213073730469,NAPA,UNINCORPORATED,-122.26198577880859,38.235618591308594
92175215,2023,2023-09-20,9325,2023-09-16,"24  ",022540,,6,3,9,2800,0,3,5,,2,002,"REDWOOD ROAD","BROWNS VALLEY ROAD",1800.00,N,N,A,-,N,,,,,,,,,,Y,3,0,1,1,A,-,01,23152,A,N,E,8,A,A,H,-,D,D,0,,,,,Y,Y,A,01,0,1,0,0,0,0,0,0,0,"- ","- ",38.319141387939453,-122.34526062011719,NAPA,UNINCORPORATED,-122.34095001220703,38.315391540527344
92177259,2023,2023-09-22,9325,2023-09-18,"449 ",022540,,1,3,9,2800,0,3,5,,2,002,"THOMPSON AVENUE","CONGRESS VALLEY ROAD",1900.00,N,N,A,-,N,,,,,,,,,,N,2,0,1,1,A,-,08,22107,,N,E,I,A,A,H,-,D,D,0,,,,,Y,,A,01,1,0,0,0,0,0,0,0,0,"- ","- ",38.289520263671875,-122.32691955566406,NAPA,UNINCORPORATED,-122.32683563232422,38.28948974609375
92177282,2023,2023-09-22,9325,2023-09-18,"915 ",017559,,1,1,9,2800,0,3,5,,1,008,"STEELE CANYON RD",SR128,23232.00,N,N,A,-,Y,,,,,,,,,,Y,4,0,1,1,A,-,08,22107,,N,E,I,A,A,H,-,A,D,0,,,,,Y,,A,01,0,0,1,0,0,0,0,0,0,"- ","- ",38.492111206054688,-122.19786071777344,NAPA,UNINCORPORATED,-122.19698333740234,38.446731567382812
92179036,2023,2023-09-25,9325,2023-09-13,1805,021605,,3,2,9,2800,0,1,3,,1,044,SR-29,"UPPER OLD LAWLEY TOLL RD",8976.00,N,N,A,-,Y,NAP,,29," "," ",43.784,H,,R,Y,3,0,1,1,A,-,01,23152,A,N,E,I,A,A,H,-,A,D,0,,,,,Y,Y,A,01,0,1,0,0,0,0,0,0,0,"- ","- ",38.643020629882812,-122.59320831298828,NAPA,UNINCORPORATED,-122.59335327148438,38.643108367919922
92179587,2023,2023-09-26,9325,2023-09-21,1500,021521,,4,2,9,2800,0,3,5,,2,003,"DRY CREEK RD","MOUNT VEEDER RD",50.00,W,N,A,-,N,,,,,,,,,,Y,4,0,1,1,A,-,08,22107,,N,E,I,A,A,B,-,A,D,0,,,,,Y,,D,22,0,0,1,0,0,0,0,0,0,"- ","- ",38.406551361083984,-122.44123840332031,NAPA,UNINCORPORATED,-122.44113159179688,38.406444549560547
92179588,2023,2023-09-26,9325,2023-09-09,1945,022538,,6,2,9,2800,0,1,3,,1,044,SR-29,"OLD LAWLEY TOLL RD",14256.00,N,N,A,-,Y,NAP,,29," "," ",45.653,H,,R,Y,4,0,2,2,A,-,05,21460,A,N,A,C,A,A,H,-,D,D,0,,,,,Y,,A,01,0,0,2,0,0,0,0,0,0,"- ","- ",38.654949188232422,-122.59787750244141,NAPA,UNINCORPORATED,-122.59787750244141,38.654949188232422
92180017,2023,2023-09-26,9325,2023-09-14,"920 ",019115,,4,1,9,2800,0,3,5,,1,008,"GORDON VALLEY RD","WOODEN VALLEY CROSS RD",2640.00,S,N,A,-,N,,,,,,,,,,Y,4,0,1,1,A,-,08,22107,,N,A,I,A,A,H,-,A,D,0,,,,,Y,,-,"- ",0,0,1,0,0,0,0,0,0,"- ","- ",38.332118988037109,-122.11521148681641,NAPA,UNINCORPORATED,-122.11476898193359,38.331291198730469
92181246,2023,2023-09-27,9325,2023-09-18,1050,019775,,1,1,9,2800,0,1,3,,2,071,"SR-121 S/B","3296 SONOMA HIGHWAY",340.00,N,N,A,-,Y,NAP,,121," "," ",3.584,H,,L,N,4,0,3,2,A,-,03,22350,,N,C,C,A,A,H,-,A,D,0,,,,,Y,,A,01,0,0,3,0,0,0,0,0,0,"- ","- ",38.257801055908203,-122.31836700439453,NAPA,UNINCORPORATED,-122.31835174560547,38.257747650146484
92181718,2023,2023-09-27,9325,2023-09-20,"450 ",022560,,3,3,9,2800,0,1,3,,1,022,SR-29,"FIRST ST",100.00,S,N,A,-,Y,NAP,,29," "," ",11.408,H,,R,Y,4,0,1,1,C,-,18,,,N,A,H,A,A,H,-,B,D,0,,,,,Y,,-,"- ",0,0,1,0,0,0,0,0,0,"- ","- ",38.297828674316406,-122.30223083496094,NAPA,UNINCORPORATED,-122.30205535888672,38.297863006591797
92182567,2023,2023-09-28,9325,2023-09-22,2215,023148,,5,3,9,2800,0,1,3,,1,011,"SR 29","RT 12",375.00,N,N,A,-,Y,NAP,,29," "," ",4.796,H,,R,N,3,0,1,2,A,-,03,22350,,M,C,C,A,A,H,-,C,D,0,,,,,Y,,A,01,0,1,0,0,0,0,0,0,0,"- ","- ",38.224430084228516,-122.25804138183594,NAPA,UNINCORPORATED,-122.25789642333984,38.224437713623047
92185608,2023,2023-10-02,9325,2023-09-24,1145,021458,,7,1,9,2800,0,3,5,,2,001,"MAYFAIR DRIVE","LONDON WAY",120.00,S,N,A,-,N,,,,,,,,,,N,3,0,1,2,A,-,11,21954,A,N,G,B,E,A,H,-,A,D,0,Y,,,,Y,,N,60,0,1,0,0,1,0,0,0,0,"- ","- ",38.283760070800781,-122.26493835449219,NAPA,UNINCORPORATED,-122.26494598388672,38.283851623535156
92188717,2023,2023-10-03,9325,2023-09-22,"615 ",023241,,5,1,9,2800,0,1,3,,1,011,SR-29,"IMOLA AVE",632.00,N,N,A,-,Y,NAP,,29," "," ",10.435,H,,R,Y,3,0,1,2,A,-,03,22350,,N,C,C,A,A,H,-,B,D,0,,,,,Y,,A,07,0,1,0,0,0,0,0,0,0,"- ","- ",38.283840179443359,-122.30039215087891,NAPA,UNINCORPORATED,-122.30038452148438,38.283840179443359
92188718,2023,2023-10-03,9325,2023-09-22,1947,021605,,5,2,9,2800,0,1,3,,1,044,SR-29,"UPPER OLD LAWLEY TOLL ROAD",1584.00,N,N,A,-,Y,NAP,,29," "," ",43.251,H,,R,Y,3,0,1,1,A,-,01,23152,A,N,E,I,A,A,H,-,B,D,0,,,,,Y,Y,A,07,0,1,0,0,0,0,0,0,0,"- ","- ",38.639801025390625,-122.59233093261719,NAPA,UNINCORPORATED,-122.59242248535156,38.639804840087891
92188721,2023,2023-10-03,9325,2023-09-16,2010,023094,,6,2,9,2800,0,3,5,,2,002,"BIG RANCH RD","OAK KNOLL AVE",1065.00,S,N,A,-,N,,,,,,,,,,Y,2,0,1,1,A,-,01,23152,A,M,E,8,A,A,H,-,D,D,0,,,,,Y,Y,A,01,1,0,0,0,0,0,0,0,0,"- ","- ",38.359489440917969,-122.31107330322266,NAPA,UNINCORPORATED,-122.31143951416016,38.360275268554688
92188728,2023,2023-10-03,9325,2023-09-22,1535,021605,,5,2,9,2800,0,2,4,,2,032,"SILVERADO TRAIL","FAWN PARK RD",528.00,S,N,A,-,N,,,,,,,,,,N,4,0,1,2,A,-,03,22350,,N,C,C,A,A,H,-,A,D,0,,,,,Y,,A,01,0,0,1,0,0,0,0,0,0,"- ","- ",38.523200988769531,-122.47792816162109,NAPA,UNINCORPORATED,-122.47695922851562,38.522815704345703
92188729,2023,2023-10-03,9325,2023-09-22,1725,021605,,5,2,9,2800,0,1,3,,1,031,SR-29,"BELLA OAKS LANE",100.00,S,N,A,-,Y,NAP,,29," "," ",23.862,H,,R,Y,3,0,1,2,A,-,03,22350,,N,C,C,A,A,H,-,A,D,0,,,,,Y,,A,07,0,1,0,0,0,0,0,0,0,"- ","- ",38.449848175048828,-122.41461181640625,NAPA,UNINCORPORATED,-122.41457366943359,38.449871063232422
92188731,2023,2023-10-03,9325,2023-09-24,"310 ",022538,,7,3,9,2800,0,2,4,,2,032,"SILVERADO TRAIL",SR-128,518.00,S,N,A,-,N,,,,,,,,,,Y,4,0,1,1,A,-,01,23152,A,N,E,I,A,A,H,-,D,D,0,,,,,Y,Y,A,01,0,0,1,0,0,0,0,0,0,"- ","- ",38.486221313476562,-122.4027099609375,NAPA,UNINCORPORATED,-122.40274810791016,38.486339569091797
92188930,2023,2023-10-03,9325,2023-09-27,"450 ",022560,,3,3,9,2800,0,1,3,,1,022,SR-29,"LINCOLN AVE",200.00,S,N,A,-,Y,NAP,,29," "," ",11.924,H,,R,Y,2,0,1,2,A,-,03,22350,,N,C,C,A,A,H,-,C,D,0,,,Y,,Y,,C,02,1,0,0,0,0,0,0,0,1,"- ","- ",38.305240631103516,-122.30393218994141,NAPA,UNINCORPORATED,-122.30419921875,38.305191040039062
92188952,2023,2023-10-03,9325,2023-09-23,1225,017746,,6,1,9,2800,0,3,5,,1,008,"CHILES POPE VALLEY ROAD","MOORE CREEK PARK",1056.00,N,N,A,-,N,,,,,,,,,,N,2,0,1,1,A,-,08,22107,,N,F,A,A,A,H,-,A,D,0,,,Y,,Y,,C,02,1,0,0,0,0,0,0,0,1,"- ","- ",38.513790130615234,-122.35043334960938,NAPA,UNINCORPORATED,,
92190562,2023,2023-10-04,9325,2023-09-27,"730 ",017559,,3,1,9,2800,0,2,4,,1,023,"SILVERADO TRAIL","TRANCAS ST",2112.00,N,N,A,-,N,,,,,,,,,,Y,2,0,3,1,A,-,08,22107,,N,E,I,A,A,H,-,A,D,0,,,,,Y,,A,07,1,1,1,0,0,0,0,0,0,"- ","- ",38.330528259277344,-122.27906799316406,NAPA,UNINCORPORATED,-122.27429962158203,38.325721740722656
92191825,2023,2023-10-05,9325,2023-09-28,1600,021521,,4,2,9,2800,0,1,3,,1,044,SR-29,"GREENWOOD AVE",1056.00,N,N,A,-,Y,NAP,,29," "," ",38.780,H,,R,Y,2,0,1,1,A,-,01,23152,A,M,E,I,A,A,H,-,A,D,0,,,,,Y,Y,A,01,1,0,0,0,0,0,0,0,0,"- ","- ",38.600559234619141,-122.58499908447266,NAPA,UNINCORPORATED,-122.58504486083984,38.600517272949219