CASE_ID,ACCIDENT_YEAR,PROC_DATE,JURIS,COLLISION_DATE,COLLISION_TIME,OFFICER_ID,REPORTING_DISTRICT,DAY_OF_WEEK,CHP_SHIFT,POPULATION,CNTY_CITY_LOC,SPECIAL_COND,BEAT_TYPE,CHP_BEAT_TYPE,CITY_DIVISION_LAPD,CHP_BEAT_CLASS,BEAT_NUMBER,PRIMARY_RD,SECONDARY_RD,DISTANCE,DIRECTION,INTERSECTION,WEATHER_1,WEATHER_2,STATE_HWY_IND,CALTRANS_COUNTY,CALTRANS_DISTRICT,STATE_ROUTE,ROUTE_SUFFIX,POSTMILE_PREFIX,POSTMILE,LOCATION_TYPE,RAMP_INTERSECTION,SIDE_OF_HWY,TOW_AWAY,COLLISION_SEVERITY,NUMBER_KILLED,NUMBER_INJURED,PARTY_COUNT,PRIMARY_COLL_FACTOR,PCF_CODE_OF_VIOL,PCF_VIOL_CATEGORY,PCF_VIOLATION,PCF_VIOL_SUBSECTION,HIT_AND_RUN,TYPE_OF_COLLISION,MVIW,PED_ACTION,ROAD_SURFACE,ROAD_COND_1,ROAD_COND_2,LIGHTING,CONTROL_DEVICE,CHP_ROAD_TYPE,PEDESTRIAN_ACCIDENT,BICYCLE_ACCIDENT,MOTORCYCLE_ACCIDENT,TRUCK_ACCIDENT,NOT_PRIVATE_PROPERTY,ALCOHOL_INVOLVED,STWD_VEHTYPE_AT_FAULT,CHP_VEHTYPE_AT_FAULT,COUNT_SEVERE_INJ,COUNT_VISIBLE_INJ,COUNT_COMPLAINT_PAIN,COUNT_PED_KILLED,COUNT_PED_INJURED,COUNT_BICYCLIST_KILLED,COUNT_BICYCLIST_INJURED,COUNT_MC_KILLED,COUNT_MC_INJURED,PRIMARY_RAMP,SECONDARY_RAMP,LATITUDE,LONGITUDE,COUNTY,CITY,POINT_X,POINT_Y
92191968,2023,2024-01-17,9325,2023-01-28,2330,017746,,6,3,9,2800,0,1,3,,1,041,SR-29,"BALE GRIST MILL",302.00,S,N,A,-,Y,NAP,,29," "," ",31.796,H,,R,Y,1,1,1,1,A,-,01,23152,A,N,E,8,A,A,H,-,D,D,0,,,,,Y,Y,D,22,0,1,0,0,0,0,0,0,0,"- ","- ",38.537391662597656,-122.50742340087891,NAPA,UNINCORPORATED,-122.50734710693359,38.537410736083984
92192317,2023,2023-10-05,9325,2023-09-28,"635 ",017559,,4,1,9,2800,0,3,5,,2,002,"SOLANO AVE","DARMS LN",1858.00,N,N,A,-,N,,,,,,,,,,N,4,0,1,1,A,-,08,22107,,N,E,I,A,A,H,-,B,D,0,,,,,Y,,A,01,0,0,1,0,0,0,0,0,0,"- ","- ",38.369968414306641,-122.34114074707031,NAPA,UNINCORPORATED,-122.34098052978516,38.370002746582031
92193287,2023,2023-10-06,9325,2023-09-30,1110,021458,,6,1,9,2800,0,1,3,,1,080,SR-128,"SOLANO COUNTY LINE",40.00,W,N,B,-,Y,NAP,,128," "," ",34.210,H,,R,N,3,0,1,1,A,-,03,22350,,N,E,I,A,A,H,-,A,D,0,,,,,Y,,A,01,0,1,0,0,0,0,0,0,0,"- ","- ",38.511978149414062,-122.10446929931641,NAPA,UNINCORPORATED,-122.10448455810547,38.512020111083984
92193308,2023,2023-10-06,9325,2023-09-30,2213,022540,,6,3,9,2800,0,1,3,,1,011,"SR-29 NORTHBOUND",SR-221,50.00,S,N,A,-,Y,NAP,,29," ",R,6.181,H,,R,N,4,0,1,2,A,-,03,22350,,N,C,C,A,A,H,-,C,A,0,,,,,Y,,A,07,0,0,1,0,0,0,0,0,0,"- ","- ",38.241348266601562,-122.26891326904297,NAPA,UNINCORPORATED,-122.26890563964844,38.241352081298828
92194250,2023,2023-10-09,9365,2023-09-29,"831 ",020834,,5,1,9,2800,0,1,1,,2,081,"I-80 E/B","AMERICAN CANYON RD",6336.00,W,N,A,-,Y,,,,,,,,,,N,4,0,1,2,A,-,07,21658,A,M,E,I,A,A,H,-,A,D,0,,,,,Y,,-,99,0,0,1,0,0,0,0,0,0,"- ","- ",38.156471252441406,-122.21320343017578,NAPA,UNINCORPORATED,-122.21347045898438,38.156658172607422
9219435,2021,2021-03-09,2802,2021-01-25,1603,320425,23,1,5,5,2802,0,0,0,,0,003,"PUEBLO AV","BEECHAM ST",0.00,,Y,A,-,N,,,,,,,,,,Y,3,0,2,2,A,-,08,22107,,N,D,C,A,A,H,-,A,D,0,,,,,Y,,I,09,0,1,1,0,0,0,0,0,0,"- ","- ",,,NAPA,NAPA,-122.28836822509766,38.317417144775391
9219439,2021,2021-03-09,2802,2021-01-18,1445,320425,37,1,5,5,2802,0,0,0,,0,01C,"JEFFERSON ST","3RD ST",0.00,,Y,A,-,N,,,,,,,,,,N,4,0,1,2,A,-,03,22350,,N,C,C,A,A,H,-,A,A,0,,,,,Y,,D,22,0,0,1,0,0,0,0,0,0,"- ","- ",,,NAPA,NAPA,-122.29366302490234,38.295719146728516
9219477,2021,2021-03-13,2802,2021-01-14,1204,185,13,4,5,5,2802,0,0,0,,0,003,"800 TRANCAS ST","VALLE VERDE DR",100.00,W,N,A,-,N,,,,,,,,,,N,4,0,1,2,B,-,22,,,N,G,B,F,A,H,-,A,D,0,Y,,,,Y,,A,07,0,0,1,0,1,0,0,0,0,"- ","- ",,,NAPA,NAPA,-122.29225921630859,38.324184417724609
9219478,2021,2021-03-13,2802,2021-01-17,1245,320488,22,7,5,5,2802,0,0,0,,0,003,"JEFFERSON ST","PUEBLO AV",0.00,,Y,A,-,N,,,,,,,,,,Y,3,0,2,3,A,-,12,21453,A,N,D,C,A,A,H,-,A,A,0,,,,,Y,,A,01,0,2,0,0,0,0,0,0,0,"- ","- ",,,NAPA,NAPA,-122.29784393310547,38.315681457519531
9219479,2021,2021-03-13,2802,2021-01-22,1106,320457,43,5,5,5,2802,0,0,0,,0,01B,"WALNUT ST","WALNUT ST 213",10.00,S,N,C,-,N,,,,,,,,,,Y,4,0,1,2,A,-,21,22106,,N,C,C,A,B,H,-,A,D,0,,,,,Y,,A,01,0,0,1,0,0,0,0,0,0,"- ","- ",,,NAPA,NAPA,,
92195005,2023,2023-10-10,9325,2023-07-30,1500,020615,,7,2,9,2800,0,3,5,,2,002,"COOMBSVILLE RD","3RD ST",50.00,E,N,A,-,N,,,,,,,,,,Y,2,0,4,1,A,-,03,22350,,N,E,8,A,A,H,-,A,D,0,,,,,Y,,A,01,3,0,1,0,0,0,0,0,0,"- ","- ",38.294670104980469,-122.24259948730469,NAPA,UNINCORPORATED,-122.27578735351562,38.299472808837891
92195023,2023,2023-10-10,9325,2023-09-02,2220,022540,,6,3,9,2800,0,3,5,,1,008,"WAGON WHEEL DRIVE","HARNESS DRIVE",200.00,S,N,A,-,N,,,,,,,,,,Y,3,0,1,1,A,-,08,22107,,M,E,I,A,A,H,-,D,D,0,,,,,Y,,A,01,0,1,0,0,0,0,0,0,0,"- ","- ",38.697471618652344,-122.37583160400391,NAPA,UNINCORPORATED,-122.37574768066406,38.697391510009766
92195027,2023,2023-10-10,9325,2023-09-28,"305 ",023148,,4,3,9,2800,0,2,4,,2,032,"SILVERADO TRAIL","TAPLIN RD",50.00,N,N,A,-,N,,,,,,,,,,Y,4,0,1,1,A,-,08,22107,,N,E,8,A,A,H,-,D,D,0,,,,,Y,,D,22,0,0,1,0,0,0,0,0,0,"- ","- ",38.501510620117188,-122.43192291259766,NAPA,UNINCORPORATED,-122.431884765625,38.5013427734375
92195029,2023,2023-10-10,9325,2023-09-30,1455,023094,,6,2,9,2800,0,1,3,,1,021,SR-121,"WOODEN VALLEY RD",2640.00,S,N,C,-,Y,NAP,,121," "," ",15.275,H,,R,Y,3,0,1,2,A,-,05,21460,A,N,A,C,A,B,H,-,A,D,0,,,,,Y,,D,22,0,1,0,0,0,0,0,0,0,"- ","- ",38.366420745849609,-122.20128631591797,NAPA,UNINCORPORATED,-122.20131683349609,38.366424560546875
92195092,2023,2023-10-10,9325,2023-09-28,"800 ",019115,,4,1,9,2800,0,2,4,,1,034,"HOWELL MOUNTAIN RD","POPE VALLEY RD",2640.00,W,N,A,-,N,,,,,,,,,,Y,3,0,1,1,A,-,03,22350,,N,F,I,A,A,H,-,A,D,0,,,,Y,Y,,F,27,0,1,0,0,0,0,0,0,0,"- ","- ",38.610389709472656,-122.43141174316406,NAPA,UNINCORPORATED,-122.42813873291016,38.615230560302734
92195172,2023,2023-10-10,9325,2023-09-29,1340,021458,,5,1,9,2800,0,3,5,,2,004,"PETRIFIED FOREST RD",SR-128,1584.00,W,N,A,-,N,,,,,,,,,,Y,4,0,3,2,C,-,18,,,N,C,C,A,A,H,-,A,D,0,,,,Y,Y,,-,"- ",0,0,3,0,0,0,0,0,0,"- ","- ",38.578350067138672,-122.60098266601562,NAPA,UNINCORPORATED,-122.60038757324219,38.578472137451172
92195449,2023,2023-10-10,9325,2023-10-03,"800 ",017559,,2,1,9,2800,0,3,5,,2,002,"FIRST AVE","HEINKE DR",245.00,S,N,A,-,N,,,,,,,,,,Y,3,0,2,3,A,-,03,22350,,N,C,C,A,A,H,-,A,D,0,,,,,Y,,D,22,0,1,1,0,0,0,0,0,0,"- ","- ",38.297409057617188,-122.25324249267578,NAPA,UNINCORPORATED,-122.25321197509766,38.297309875488281
92195691,2023,2023-10-10,9325,2023-10-03,2115,020615,,2,2,9,2800,0,1,3,,1,011,SR-29,SR-12,0.00,,Y,A,-,Y,NAP,,29," "," ",4.701,H,,R,Y,4,0,2,2,A,-,09,21453,C,N,D,C,A,A,H,-,C,A,0,,,,,Y,,A,01,0,0,2,0,0,0,0,0,0,"- ","- ",38.223140716552734,-122.25775146484375,NAPA,UNINCORPORATED,-122.25784301757812,38.223098754882812
92197041,2023,2023-10-12,9325,2023-09-30,"405 ",022540,,6,3,9,2800,0,3,5,,2,002,"SODA CANYON ROAD","FELIZ RANCH ROAD",2740.00,N,N,A,-,N,,,,,,,,,,Y,3,0,1,1,A,-,01,23152,A,M,E,8,A,A,H,-,D,D,0,,,,,Y,Y,D,22,0,1,0,0,0,0,0,0,0,"- ","- ",38.368328094482422,-122.28560638427734,NAPA,UNINCORPORATED,,
92198545,2023,2023-10-13,9365,2023-10-08,1000,023301,,7,1,9,2800,0,2,4,,1,032,"AMERICAN CANYON ROAD","CANYON ROAD",1742.00,W,N,A,-,N,,,,,,,,,,Y,3,0,3,2,A,-,08,22107,,N,A,C,A,A,H,-,A,D,0,,,,,Y,,A,07,0,1,2,0,0,0,0,0,0,"- ","- ",38.163188934326172,-122.21643829345703,NAPA,UNINCORPORATED,-122.21646118164062,38.163200378417969
92199519,2023,2023-10-16,9325,2023-10-04,"435 ",022333,,3,3,9,2800,0,1,3,,1,011,SR-221,SR-29,0.00,,Y,A,-,Y,NAP,,221," "," ",0.006,H,,R,Y,2,0,1,1,C,-,18,,,N,F,A,A,D,D,-,C,A,0,,,,,Y,,-,"- ",1,0,0,0,0,0,0,0,0,"- ","- ",38.241481781005859,-122.26908874511719,NAPA,UNINCORPORATED,-122.26906585693359,38.241462707519531
92199521,2023,2023-10-16,9325,2023-10-05,1400,022160,,4,2,9,2800,0,1,3,,1,044,"SILVERADO TRAIL","GLASS MOUNTAIN RD",1100.00,S,N,A,-,N,,,,,,,,,,Y,4,0,1,2,A,-,03,22350,,N,C,C,A,A,H,-,A,D,0,,,,,Y,,A,01,0,0,1,0,0,0,0,0,0,"- ","- ",38.5323486328125,-122.49046325683594,NAPA,UNINCORPORATED,-122.49041748046875,38.532428741455078
92199523,2023,2023-10-16,9325,2023-10-07,"255 ",022540,,6,3,9,2800,0,1,3,,1,022,"SR-29 NORTHBOUND","TRANCAS STREET",1300.00,N,N,A,-,Y,NAP,,29," "," ",13.312,H,,R,Y,3,0,2,2,A,-,07,21658,A,N,B,2,A,A,H,-,D,D,0,,,,,Y,,D,22,0,2,0,0,0,0,0,0,0,"- ","- ",38.324199676513672,-122.31143188476562,NAPA,UNINCORPORATED,-122.31143951416016,38.324195861816406
92199534,2023,2023-10-16,9325,2023-10-08,1355,022560,,7,1,9,2800,0,1,3,,1,031,SR-29,"ZINFANDEL LN",1000.00,S,N,A,-,Y,NAP,,29," "," ",26.455,H,,R,Y,4,0,1,2,A,-,03,22350,,N,C,C,A,A,H,-,A,D,0,,,,,Y,,A,01,0,0,1,0,0,0,0,0,0,"- ","- ",38.481391906738281,-122.4410400390625,NAPA,UNINCORPORATED,-122.44110107421875,38.481346130371094
92201551,2023,2023-10-18,9325,2023-10-05,1200,019115,,4,1,9,2800,0,1,3,,1,041,SR-29,"OAKVILLE CROSS RD",160.00,N,N,A,-,Y,NAP,,29," "," ",22.761,H,,R,Y,3,0,1,2,A,-,03,22350,,N,C,C,A,A,H,-,A,D,0,,,,,Y,,A,07,0,1,0,0,0,0,0,0,0,"- ","- ",38.437168121337891,-122.40312194824219,NAPA,UNINCORPORATED,-122.40312194824219,38.437168121337891
92205083,2023,2023-10-20,9325,2023-10-12,1345,023094,,4,1,9,2800,0,3,5,,1,008,"WOODEN VALLEY RD",SR-121,16368.00,S,N,A,-,N,,,,,,,,,,Y,4,0,1,1,A,-,08,22107,,N,E,8,A,A,H,-,A,D,0,,,,,Y,,A,01,0,0,1,0,0,0,0,0,0,"- ","- ",38.354759216308594,-122.16664886474609,NAPA,UNINCORPORATED,-122.16667938232422,38.354766845703125
92205088,2023,2023-10-20,9325,2023-10-13,"16  ",022540,,5,3,9,2800,0,1,3,,1,021,SR-121,"WILD HORSE VALLEY ROAD",2990.00,S,N,A,-,N,,,,,,,,,,Y,3,0,1,1,A,-,01,23152,A,N,E,8,A,A,H,-,D,D,0,,,,,Y,Y,A,01,0,1,0,0,0,0,0,0,0,"- ","- ",38.355739593505859,-122.21389770507812,NAPA,UNINCORPORATED,-122.21390533447266,38.355766296386719
92205090,2023,2023-10-20,9325,2023-10-13,"454 ",021605,,5,3,9,2800,0,3,5,,2,003,"CONN VALLEY ROAD","ROSSI ROAD",4224.00,E,N,A,-,N,,,,,,,,,,Y,4,0,1,1,A,-,08,22107,,N,E,8,A,A,H,-,D,D,0,,,,,Y,,D,22,0,0,1,0,0,0,0,0,0,"- ","- ",38.507209777832031,-122.40486145019531,NAPA,UNINCORPORATED,-122.40538024902344,38.507099151611328
92207041,2023,2023-10-24,9325,2023-10-12,1425,021605,,4,2,9,2800,0,1,3,,1,080,SR-128,"WRAGG CANYON RD",7920.00,E,N,A,-,Y,NAP,,128," "," ",29.437,H,,R,Y,4,0,1,1,A,-,03,22350,,N,E,J,A,A,H,-,A,D,0,,,,,Y,,A,07,0,0,1,0,0,0,0,0,0,"- ","- ",38.465808868408203,-122.14752197265625,NAPA,UNINCORPORATED,-122.14756774902344,38.465885162353516
92207217,2023,2023-10-24,9325,2023-10-01,1530,023094,,7,2,9,2800,0,3,5,,2,001,"SOUTH KELLY RD",SR-29,150.00,E,N,A,-,N,,,,,,,,,,Y,4,0,1,3,A,-,03,22350,,M,C,C,A,A,H,-,A,D,0,,,,,Y,,D,22,0,0,1,0,0,0,0,0,0,"- ","- ",38.207729339599609,-122.25496673583984,NAPA,UNINCORPORATED,-122.25551605224609,38.207630157470703
92207355,2023,2023-11-07,9325,2023-10-12,"505 ",019067,,4,3,9,2800,0,3,5,,2,002,"DRY CREEK RD","ORCHARD AVE",3696.00,N,N,A,-,N,,,,,,,,,,Y,3,0,1,1,A,-,08,22107,,M,E,I,A,A,H,-,D,D,0,,,,,Y,,A,01,0,1,0,0,0,0,0,0,0,"- ","- ",38.349739074707031,-122.359130859375,NAPA,UNINCORPORATED,-122.35932922363281,38.349807739257812
92207366,2023,2023-10-24,9325,2023-10-12,"935 ",017746,,4,1,9,2800,0,2,4,,1,034,"DEER PARK ROAD","SANITARIUM ROAD",2913.00,E,N,A,-,N,,,,,,,,,,N,4,0,1,2,A,-,05,21460,A,N,A,C,A,A,H,-,A,D,0,,,,,Y,,A,01,0,0,1,0,0,0,0,0,0,"- ","- ",38.559200286865234,-122.47295379638672,NAPA,UNINCORPORATED,-122.48194885253906,38.523967742919922
92207402,2023,2023-10-24,9325,2023-10-14,"920 ",021458,,6,1,9,2800,0,3,5,,1,008,"STEELE CANYON RD","CAPELL VALLEY RD",2640.00,E,N,B,-,N,,,,,,,,,,Y,4,0,1,1,A,-,03,22350,,N,E,8,A,A,H,-,A,D,0,,,,,Y,,A,01,0,0,1,0,0,0,0,0,0,"- ","- ",38.447071075439453,-122.18636322021484,NAPA,UNINCORPORATED,-122.18775939941406,38.446632385253906
92208170,2023,2023-10-25,9325,2023-10-16,"905 ",019115,,1,1,9,2800,0,3,5,,2,004,"CONN VALLEY RD","ROSSI RD",2112.00,W,N,A,-,N,,,,,,,,,,Y,3,0,1,1,A,-,03,22350,,N,E,J,A,A,H,-,A,D,0,,,,,Y,,D,22,0,1,0,0,0,0,0,0,0,"- ","- ",38.516658782958984,-122.42066192626953,NAPA,UNINCORPORATED,-122.42124176025391,38.517021179199219
92208203,2023,2023-10-25,9325,2023-10-17,"850 ",017559,,2,1,9,2800,0,3,5,,2,001,"NORTH KELLY RD","CAMINO DORADO",25.00,W,N,A,-,N,,,,,,,,,,N,4,0,1,2,A,-,03,22350,,N,C,C,A,A,H,-,A,D,0,,,,,Y,,A,01,0,0,1,0,0,0,0,0,0,"- ","- ",38.230369567871094,-122.25504302978516,NAPA,UNINCORPORATED,-122.25540161132812,38.230587005615234
92208337,2023,2023-10-25,9325,2023-10-17,1430,017478,,2,2,9,2800,0,2,4,,1,042,"SILVERADO TRAIL","CLOVER FLAT ROAD",200.00,N,N,A,-,N,,,,,,,,,,Y,4,0,1,1,A,-,08,22107,,N,E,I,A,A,H,-,A,D,0,,,,,Y,,A,01,0,0,1,0,0,0,0,0,0,"- ","- ",38.576381683349609,-122.53117370605469,NAPA,UNINCORPORATED,-122.53084564208984,38.576202392578125
9221333,2021,2021-02-22,2800,2021-01-09,1411,250514,10204,6,5,2,2805,0,0,0,,0,001,BROADWAY,"RIO DEL MAR",0.00,,Y,A,-,Y,NAP,4,29,-,-,1.700,H,-,N,Y,4,0,2,2,A,-,03,22350,,N,C,C,A,A,H,-,A,A,0,,,,,Y,,A,01,0,0,2,0,0,0,0,0,0,"- ","- ",,,NAPA,"AMERICAN CANYON",-122.25471496582031,38.179744720458984
9221424,2021,2021-02-23,2802,2021-01-14,1230,185,29,4,5,5,2802,0,0,0,,0,003,"SILVERADO TRL","EAST AV",0.00,,Y,A,-,Y,NAP,4,121,-,-,8.450,I,5,S,Y,4,0,1,2,A,-,09,21802,B,N,D,C,A,A,H,-,A,A,0,,,,,Y,,A,01,0,0,1,0,0,0,0,0,0,"- ","- ",,,NAPA,NAPA,-122.27574920654297,38.313369750976562
9221433,2021,2021-02-12,2800,2021-01-21,1513,250226,10201,4,5,2,2805,0,0,0,,0,001,BROADWAY,"KIMBERLY DR",138.00,N,N,A,-,Y,NAP,4,29,-,-,0.250,H,-,N,Y,4,0,1,2,A,-,09,21801,A,N,C,C,A,A,H,-,A,D,0,,,,,Y,,A,01,0,0,1,0,0,0,0,0,0,"- ","- ",,,NAPA,"AMERICAN CANYON",-122.25323486328125,38.158931732177734
9221583,2021,2021-02-18,2802,2021-02-02,1804,320388,38,2,5,5,2802,0,0,0,,0,01C,"1ST ST","MAIN ST",100.00,E,N,A,-,N,,,,,,,,,,N,2,0,2,1,D,-,00,,,N,H,-,A,A,H,-,C,D,0,,,Y,,Y,,-,"- ",1,0,1,0,0,0,0,0,2,"- ","- ",,,NAPA,NAPA,-122.28520965576172,38.299362182617188
9221762,2021,2021-03-10,2800,2021-02-04,1344,250226,10204,4,5,2,2805,0,0,0,,0,001,BROADWAY,"NAPA JUNCTION RD",0.00,,Y,A,-,Y,NAP,4,29,-,R,2.190,H,-,S,Y,4,0,1,3,A,-,03,22350,,N,C,C,A,A,H,-,A,A,0,,,,,Y,,-,,0,0,1,0,0,0,0,0,0,"- ","- ",,,NAPA,"AMERICAN CANYON",-122.25548553466797,38.186809539794922
9221837,2021,2021-03-10,2803,2021-02-03,1207,28,,3,5,2,2803,0,0,0,,0,,"GRAYSON AV","RT 29",123.00,,N,C,-,Y,NAP,4,29,-,-,28.090,I,6,S,N,3,0,1,2,A,-,06,21755,,N,G,B,D,-,H,-,A,D,0,Y,,,,Y,,A,01,0,1,0,0,1,0,0,0,0,"- ","- ",38.498661041259766,-122.46135711669922,NAPA,"SAINT HELENA",-122.46166229248047,38.498966217041016
9221907,2021,2021-03-10,2802,2021-02-04,1808,320488,3,4,5,5,2802,0,0,0,,0,003,"RT 29","WINE COUNTRY AV",100.00,N,N,A,-,Y,NAP,4,29,-,-,14.360,H,-,S,Y,4,0,1,2,A,-,03,22350,,N,C,C,A,A,H,-,C,A,0,,,,,Y,,A,01,0,0,1,0,0,0,0,0,0,"- ","- ",,,NAPA,NAPA,-122.32215118408203,38.33660888671875
9221994,2021,2021-03-15,2800,2021-02-20,2030,250457,10201,6,5,2,2805,0,0,0,,0,001,"W AMERICAN CANYON RD","WETLANDS EDGE RD",0.00,W,N,A,-,N,,,,,,,,,,Y,4,0,2,2,A,-,01,23152,A,F,B,C,A,A,H,-,C,A,0,,,,,Y,Y,A,01,0,0,2,0,0,0,0,0,0,"- ","- ",,,NAPA,"AMERICAN CANYON",-122.26846313476562,38.165885925292969
92221449,2023,2023-10-27,9325,2023-10-17,2150,022333,,2,2,9,2800,0,1,3,,1,022,"SR-29 N/B","OAK KNOLL AVE",1162.00,N,N,A,-,Y,NAP,,29," "," ",15.879,H,,R,Y,3,0,4,2,A,-,01,23152,A,N,C,2,A,A,H,-,D,D,0,,,,,Y,Y,A,01,0,3,1,0,0,0,0,0,0,"- ","- ",38.357101440429688,-122.33344268798828,NAPA,UNINCORPORATED,-122.33345794677734,38.357093811035156
92222019,2023,2023-10-27,9325,2023-10-19,1030,022560,,4,1,9,2800,0,1,3,,1,030,SR-128,"LONG RANCH RD.",5808.00,W,N,A,-,Y,NAP,,128," "," ",9.518,H,,R,Y,3,0,1,1,A,-,08,22107,,N,E,I,A,A,H,-,A,D,0,,,,,Y,,J,49,0,1,0,0,0,0,0,0,0,"- ","- ",38.479091644287109,-122.37213897705078,NAPA,UNINCORPORATED,-122.37220001220703,38.479034423828125
92222570,2023,2023-10-30,9325,2023-10-29,1910,022560,,7,2,9,2800,0,3,5,,2,002,"BIG RANCH RD","OAK KNOLL AVE",253.00,N,N,A,-,N,,,,,,,,,,N,3,0,1,1,A,-,08,22107,,N,E,I,A,A,H,-,D,D,0,,,,,Y,,A,07,0,1,0,0,0,0,0,0,0,"- ","- ",38.363639831542969,-122.31330108642578,NAPA,UNINCORPORATED,-122.31336212158203,38.363563537597656
9222258,2021,2021-03-24,2800,2021-03-09,0750,250421,10204,2,5,2,2805,0,0,0,,0,,BROADWAY,"DONALDSON WY",0.00,,N,C,-,Y,NAP,4,29,-,-,1.210,H,-,S,Y,4,0,1,3,A,-,03,22350,,N,C,C,A,B,H,-,A,A,0,,,,,Y,,A,01,0,0,1,0,0,0,0,0,0,"- ","- ",,,NAPA,"AMERICAN CANYON",-122.25377655029297,38.172855377197266
92223603,2023,2023-10-31,9365,2023-10-26,1601,022801,,4,2,2,2805,0,2,4,,1,032,"AMERICAN CANYON ROAD","CANYON ROAD",780.00,W,N,A,-,N,,,,,,,,,,N,4,0,1,2,A,-,09,21804,A,N,D,C,A,A,H,-,A,D,0,,,,,Y,,D,22,0,0,1,0,0,0,0,0,0,"- ","- ",38.164508819580078,-122.21367645263672,NAPA,"AMERICAN CANYON",-122.21361541748047,38.164573669433594
9222404,2021,2021-03-05,2800,2021-02-16,0616,250421,10204,2,5,2,2805,0,0,0,,0,001,BROADWAY,"EUCALYPTUS DR",0.00,,Y,A,-,Y,NAP,4,29,-,R,2.070,H,-,S,Y,4,0,2,2,A,-,"- ",,,N,C,C,A,A,H,-,C,A,0,,,,,Y,,A,08,0,0,2,0,0,0,0,0,0,"- ","- ",,,NAPA,"AMERICAN CANYON",-122.25546264648438,38.18505859375
92224161,2023,2023-10-31,9325,2023-10-15,1700,022560,,7,2,9,2800,0,1,3,,1,080,SR-128,"WRAGG CANYON RD.",8448.00,E,N,A,-,Y,NAP,,128," "," ",29.435,H,,R,Y,2,0,2,1,A,-,01,23152,F,N,E,I,A,A,H,-,A,D,0,,,,,Y,Y,A,01,1,1,0,0,0,0,0,0,0,"- ","- ",38.465839385986328,-122.1475830078125,NAPA,UNINCORPORATED,-122.14759826660156,38.465873718261719
92224214,2023,2023-10-31,9325,2023-10-19,"210 ",019067,,4,3,9,2800,0,2,4,,1,023,"SR-29 N/B","OLD SONOMA ROAD OVER CROSSING",1214.00,N,N,A,-,Y,NAP,,29," "," ",10.930,H,,R,Y,3,0,1,1,A,-,08,22107,,N,E,I,A,A,H,-,D,D,0,,,,,Y,,-,"- ",0,1,0,0,0,0,0,0,0,"- ","- ",38.290931701660156,-122.30180358886719,NAPA,UNINCORPORATED,-122.30185699462891,38.290920257568359
92224276,2023,2023-10-31,9325,2023-10-18,2329,023123,,3,3,9,2800,0,1,3,,1,011,SR-29,SR-12,2640.00,S,N,A,-,Y,NAP,,29," "," ",4.213,H,,R,Y,3,0,1,1,A,-,01,23152,A,N,E,I,A,A,H,-,C,D,0,,,,,Y,Y,A,07,0,1,0,0,0,0,0,0,0,"- ","- ",38.215778350830078,-122.25679016113281,NAPA,UNINCORPORATED,-122.2568359375,38.215774536132812
92225258,2023,2023-11-01,9325,2023-10-19,1620,020615,,4,2,9,2800,0,2,4,,1,023,"SILVERADO TRL S","OAK KNOLL AVE",1056.00,N,N,A,-,N,,,,,,,,,,Y,2,0,1,2,A,-,01,23152,A,N,D,2,A,A,H,-,A,D,0,,,,,Y,Y,A,01,1,0,0,0,0,0,0,0,0,"- ","- ",38.372829437255859,-122.30393218994141,NAPA,UNINCORPORATED,-122.30326843261719,38.372226715087891
92225653,2023,2023-11-01,9325,2023-10-25,1120,017559,,3,1,9,2800,0,1,3,,2,071,SR121,"DUHIG RD",4224.00,S,N,B,-,Y,NAP,,121," "," ",1.165,H,,R,Y,3,0,2,2,A,-,09,21804,A,N,D,C,A,A,H,-,A,D,0,,,,,Y,,A,01,0,1,1,0,0,0,0,0,0,"- ","- ",38.257030487060547,-122.3602294921875,NAPA,UNINCORPORATED,-122.36021423339844,38.257003784179688
92226295,2023,2023-11-02,9325,2023-10-25,1145,017559,,3,1,9,2800,0,1,3,,2,071,SR121,"OLD SONOMA HWY",505.00,S,N,B,-,Y,NAP,,121," "," ",2.501,H,,R,Y,2,0,2,2,A,-,09,21801,A,N,D,C,A,A,H,-,A,D,0,,,,,Y,,A,01,1,0,1,0,0,0,0,0,0,"- ","- ",38.254570007324219,-122.33808898925781,NAPA,UNINCORPORATED,-122.33808898925781,38.254581451416016
92227729,2023,2023-11-03,9325,2023-10-28,"148 ",022540,,6,3,9,2800,0,1,3,,1,012,"SR-12 EASTBOUND","KIRKLAND RANCH ROAD",3300.00,E,N,A,-,Y,NAP,,12," "," ",1.969,H,,R,Y,2,0,2,1,A,-,01,23152,A,N,E,9,A,A,H,-,D,D,0,,,,,Y,Y,A,01,2,0,0,0,0,0,0,0,0,"- ","- ",38.216320037841797,-122.22361755371094,NAPA,UNINCORPORATED,-122.22358703613281,38.21636962890625