CASE_ID,ACCIDENT_YEAR,PROC_DATE,JURIS,COLLISION_DATE,COLLISION_TIME,OFFICER_ID,REPORTING_DISTRICT,DAY_OF_WEEK,CHP_SHIFT,POPULATION,CNTY_CITY_LOC,SPECIAL_COND,BEAT_TYPE,CHP_BEAT_TYPE,CITY_DIVISION_LAPD,CHP_BEAT_CLASS,BEAT_NUMBER,PRIMARY_RD,SECONDARY_RD,DISTANCE,DIRECTION,INTERSECTION,WEATHER_1,WEATHER_2,STATE_HWY_IND,CALTRANS_COUNTY,CALTRANS_DISTRICT,STATE_ROUTE,ROUTE_SUFFIX,POSTMILE_PREFIX,POSTMILE,LOCATION_TYPE,RAMP_INTERSECTION,SIDE_OF_HWY,TOW_AWAY,COLLISION_SEVERITY,NUMBER_KILLED,NUMBER_INJURED,PARTY_COUNT,PRIMARY_COLL_FACTOR,PCF_CODE_OF_VIOL,PCF_VIOL_CATEGORY,PCF_VIOLATION,PCF_VIOL_SUBSECTION,HIT_AND_RUN,TYPE_OF_COLLISION,MVIW,PED_ACTION,ROAD_SURFACE,ROAD_COND_1,ROAD_COND_2,LIGHTING,CONTROL_DEVICE,CHP_ROAD_TYPE,PEDESTRIAN_ACCIDENT,BICYCLE_ACCIDENT,MOTORCYCLE_ACCIDENT,TRUCK_ACCIDENT,NOT_PRIVATE_PROPERTY,ALCOHOL_INVOLVED,STWD_VEHTYPE_AT_FAULT,CHP_VEHTYPE_AT_FAULT,COUNT_SEVERE_INJ,COUNT_VISIBLE_INJ,COUNT_COMPLAINT_PAIN,COUNT_PED_KILLED,COUNT_PED_INJURED,COUNT_BICYCLIST_KILLED,COUNT_BICYCLIST_INJURED,COUNT_MC_KILLED,COUNT_MC_INJURED,PRIMARY_RAMP,SECONDARY_RAMP,LATITUDE,LONGITUDE,COUNTY,CITY,POINT_X,POINT_Y
92230914,2023,2023-11-08,9325,2023-10-28,1210,023152,,6,1,9,2800,0,1,3,,1,012,"SR-12 E/B","KIRKLAND RANCH RD",5280.00,E,N,A,-,Y,NAP,,12," "," ",2.600,H,,R,Y,4,0,1,3,A,-,03,22350,,N,C,C,A,A,H,-,A,D,0,,,,,Y,,A,08,0,0,1,0,0,0,0,0,0,"- ","- ",38.213420867919922,-122.21421813964844,NAPA,UNINCORPORATED,-122.2142333984375,38.213390350341797
92232592,2023,2023-11-09,9325,2023-11-04,1355,023094,,6,1,9,2800,0,1,3,,1,011,"SR-29 S/B","IMOLA AVE",5808.00,S,N,A,-,Y,NAP,,29," ",R,9.250,H,,L,Y,4,0,1,2,A,-,03,22350,,N,C,C,A,A,H,-,A,D,0,,,,,Y,,A,01,0,0,1,0,0,0,0,0,0,"- ","- ",38.265548706054688,-122.29920959472656,NAPA,UNINCORPORATED,-122.29916381835938,38.265548706054688
92233178,2023,2023-11-13,9325,2023-10-31,"800 ",019115,,2,1,9,2800,0,2,4,,1,034,"HOWELL MOUNTAIN RD","PONDEROSA DR",528.00,W,N,A,-,N,,,,,,,,,,Y,3,0,1,1,A,-,08,22107,,N,E,I,A,A,H,-,A,D,0,,,,,Y,,A,01,0,1,0,0,0,0,0,0,0,"- ","- ",38.589359283447266,-122.44248962402344,NAPA,UNINCORPORATED,-122.44211578369141,38.589714050292969
92233238,2023,2023-11-13,9325,2023-11-09,"740 ",019115,,4,1,9,2800,0,1,3,,1,011,"SR-29 N/B","SOUTH KELLY ROAD",1584.00,N,N,A,-,Y,NAP,,29," "," ",3.979,H,,R,N,4,0,2,2,A,-,03,22350,,N,C,C,A,A,H,-,A,D,0,,,,,Y,,A,07,0,0,2,0,0,0,0,0,0,"- ","- ",38.212261199951172,-122.25630187988281,NAPA,UNINCORPORATED,-122.25634002685547,38.212257385253906
92233281,2023,2023-11-13,9325,2023-11-05,1225,021458,,7,1,9,2800,0,1,3,,1,012,SR-12,"N. KELLY RD",75.00,E,N,B,-,Y,NAP,,12," "," ",0.262,H,,R,Y,3,0,1,3,A,-,07,21658,A,N,B,C,A,B,H,-,A,A,0,,,Y,,Y,,A,07,0,1,0,0,0,0,0,0,1,"- ","- ",38.222579956054688,-122.25287628173828,NAPA,UNINCORPORATED,-122.25289916992188,38.222503662109375
92234072,2023,2023-11-13,9325,2023-11-01,"600 ",017559,,3,1,9,2800,0,3,5,,2,002,"OAK KNOLL AVE","BIG RANCH RD",2587.00,W,N,A,-,N,,,,,,,,,,Y,4,0,1,2,A,-,02,22400,A,N,H,C,A,A,H,-,D,D,0,,,,Y,Y,,G,25,0,0,1,0,0,0,0,0,0,"- ","- ",38.358291625976562,-122.32012939453125,NAPA,UNINCORPORATED,-122.31300354003906,38.362930297851562
92234337,2023,2023-11-13,9325,2023-11-04,1200,023152,,6,1,9,2800,0,1,3,,1,011,"SR-29 N/B","SOSCOL CREEK RD",500.00,N,N,A,-,Y,,,,,,,,,,Y,3,0,1,2,A,-,07,21658,A,N,C,2,A,A,H,-,A,D,0,,,Y,,Y,,A,07,0,1,0,0,0,0,0,0,1,"- ","- ",,,NAPA,UNINCORPORATED,-122.26454162597656,38.237815856933594
92238101,2023,2023-11-16,9325,2023-11-07,1100,019115,,2,1,9,2800,0,1,3,,1,022,SR-29,"TRANCAS ST",1584.00,S,N,A,-,Y,NAP,,29," "," ",12.787,H,,R,Y,3,0,2,2,A,-,05,21651,A,N,C,C,A,A,H,-,A,D,0,,,,,Y,,A,01,0,1,1,0,0,0,0,0,0,"- ","- ",38.317459106445312,-122.30750274658203,NAPA,UNINCORPORATED,-122.30729675292969,38.317462921142578
92238174,2023,2023-11-16,9325,2023-11-03,2115,023241,,5,2,5,2802,0,2,4,,1,034,"DEER PARK RD","SANITARIUM RD",1214.00,N,N,A,-,N,,,,,,,,,,Y,3,0,1,1,A,-,01,23152,A,N,F,J,A,A,H,-,D,D,0,,,,,Y,Y,D,22,0,1,0,0,0,0,0,0,0,"- ","- ",38.55474853515625,-122.47219085693359,NAPA,NAPA,-122.47902679443359,38.528026580810547
92238340,2023,2023-11-16,9325,2023-11-14,"750 ",022560,,2,1,9,2800,0,1,3,,1,022,"FIRST ST TO SR-29","1ST ST",300.00,S,N,C,-,Y,NAP,,29," "," ",11.425,H,,L,Y,4,0,1,1,A,-,03,22350,,N,E,I,A,B,H,-,A,D,0,,,,,Y,,A,07,0,0,1,0,0,0,0,0,0,"- ","- ",38.298080444335938,-122.30258178710938,NAPA,UNINCORPORATED,-122.30234527587891,38.298126220703125
92239142,2023,2023-11-17,9325,2023-11-07,"845 ",023152,,2,1,9,2800,0,2,4,,2,032,"SILVERADO TRAIL","HOWELL MOUNTAIN RD",200.00,N,N,A,-,N,,,,,,,,,,N,3,0,2,2,A,-,09,21801,A,N,D,2,A,A,H,-,A,D,0,,,,,Y,,-,"- ",0,2,0,0,0,0,0,0,0,"- ","- ",38.512241363525391,-122.45661163330078,NAPA,UNINCORPORATED,-122.45668029785156,38.512340545654297
92239430,2023,2023-11-17,9325,2023-11-12,1200,017559,,7,1,9,2800,0,1,3,,1,011,"SR29 NB",SR12,500.00,S,N,A,-,Y,NAP,,29," "," ",4.516,H,,R,N,4,0,1,2,A,-,03,22350,,N,C,C,A,A,H,-,A,D,0,,,,,Y,,A,01,0,0,1,0,0,0,0,0,0,"- ","- ",38.220321655273438,-122.25756072998047,NAPA,UNINCORPORATED,-122.25753784179688,38.220321655273438
92240818,2023,2023-11-20,9325,2023-11-03,1640,023094,,5,2,9,2800,0,1,3,,1,011,SR-29,"SOUTH KELLY ROAD",0.00,,Y,A,-,Y,NAP,,29," "," ",3.607,H,,R,Y,2,0,2,2,A,-,01,23153,F,N,D,C,A,A,H,-,A,A,0,,,,,Y,,A,01,1,0,1,0,0,0,0,0,0,"- ","- ",38.207599639892578,-122.25605773925781,NAPA,UNINCORPORATED,-122.25605773925781,38.207599639892578
92240932,2023,2023-11-20,9325,2023-11-11,1255,021458,,6,1,9,2800,0,2,4,,2,032,"SILVERADO TRAIL","FAWN PARK RD",300.00,N,N,A,-,N,,,,,,,,,,N,4,0,3,3,A,-,03,22350,,N,C,C,A,A,H,-,A,D,0,,,,,Y,,A,01,0,0,3,0,0,0,0,0,0,"- ","- ",38.523960113525391,-122.47953796386719,NAPA,UNINCORPORATED,-122.47946929931641,38.523944854736328
9224103,2021,2021-03-26,2800,2021-02-02,0618,250421,20209,2,5,2,2805,0,0,0,,0,002,"AMERICAN CANYON RD","SILVER OAK TRL",0.00,,Y,C,-,N,,,,,,,,,,N,4,0,2,2,D,-,00,,,M,D,C,A,B,H,-,C,A,0,,,,,Y,,-,"- ",0,0,2,0,0,0,0,0,0,"- ","- ",,,NAPA,"AMERICAN CANYON",-122.25025177001953,38.16552734375
92242047,2023,2023-11-21,9325,2023-06-11,1405,017746,,7,2,9,2800,0,3,5,,1,008,"BUTTS CANYON ROAD","JAMES CREEK ROAD",5808.00,N,N,A,-,N,,,,,,,,,,Y,1,2,0,1,A,-,08,22107,,N,F,A,A,A,H,-,A,D,0,,,Y,,Y,,C,02,0,0,0,0,0,0,0,2,0,"- ","- ",38.671859741210938,-122.44455718994141,NAPA,UNINCORPORATED,-122.44459533691406,38.671894073486328
92242054,2023,2023-11-21,9325,2023-11-10,1350,023241,,5,1,9,2800,0,1,3,,1,013,SR-221,"STREBLOW DR",15.00,N,N,A,-,Y,NAP,,221," "," ",1.990,H,,R,Y,3,0,1,2,A,-,03,22350,,M,C,C,A,A,H,-,A,A,0,,,Y,,Y,,C,02,0,1,0,0,0,0,0,0,1,"- ","- ",38.270278930664062,-122.27203369140625,NAPA,UNINCORPORATED,-122.27188110351562,38.270301818847656
92242964,2023,2023-11-22,9325,2023-11-12,1210,021458,,7,1,9,2800,0,2,4,,2,032,"SILVERADO TRAIL","ZINFANDEL RD",0.00,,Y,A,-,N,,,,,,,,,,Y,2,0,1,2,A,-,09,21802,A,N,D,C,A,A,H,-,A,A,0,,,Y,,Y,,A,07,1,0,0,0,0,0,0,0,1,"- ","- ",38.497089385986328,-122.42446899414062,NAPA,UNINCORPORATED,-122.42442321777344,38.497104644775391
92243021,2023,2023-11-22,9325,2023-11-13,1520,021083,,1,2,9,2800,0,1,3,,1,044,SR-29,"MILE MARKER 29 NAP 41.12",70.00,S,N,A,-,Y,NAP,,29," "," ",41.108,H,,R,Y,4,0,1,1,A,-,01,23152,A,N,E,I,A,A,H,-,A,D,0,,,,,Y,Y,A,01,0,0,1,0,0,0,0,0,0,"- ","- ",38.620811462402344,-122.59718322753906,NAPA,UNINCORPORATED,-122.59719848632812,38.620796203613281
92245775,2023,2023-11-27,9325,2023-11-17,1820,022333,,5,2,9,2800,0,1,3,,1,022,"SR-29 FROM IMOLA","IMOLA AVE",845.00,N,N,C,-,Y,NAP,,29," "," ",10.466,H,,R,Y,4,0,1,1,A,-,03,22350,,N,E,I,A,B,H,-,C,D,0,,,,,Y,,D,22,0,0,1,0,0,0,0,0,0,"- ","- ",38.284278869628906,-122.30021667480469,NAPA,UNINCORPORATED,-122.30040740966797,38.284275054931641
92246961,2023,2023-11-28,9325,2023-11-18,1335,022560,,6,1,9,2800,0,1,3,,1,030,SR128,"CHILES POPE VALLEY RD",300.00,W,N,B,C,Y,NAP,,128," "," ",11.268,H,,R,Y,4,0,1,1,A,-,03,22350,,N,E,I,A,B,H,-,A,A,0,,,,,Y,,A,01,0,0,1,0,0,0,0,0,0,"- ","- ",38.489879608154297,-122.34880065917969,NAPA,UNINCORPORATED,-122.34884643554688,38.489883422851562
92246966,2023,2023-11-28,9325,2023-11-18,1645,023094,,6,2,9,2800,0,1,3,,1,021,SR-121,"VICHY AVE",5280.00,N,N,B,C,Y,NAP,,121," "," ",11.515,H,,R,Y,4,0,1,1,A,-,08,22107,,N,E,I,A,B,H,-,D,D,0,,,,,Y,,D,22,0,0,1,0,0,0,0,0,0,"- ","- ",38.345329284667969,-122.24716186523438,NAPA,UNINCORPORATED,-122.24711608886719,38.345245361328125
92247994,2023,2023-11-29,9325,2023-11-22,"105 ",019067,,3,3,5,2802,0,1,3,,1,022,"SR-29 S/B","1ST STREET",528.00,S,N,A,-,Y,NAP,,29," "," ",11.655,H,,L,Y,3,0,1,1,A,-,01,23152,G,N,B,8,A,A,H,-,D,D,0,,,,,Y,Y,A,07,0,1,0,0,0,0,0,0,0,"- ","- ",38.301311492919922,-122.30330657958984,NAPA,NAPA,-122.30328369140625,38.301315307617188
92248169,2023,2023-11-29,9325,2023-11-22,1700,017478,,3,2,9,2800,0,1,3,,1,011,SR-29,SR-12,1320.00,N,N,A,-,N,,,,,,,,,,N,4,0,1,2,A,-,03,22350,,N,C,C,A,A,H,-,C,D,0,,,,,Y,,A,01,0,0,1,0,0,0,0,0,0,"- ","- ",38.228801727294922,-122.25846099853516,NAPA,UNINCORPORATED,-122.25849151611328,38.228797912597656
92249171,2023,2023-11-30,9325,2023-03-12,1706,021605,,7,2,9,2800,0,1,3,,1,043,SR-128,"TUBBS LANE",528.00,E,N,B,C,Y,NAP,,128," "," ",2.869,H,,R,Y,2,0,4,2,A,-,01,23152,A,N,A,C,A,B,H,-,A,D,0,,,,,Y,Y,A,07,3,1,0,0,0,0,0,0,0,"- ","- ",38.587371826171875,-122.60581970214844,NAPA,UNINCORPORATED,-122.60585021972656,38.587356567382812
92249336,2023,2023-11-30,9325,2023-11-22,1520,021083,,3,2,9,2800,0,1,3,,1,031,SR-29,"WALNUT DR",1056.00,N,N,B,-,Y,NAP,,29," "," ",22.999,H,,R,N,3,0,1,2,A,-,01,23152,A,M,B,C,A,A,H,-,A,D,0,,,,,Y,Y,D,22,0,1,0,0,0,0,0,0,0,"- ","- ",38.440029144287109,-122.40566253662109,NAPA,UNINCORPORATED,-122.40565490722656,38.440032958984375
92252089,2023,2023-12-04,9325,2023-11-15,1530,019590,,3,2,9,2800,0,3,5,,1,008,"CHILES POPE VALLEY RD","BARNETT RD",200.00,N,N,A,-,N,,,,,,,,,,Y,2,0,1,1,A,-,03,22350,,N,E,I,A,A,H,-,A,D,0,,,Y,,Y,,C,02,1,0,0,0,0,0,0,0,1,"- ","- ",38.617488861083984,-122.41758728027344,NAPA,UNINCORPORATED,-122.41747283935547,38.617362976074219
92252092,2023,2023-12-04,9325,2023-11-23,2050,023257,,4,2,9,2800,0,1,3,,1,021,SR-121,"WILD HORSE VALLEY RD",528.00,N,N,A,-,Y,NAP,,121," "," ",14.297,H,,R,Y,4,0,1,1,A,-,08,22107,,N,E,I,A,A,H,-,D,D,0,,,,,Y,,D,22,0,0,1,0,0,0,0,0,0,"- ","- ",38.354568481445312,-122.20307159423828,NAPA,UNINCORPORATED,-122.20306396484375,38.354541778564453
9225262,2021,2021-03-05,2803,2021-01-20,0813,30,,3,5,2,2803,0,0,0,,0,,"WHITE SULPHUR SPRING RD",SYLVANER,1081.00,W,N,A,-,N,,,,,,,,,,Y,3,0,1,1,A,-,01,23152,A,N,F,A,A,A,H,-,A,A,0,,,,,Y,Y,A,01,0,1,0,0,0,0,0,0,0,"- ","- ",38.490249633789062,-122.51983642578125,NAPA,"SAINT HELENA",-122.48085021972656,38.493179321289062
92253004,2023,2023-12-05,9325,2023-11-25,"715 ",021458,,6,1,9,2800,0,2,4,,1,034,"HOWELL MOUNTAIN RD","WHITE COTTAGE RD  N",750.00,E,N,A,-,N,,,,,,,,,,Y,3,0,1,1,A,-,03,22350,,N,E,I,A,A,H,-,A,D,0,,,,,Y,,A,01,0,1,0,0,0,0,0,0,0,"- ","- ",38.554920196533203,-122.45536804199219,NAPA,UNINCORPORATED,-122.44143676757812,38.593647003173828
92254252,2023,2023-12-06,9325,2023-11-30,1510,021083,,4,2,9,2800,0,2,4,,1,064,"ARNOLD DR","CRAIG AVE",0.00,,Y,A,-,N,,,,,,,,,,Y,3,0,2,2,A,-,09,21802,A,N,D,C,A,A,H,-,A,D,0,,,,,Y,,A,08,0,1,1,0,0,0,0,0,0,"- ","- ",38.304519653320312,-122.49474334716797,NAPA,UNINCORPORATED,,
92258737,2023,2023-12-11,9325,2023-12-02,1255,023094,,6,1,9,2800,0,1,3,,2,071,SR-121,"OLD SONOMA ROAD",1000.00,N,N,C,-,Y,NAP,,121," "," ",2.423,H,,R,Y,4,0,2,2,A,-,09,21801,A,N,D,C,A,B,H,-,A,D,0,,,,,Y,,A,01,0,0,2,0,0,0,0,0,0,"- ","- ",38.254779815673828,-122.33937072753906,NAPA,UNINCORPORATED,-122.33936309814453,38.254798889160156
92258749,2023,2023-12-11,9325,2023-12-01,"745 ",021458,,5,1,9,2800,0,1,3,,1,044,SR-29,"OLD LAWLEY TOLL RD",600.00,S,N,B,-,Y,NAP,,29," "," ",42.863,H,,R,Y,4,0,3,2,A,-,05,21460,A,N,A,C,A,A,H,-,A,D,0,,,,,Y,,A,01,0,0,3,0,0,0,0,0,0,"- ","- ",38.641738891601562,-122.59668731689453,NAPA,UNINCORPORATED,-122.59669494628906,38.6417236328125
92259137,2023,2024-08-28,9325,2023-09-19,1430,020615,,2,2,9,2800,0,3,5,,1,008,SR-128,"WRAGG CANYON",7920.00,E,N,A,-,Y,NAP,,128," "," ",29.462,H,,R,Y,1,1,0,2,A,-,05,21460,A,N,B,C,A,A,H,-,A,D,0,,,Y,,Y,,C,02,0,0,0,0,0,0,0,1,0,"- ","- ",38.466110229492188,-122.14720916748047,NAPA,UNINCORPORATED,-122.14723205566406,38.466121673583984
92262124,2023,2023-12-14,9325,2023-12-05,"730 ",019115,,2,1,9,2800,0,1,3,,1,021,SR-121,"WILD HORSE RD",1056.00,S,N,B,-,Y,NAP,,121," "," ",13.972,H,,R,N,3,0,1,1,A,-,03,22350,,N,F,A,A,B,H,-,A,D,0,,,,,Y,,-,"- ",0,1,0,0,0,0,0,0,0,"- ","- ",38.356349945068359,-122.20761108398438,NAPA,UNINCORPORATED,-122.20762634277344,38.3563232421875
92262168,2023,2023-12-14,9325,2023-12-06,1430,021083,,3,2,9,2800,0,1,3,,1,011,SR-29,"SOUTH KELLY RD",400.00,N,N,C,-,Y,NAP,,29," "," ",3.734,H,,R,N,4,0,1,2,A,-,03,22350,,N,C,C,A,B,H,-,A,D,0,,,,,Y,,A,01,0,0,1,0,0,0,0,0,0,"- ","- ",38.209140777587891,-122.25633239746094,NAPA,UNINCORPORATED,-122.25614166259766,38.209148406982422
92262564,2023,2023-12-14,9365,2023-11-23,"215 ",023362,,4,3,9,2800,0,2,4,,1,032,"I80 W/B","AMERICAN CANYON ROAD OC",8976.00,W,N,A,-,Y,SOL,,80," "," ",6.328,H,,L,Y,3,0,2,2,A,-,01,23152,A,N,C,C,A,A,H,-,C,A,0,,,,,Y,Y,A,01,0,2,0,0,0,0,0,0,0,"- ","- ",38.148368835449219,-122.21701049804688,NAPA,UNINCORPORATED,-122.21695709228516,38.148372650146484
92264411,2023,2023-12-18,9325,2023-12-02,1245,021458,,6,1,5,2802,0,1,3,,1,022,"SB SR-29","PUEBLO AVE",150.00,S,N,B,C,Y,NAP,,29," "," ",12.518,H,,R,Y,4,0,1,1,A,-,08,22107,,N,E,8,A,B,H,-,A,D,0,,,,,Y,,A,01,0,0,1,0,0,0,0,0,0,"- ","- ",38.313549041748047,-122.30692291259766,NAPA,NAPA,-122.306640625,38.3135986328125
92266057,2023,2023-12-19,9325,2023-12-04,"230 ",023257,,1,3,9,2800,0,3,5,,2,002,"IMOLA AVE","4TH AVE",22.00,E,N,A,-,N,,,,,,,,,,Y,3,0,1,1,A,-,01,23152,A,N,E,8,A,B,H,-,C,D,0,,,,,Y,Y,A,01,0,1,0,0,0,0,0,0,0,"- ","- ",38.279769897460938,-122.24875640869141,NAPA,UNINCORPORATED,-122.24906921386719,38.279720306396484
92266167,2023,2023-12-19,9325,2023-12-07,"655 ",021458,,4,1,9,2800,0,1,3,,1,021,SR-121,"ROCKY RIDGE",800.00,N,N,B,-,Y,NAP,,121," "," ",13.561,H,,R,Y,4,0,1,1,A,-,03,22350,,N,E,8,A,B,H,-,A,D,0,,,,,Y,,A,01,0,0,1,0,0,0,0,0,0,"- ","- ",38.355491638183594,-122.21441650390625,NAPA,UNINCORPORATED,-122.21436309814453,38.355476379394531
92268016,2023,2023-12-21,9325,2023-12-09,2050,022562,,6,2,9,2800,0,3,5,,1,008,"BUTTS CANYON ROAD","JAMES CREEK ROAD",3696.00,W,N,B,-,N,,,,,,,,,,Y,4,0,1,1,A,-,08,22107,,N,E,8,A,A,H,-,D,D,0,,,,,Y,,A,01,0,0,1,0,0,0,0,0,0,"- ","- ",38.667438507080078,-122.44586944580078,NAPA,UNINCORPORATED,-122.46486663818359,38.655349731445312
92268017,2023,2023-12-21,9325,2023-12-12,"650 ",019329,,2,1,9,2800,0,1,3,,1,012,SR-12,"KIRKLAND RANCH RD",1585.00,E,N,B,-,Y,NAP,,12," "," ",2.391,H,,R,Y,4,0,1,2,A,-,03,22350,,N,C,C,A,B,H,-,B,D,0,,,,,Y,,D,22,0,0,1,0,0,0,0,0,0,"- ","- ",38.214389801025391,-122.21729278564453,NAPA,UNINCORPORATED,-122.21733093261719,38.21429443359375
92268515,2023,2023-12-21,9325,2023-12-08,1610,023094,,5,2,9,2800,0,1,3,,1,012,SR-12,SR-29,300.00,E,N,A,-,Y,NAP,,12," "," ",0.105,H,,R,Y,3,0,1,2,A,-,03,22350,,N,C,C,A,A,H,-,A,D,0,,,,,Y,,A,01,0,1,0,0,0,0,0,0,0,"- ","- ",38.222999572753906,-122.25585174560547,NAPA,UNINCORPORATED,-122.255859375,38.222946166992188
92269032,2023,2023-12-22,9325,2023-12-14,2055,022562,,4,2,9,2800,0,2,4,,2,032,"MADRONE KNOLL WAY","SILVERADO TRAIL",160.00,E,N,B,-,N,,,,,,,,,,Y,4,0,1,1,A,-,08,22107,,N,E,I,A,A,H,-,D,D,0,,,,,Y,,A,01,0,0,1,0,0,0,0,0,0,"- ","- ",38.519760131835938,-122.46946716308594,NAPA,UNINCORPORATED,-122.46941375732422,38.519710540771484
92269034,2023,2023-12-22,9325,2023-12-14,2250,021605,,4,3,9,2800,0,1,3,,1,080,SR-128,"STEELE CANYON ROAD",6336.00,E,N,A,-,Y,NAP,,128," "," ",24.893,H,,R,Y,2,0,3,1,A,-,01,23152,A,N,E,8,A,A,H,-,D,D,0,,,,,Y,Y,-,"- ",1,2,0,0,0,0,0,0,0,"- ","- ",38.438350677490234,-122.18122100830078,NAPA,UNINCORPORATED,-122.18134307861328,38.438137054443359
92269622,2023,2023-12-22,9325,2023-12-13,"810 ",019115,,3,1,9,2800,0,1,3,,1,030,SR-128,"SILVERADO TRAIL",2640.00,E,N,A,-,Y,NAP,,128," "," ",8.003,H,,R,N,4,0,1,1,A,-,08,22107,,N,E,8,A,A,H,-,A,D,0,,,,Y,Y,,F,27,0,0,1,0,0,0,0,0,0,"- ","- ",38.487030029296875,-122.39604949951172,NAPA,UNINCORPORATED,-122.39605712890625,38.487052917480469
92270702,2023,2023-12-26,9325,2023-12-10,2200,023257,,7,3,9,2800,0,1,3,,1,053,SR-116,SR-121,3221.00,W,N,A,-,Y,SON,,116," "," ",46.054,H,,R,Y,3,0,1,1,A,-,08,22107,,N,E,8,A,A,H,-,D,D,0,,,,,Y,,A,01,0,1,0,0,0,0,0,0,0,"- ","- ",38.244049072265625,-122.46556854248047,NAPA,UNINCORPORATED,-122.46565246582031,38.244003295898438
92270721,2023,2023-12-26,9325,2023-12-13,"905 ",017559,,3,1,9,2800,0,1,3,,1,012,"SR12 WB","KIRKLAND RANCH RD",5202.00,E,N,A,-,Y,NAP,,12," "," ",3.196,H,,L,Y,4,0,1,3,A,-,03,22350,,N,C,2,A,A,H,-,A,D,0,,,,,Y,,A,07,0,0,1,0,0,0,0,0,0,"- ","- ",38.210411071777344,-122.20561981201172,NAPA,UNINCORPORATED,-122.20562744140625,38.210399627685547
92272309,2023,2023-12-27,9325,2023-12-22,1825,023152,,5,2,9,2800,0,1,3,,1,013,SR-221,SR-29,0.00,,Y,A,-,Y,NAP,,29," ",R,6.133,H,,R,N,4,0,1,2,A,-,08,22107,,N,B,C,A,A,H,-,C,A,0,,,,,Y,,A,01,0,0,1,0,0,0,0,0,0,"- ","- ",38.240871429443359,-122.26828002929688,NAPA,UNINCORPORATED,-122.26822662353516,38.240917205810547
92273357,2023,2023-12-28,9325,2023-12-21,"455 ",022333,,4,3,9,2800,0,1,3,,1,022,"SR-29 N/B","OAK KNOLL AVE",20.00,S,N,B,-,Y,NAP,,29," "," ",15.572,H,,R,Y,2,0,1,2,A,-,03,22350,,N,C,C,A,A,H,-,D,A,0,,,,,Y,,A,07,1,0,0,0,0,0,0,0,0,"- ","- ",38.353000640869141,-122.33128356933594,NAPA,UNINCORPORATED,-122.331298828125,38.352993011474609
92274083,2023,2023-12-28,9325,2023-12-23,"655 ",021458,,6,1,9,2800,0,1,3,,1,013,SR-221,"ANDERSON RD",15.00,N,N,E,-,Y,NAP,,221," "," ",0.634,H,,R,Y,4,0,1,2,A,-,03,22350,,N,C,C,A,B,H,-,A,A,0,,,,,Y,,A,01,0,0,1,0,0,0,0,0,0,"- ","- ",38.250499725341797,-122.27085113525391,NAPA,UNINCORPORATED,-122.27060699462891,38.25054931640625
92274365,2023,2023-12-29,9325,2023-12-17,2350,022538,,7,3,9,2800,0,2,4,,2,032,"SILVERADO TRAIL","SR-128 (SAGE CANYON RD)",1584.00,S,N,B,C,N,,,,,,,,,,Y,4,0,1,1,A,-,03,22350,,N,E,I,A,B,H,-,D,D,0,,,,,Y,,A,01,0,0,1,0,0,0,0,0,0,"- ","- ",38.484111785888672,-122.40072631835938,NAPA,UNINCORPORATED,-122.40065002441406,38.484004974365234
92277158,2023,2024-01-02,9325,2023-12-01,"917 ",023152,,5,1,9,2800,0,3,5,,2,002,"DRY CREEK RD","ORCHARD AVE",2640.00,N,N,A,-,N,,,,,,,,,,N,4,0,1,2,D,-,00,,,M,G,B,E,A,C,-,A,A,0,Y,,,,Y,,-,"- ",0,0,1,0,1,0,0,0,0,"- ","- ",38.348018646240234,-122.35626983642578,NAPA,UNINCORPORATED,-122.35637664794922,38.34808349609375
92277656,2023,2024-01-03,9325,2023-12-14,1540,021083,,4,2,9,2800,0,1,3,,1,011,SR-29,"IMOLA AVE",3696.00,S,N,A,-,Y,NAP,,29," ",R,9.818,H,,R,Y,2,0,1,2,A,-,03,22350,,N,F,0,A,A,H,-,A,D,0,,,Y,,Y,,C,02,1,0,0,0,0,0,0,0,1,"- ","- ",38.273658752441406,-122.29892730712891,NAPA,UNINCORPORATED,-122.29866027832031,38.273677825927734
92278349,2023,2024-01-03,9325,2023-04-30,1234,017746,,7,1,9,2800,0,1,3,,1,044,SR-29,"OLD LAWLEY TOLL RD",7498.00,N,N,A,-,Y,NAP,,29," "," ",44.453,H,,R,Y,1,1,0,1,A,-,01,23152,A,N,E,I,A,A,H,-,A,D,0,,,Y,,Y,Y,C,02,0,0,0,0,0,0,0,1,0,"- ","- ",38.646739959716797,-122.59243774414062,NAPA,UNINCORPORATED,-122.59239959716797,38.646751403808594