CASE_ID,ACCIDENT_YEAR,PROC_DATE,JURIS,COLLISION_DATE,COLLISION_TIME,OFFICER_ID,REPORTING_DISTRICT,DAY_OF_WEEK,CHP_SHIFT,POPULATION,CNTY_CITY_LOC,SPECIAL_COND,BEAT_TYPE,CHP_BEAT_TYPE,CITY_DIVISION_LAPD,CHP_BEAT_CLASS,BEAT_NUMBER,PRIMARY_RD,SECONDARY_RD,DISTANCE,DIRECTION,INTERSECTION,WEATHER_1,WEATHER_2,STATE_HWY_IND,CALTRANS_COUNTY,CALTRANS_DISTRICT,STATE_ROUTE,ROUTE_SUFFIX,POSTMILE_PREFIX,POSTMILE,LOCATION_TYPE,RAMP_INTERSECTION,SIDE_OF_HWY,TOW_AWAY,COLLISION_SEVERITY,NUMBER_KILLED,NUMBER_INJURED,PARTY_COUNT,PRIMARY_COLL_FACTOR,PCF_CODE_OF_VIOL,PCF_VIOL_CATEGORY,PCF_VIOLATION,PCF_VIOL_SUBSECTION,HIT_AND_RUN,TYPE_OF_COLLISION,MVIW,PED_ACTION,ROAD_SURFACE,ROAD_COND_1,ROAD_COND_2,LIGHTING,CONTROL_DEVICE,CHP_ROAD_TYPE,PEDESTRIAN_ACCIDENT,BICYCLE_ACCIDENT,MOTORCYCLE_ACCIDENT,TRUCK_ACCIDENT,NOT_PRIVATE_PROPERTY,ALCOHOL_INVOLVED,STWD_VEHTYPE_AT_FAULT,CHP_VEHTYPE_AT_FAULT,COUNT_SEVERE_INJ,COUNT_VISIBLE_INJ,COUNT_COMPLAINT_PAIN,COUNT_PED_KILLED,COUNT_PED_INJURED,COUNT_BICYCLIST_KILLED,COUNT_BICYCLIST_INJURED,COUNT_MC_KILLED,COUNT_MC_INJURED,PRIMARY_RAMP,SECONDARY_RAMP,LATITUDE,LONGITUDE,COUNTY,CITY,POINT_X,POINT_Y
94396743,2024,2024-09-17,9325,2024-09-06,1000,023241,,5,1,9,2800,0,2,4,,1,042,"SILVERADO TRAIL","GLASS MOUNTAIN RD",264.00,N,N,A,-,N,,,,,,,,,,Y,3,0,1,1,A,-,08,22107,,N,E,8,A,A,H,-,A,D,0,,,,,Y,,A,07,0,1,0,0,0,0,0,0,0,"- ","- ",38.542881011962891,-122.49033355712891,NAPA,UNINCORPORATED,-122.49015808105469,38.536098480224609
94396745,2024,2024-09-17,9325,2024-09-07,1540,023152,,6,2,9,2800,0,1,3,,1,041,SR-29,"MAPLE LN",5.00,N,N,A,-,Y,NAP,,29," "," ",34.386,H,,R,N,3,0,1,1,A,-,08,22107,,N,F,A,A,A,B,-,A,D,0,,Y,,,Y,,L,04,0,1,0,0,0,0,1,0,0,"- ","- ",38.561229705810547,-122.53858947753906,NAPA,UNINCORPORATED,-122.53856658935547,38.561256408691406
94396747,2024,2024-09-17,9325,2024-08-29,2145,023926,,4,2,9,2800,0,2,4,,2,032,"SILVERADO TRAIL",SR-128,3520.00,S,N,A,-,N,,,,,,,,,,Y,3,0,1,2,A,-,09,21801,A,N,D,C,A,A,H,-,D,D,0,,,,,Y,,A,07,0,1,0,0,0,0,0,0,0,"- ","- ",38.480541229248047,-122.39540863037109,NAPA,UNINCORPORATED,-122.39553070068359,38.480602264404297
94396967,2024,2024-09-17,9325,2024-09-02,1330,023869,,1,1,9,2800,0,1,3,,1,031,SR-29,SR-128,1584.00,N,N,A,-,Y,NAP,,29," "," ",24.940,H,,R,Y,4,0,1,2,A,-,03,22350,,N,C,C,A,A,H,-,A,D,0,,,,,Y,,D,22,0,0,1,0,0,0,0,0,0,"- ","- ",38.463020324707031,-122.42620849609375,NAPA,UNINCORPORATED,-122.42618560791016,38.463031768798828
9439804,2022,2022-06-01,2802,2022-05-05,1831,320553,38,4,5,5,2802,0,0,0,,0,01C,"COOMBS ST","4TH ST",150.00,S,N,A,-,N,,,,,,,,,,N,3,0,1,2,A,-,09,21804,A,N,D,G,A,A,H,-,A,A,0,,Y,,,Y,,L,04,0,1,0,0,0,0,1,0,0,"- ","- ",,,NAPA,NAPA,-122.284912109375,38.296054840087891
9439805,2022,2022-06-01,2802,2022-05-09,1312,320553,31,1,5,5,2802,0,0,0,,0,01A,"JEFFERSON ST","G ST",0.00,,Y,A,-,N,,,,,,,,,,N,4,0,1,2,A,-,05,21202,A,N,D,G,A,A,H,-,A,A,0,,Y,,,Y,,L,04,0,0,1,0,0,0,1,0,0,"- ","- ",,,NAPA,NAPA,-122.29514312744141,38.306224822998047
94405693,2024,2024-09-24,9325,2024-09-12,"810 ",021309,,4,1,9,2800,0,3,5,,2,002,"CAROL DR","ETHEL PORTER DR",0.00,,Y,A,-,N,,,,,,,,,,N,4,0,1,2,A,-,12,22450,A,N,C,G,A,A,H,-,A,D,0,,Y,,,Y,,L,04,0,0,1,0,0,0,1,0,0,"- ","- ",38.318149566650391,-122.31336212158203,NAPA,UNINCORPORATED,-122.313232421875,38.318183898925781
94407195,2024,2024-09-25,9325,2024-09-15,2040,023123,,7,2,9,2800,0,1,3,,1,011,"SR-29 S/B","IMOLA AVE",7920.00,S,N,A,-,Y,NAP,,29," ",R,9.551,H,,L,Y,3,0,1,3,A,-,01,23152,A,N,C,2,A,A,H,-,D,D,0,,,,,Y,Y,A,01,0,1,0,0,0,0,0,0,0,"- ","- ",38.269859313964844,-122.29878234863281,NAPA,UNINCORPORATED,-122.29876708984375,38.269859313964844
94407237,2024,2024-09-25,9325,2024-09-13,"745 ",021083,,5,1,9,2800,0,3,5,,2,007,"OLD SONOMA ROAD","CONGRESS VALLEY RD",2640.00,S,N,A,-,N,,,,,,,,,,Y,3,0,1,1,A,-,08,22107,,N,E,I,A,A,H,-,A,D,0,,,,,Y,,A,01,0,1,0,0,0,0,0,0,0,"- ","- ",38.279449462890625,-122.32495880126953,NAPA,UNINCORPORATED,-122.32503509521484,38.277679443359375
94407691,2024,2024-09-25,9325,2024-09-15,1435,021458,,7,2,9,2800,0,1,3,,1,080,SR-128,"SOLANO COUNTY LINE",1320.00,W,N,A,-,Y,NAP,,128," "," ",34.115,H,,R,Y,4,0,1,1,C,-,18,,,N,E,J,A,A,H,-,A,D,0,,,,,Y,,-,"- ",0,0,1,0,0,0,0,0,0,"- ","- ",38.512191772460938,-122.10619354248047,NAPA,UNINCORPORATED,-122.10619354248047,38.51220703125
94408403,2024,2024-09-25,9325,2024-09-17,1330,021309,,2,1,9,2800,0,3,5,,2,004,"PETRIFIED FOREST RD","RANCHO JUAN INEZ RD",250.00,W,N,A,-,N,,,,,,,,,,Y,4,0,1,1,A,-,08,22107,,N,E,8,A,A,H,-,A,D,0,,,,,Y,,A,07,0,0,1,0,0,0,0,0,0,"- ","- ",38.571449279785156,-122.62621307373047,NAPA,UNINCORPORATED,,
94409124,2024,2024-09-26,9325,2024-09-14,"850 ",023241,,6,1,9,2800,0,2,4,,1,034,"DEER PARK RD","SILVERADO TRAIL",103.00,W,N,A,-,N,,,,,,,,,,N,4,0,1,2,A,-,03,22350,,N,C,C,A,A,H,-,A,D,0,,,,,Y,,A,01,0,0,1,0,0,0,0,0,0,"- ","- ",38.529338836669922,-122.47852325439453,NAPA,UNINCORPORATED,-122.48151397705078,38.524578094482422
94409135,2024,2024-09-26,9325,2024-09-15,1713,023241,,7,2,9,2800,0,2,4,,2,032,"SILVERADO TRAIL","MEADOWOOD LN",1214.00,N,N,A,-,N,,,,,,,,,,Y,3,0,1,1,A,-,08,22107,,N,E,I,A,A,H,-,A,D,0,,,,,Y,,A,01,0,1,0,0,0,0,0,0,0,"- ","- ",38.517978668212891,-122.465087890625,NAPA,UNINCORPORATED,-122.46501159667969,38.517875671386719
94410965,2024,2024-09-27,9325,2024-09-16,"820 ",021466,,1,1,9,2800,0,1,3,,1,041,SR-128,"TUBBS LANE",0.00,,Y,A,-,Y,NAP,,128," "," ",2.656,H,,R,N,3,0,2,2,A,-,09,21802,A,N,A,C,A,A,H,-,A,B,0,,,,,Y,,A,01,0,1,1,0,0,0,0,0,0,"- ","- ",38.588840484619141,-122.60707855224609,NAPA,UNINCORPORATED,-122.60713195800781,38.588802337646484
94411540,2024,2024-10-30,9325,2024-09-18,1455,020356,,3,2,9,2800,0,3,5,,2,002,"SR-29 S/B","OAK KNOLL AVE",200.00,N,N,A,-,N,,,,,,,,,,N,4,0,1,2,A,-,03,22350,,N,C,C,A,A,H,-,A,D,0,,,,,Y,,A,01,0,0,1,0,0,0,0,0,0,"- ","- ",38.353519439697266,-122.33177185058594,NAPA,UNINCORPORATED,-122.33177947998047,38.353546142578125
94414515,2024,2024-10-01,9325,2024-09-19,1118,020356,,4,1,9,2800,0,1,3,,1,013,SR-221,"NAPA VALLEY CORPORATE DR",1400.00,S,N,A,-,N,,,,,,,,,,N,4,0,1,1,A,-,08,22107,,N,E,J,A,A,D,-,A,D,0,,,,,Y,,A,01,0,0,1,0,0,0,0,0,0,"- ","- ",38.246078491210938,-122.26960754394531,NAPA,UNINCORPORATED,-122.26978302001953,38.246601104736328
94414648,2024,2024-10-01,9325,2024-09-20,1205,021449,,5,1,9,2800,0,3,5,,2,003,"YOUNT MILL ROAD","COOK ROAD",686.00,S,N,A,-,N,,,,,,,,,,N,2,0,1,2,A,-,06,21751,,N,A,G,A,A,H,-,A,D,0,,Y,,,Y,,A,01,1,0,0,0,0,0,1,0,0,"- ","- ",38.419628143310547,-122.37142181396484,NAPA,UNINCORPORATED,-122.37142944335938,38.419731140136719
94414663,2024,2024-10-01,9325,2024-09-19,1500,019590,,4,2,9,2800,0,1,3,,1,011,SR-29,"IMOLA AVE",2640.00,S,N,A,-,Y,NAP,,29," ",R,10.113,H,,R,N,4,0,1,2,A,-,03,22350,,N,C,C,A,A,H,-,A,D,0,,,,,Y,,A,01,0,0,1,0,0,0,0,0,0,"- ","- ",38.277908325195312,-122.29969787597656,NAPA,UNINCORPORATED,-122.29944610595703,38.277950286865234
94415279,2024,2024-10-01,9325,2024-09-21,"125 ",023968,,6,3,9,2800,0,1,3,,1,013,"SR-221 SOUTHBOUND","NAPA VALLEY CORPORATE WAY",2290.00,S,N,A,-,Y,NAP,,221," "," ",0.186,H,,L,Y,4,0,1,1,A,-,08,22107,,N,E,I,A,A,D,-,D,D,0,,,,,Y,,A,01,0,0,1,0,0,0,0,0,0,"- ","- ",38.244110107421875,-122.26892852783203,NAPA,UNINCORPORATED,-122.26909637451172,38.244083404541016
94417139,2024,2024-10-02,9325,2024-09-27,1335,021458,,5,1,9,2800,0,1,3,,1,080,SR-128,"CHILES POPE VALLEY RD",11088.00,E,N,A,-,Y,NAP,,128," "," ",13.504,H,,R,N,4,0,1,1,A,-,08,22107,,N,F,A,A,A,H,-,A,D,0,,,,,Y,,A,01,0,0,1,0,0,0,0,0,0,"- ","- ",38.486740112304688,-122.31340789794922,NAPA,UNINCORPORATED,-122.31341552734375,38.486717224121094
94417420,2024,2024-10-03,9325,2024-09-27,"0   ",023123,,5,3,9,2800,0,1,3,,1,011,"SR-29 S/B",SR-12,0.00,,Y,A,-,Y,NAP,,29," "," ",4.706,H,,L,Y,4,0,1,2,D,-,00,,,N,D,C,A,A,H,-,C,A,0,,,,,Y,,-,"- ",0,0,1,0,0,0,0,0,0,"- ","- ",38.223148345947266,-122.25782012939453,NAPA,UNINCORPORATED,-122.25788879394531,38.223167419433594
94419889,2024,2024-10-04,9325,2024-10-02,"959 ",023148,,3,1,9,2800,0,2,4,,1,042,"SILVERADO TRAIL","CRYSTAL SPRINGS RD",1584.00,S,N,A,-,N,,,,,,,,,,N,3,0,1,1,A,-,03,22350,,N,E,9,A,A,H,-,A,D,0,,Y,,,Y,,L,04,0,1,0,0,0,0,1,0,0,"- ","- ",38.550178527832031,-122.49622344970703,NAPA,UNINCORPORATED,-122.49523162841797,38.549732208251953
94419890,2024,2024-10-04,9325,2024-10-02,1240,023148,,3,1,9,2800,0,2,4,,1,034,"DEER PARK RD","SANITARIUM RD",1056.00,E,N,A,-,N,,,,,,,,,,N,4,0,2,2,A,-,05,21460,A,N,B,C,A,A,H,-,A,D,0,,,,,Y,,A,01,0,0,2,0,0,0,0,0,0,"- ","- ",38.554561614990234,-122.47197723388672,NAPA,UNINCORPORATED,-122.47881317138672,38.528430938720703
94419901,2024,2024-10-04,9325,2024-09-26,1530,018379,,4,2,9,2800,0,3,5,,2,001,"HENRY RD","BUHMAN AVE",400.00,S,N,A,-,N,,,,,,,,,,Y,3,0,1,2,C,-,18,,,N,A,C,A,A,H,-,A,D,0,,,,,Y,,-,"- ",0,1,0,0,0,0,0,0,0,"- ","- ",38.272090911865234,-122.3414306640625,NAPA,UNINCORPORATED,-122.33589935302734,38.273586273193359
94420093,2024,2024-10-04,9325,2024-09-22,1110,021458,,7,1,9,2800,0,1,3,,1,081,"SR-121 S/B","WATERS RD",1584.00,S,N,A,-,Y,NAP,,121," "," ",17.653,H,,L,Y,2,0,1,2,A,-,05,21460,A,N,B,C,A,A,H,-,A,D,0,,,,,Y,,-,"- ",1,0,0,0,0,0,0,0,0,"- ","- ",38.396320343017578,-122.20414733886719,NAPA,UNINCORPORATED,-122.20416259765625,38.396312713623047
94422553,2024,2024-10-08,9325,2024-09-30,1400,022562,,1,2,9,2800,0,1,3,,1,030,SR-128,"LONG RANCH ROAD",5808.00,S,N,A,-,Y,NAP,,128," "," ",9.524,H,,R,Y,2,0,1,1,A,-,08,22107,,N,E,I,A,A,H,-,A,D,0,,,Y,,Y,,C,02,1,0,0,0,0,0,0,0,1,"- ","- ",38.4788818359375,-122.37220764160156,NAPA,UNINCORPORATED,-122.37210845947266,38.478973388671875
94422734,2024,2024-10-25,9325,2024-09-30,"18  ",022540,,1,3,9,2800,0,1,3,,1,021,SR-121,"WOODEN VALLEY ROAD",2112.00,S,N,A,-,Y,NAP,,121," "," ",15.535,H,,R,Y,3,0,2,2,A,-,01,23152,A,N,F,C,A,A,H,-,D,D,0,,,,,Y,Y,A,07,0,2,0,0,0,0,0,0,0,"- ","- ",38.369941711425781,-122.20279693603516,NAPA,UNINCORPORATED,-122.20281219482422,38.369937896728516
94423304,2024,2024-10-08,9325,2024-10-03,"655 ",020356,,4,1,9,2800,0,3,5,,2,002,"EL CENTRO AVENUE","BIG RANCH ROAD",1600.00,W,N,A,-,N,,,,,,,,,,Y,4,0,1,1,A,-,08,22107,,N,E,I,A,A,H,-,A,D,0,,,,,Y,,A,01,0,0,1,0,0,0,0,0,0,"- ","- ",38.339340209960938,-122.30294799804688,NAPA,UNINCORPORATED,-122.30264282226562,38.339523315429688
94426326,2024,2024-10-10,9325,2024-10-05,1250,023442,,6,1,9,2800,0,1,3,,1,022,"SR-29 N/B","OAK KNOLL AVE",3590.00,N,N,A,-,Y,NAP,,29," "," ",16.269,H,,R,Y,3,0,2,2,A,-,03,22350,,N,C,C,A,A,H,-,A,D,0,,,,,Y,,A,01,0,2,0,0,0,0,0,0,0,"- ","- ",38.362319946289062,-122.33624267578125,NAPA,UNINCORPORATED,-122.33621215820312,38.362327575683594
9442701,2022,2022-05-10,2802,2022-04-20,0615,320551,21,3,5,5,2802,0,0,0,,0,003,"STADIUM AV","CALIFORNIA BL",0.00,,Y,B,-,N,,,,,,,,,,N,4,0,1,2,A,-,10,21950,A,N,G,B,B,A,H,-,A,A,0,Y,,,,Y,,A,01,0,0,1,0,1,0,0,0,0,"- ","- ",,,NAPA,NAPA,-122.30540466308594,38.317176818847656
9442702,2022,2022-05-10,2802,2022-04-11,1634,320283,42,1,5,5,2802,0,0,0,,0,04B,"OLD SONOMA RD","CASWALL ST",150.00,W,N,A,-,N,,,,,,,,,,N,4,0,1,2,A,-,06,21750,,M,B,C,A,A,H,-,A,D,0,,,,,Y,,A,01,0,0,1,0,0,0,0,0,0,"- ","- ",,,NAPA,NAPA,-122.31154632568359,38.28778076171875
9442704,2022,2022-05-11,2802,2022-04-24,2144,320488,23,7,5,5,2802,0,0,0,,0,003,"OLD SOSCOL WAY","SOSCOL AV",10.00,E,N,A,-,N,,,,,,,,,,N,3,0,1,1,A,-,01,23152,A,M,E,I,A,A,H,-,C,A,0,,,,,Y,Y,A,07,0,1,0,0,0,0,0,0,0,"- ","- ",,,NAPA,NAPA,-122.28578948974609,38.321784973144531
9442718,2022,2022-05-10,2800,2022-04-02,1952,250510,20207,6,5,2,2805,0,0,0,,0,002,"SPRING MOUNTAIN LN","LIGHTPOLE 8025",42.00,S,N,A,-,N,,,,,,,,,,N,3,0,2,3,B,-,22,,,N,G,B,E,A,H,-,C,D,0,Y,,,,Y,,A,01,0,1,1,0,1,0,0,0,0,"- ","- ",,,NAPA,"AMERICAN CANYON",,
94427782,2024,2024-10-11,9365,2024-10-04,1745,023740,,5,2,9,2800,0,2,S,,2,904,"GORDON VALLEY RD","OAK SPRINGS DR",200.00,S,N,A,-,N,,,,,,,,,,Y,3,0,1,1,A,-,01,23152,A,N,E,J,A,A,H,-,A,D,0,,,,,Y,Y,A,01,0,1,0,0,0,0,0,0,0,"- ","- ",38.336460113525391,-122.12037658691406,NAPA,UNINCORPORATED,-122.12063598632812,38.336795806884766
94428083,2024,2024-10-11,9325,2024-10-04,1745,016663,,5,2,9,2800,0,1,3,,1,080,"SR-128 (SAGE CANYON ROAD)","3233 SAGE CANYON ROAD",400.00,E,N,A,-,Y,NAP,,128," "," ",17.001,H,,R,N,3,0,1,1,C,-,18,,,N,F,A,A,D,G,-,A,D,0,,,Y,,Y,,-,"- ",0,1,0,0,0,0,0,0,1,"- ","- ",38.505809783935547,-122.27745819091797,NAPA,UNINCORPORATED,-122.27745819091797,38.505809783935547
94429592,2024,2024-10-14,9325,2024-10-05,1158,019695,,6,1,5,2802,0,3,5,,2,001,"LINCOLN HWY (SR-12)","NORTH KELLY ROAD",1320.00,S,N,A,-,Y,NAP,,12," "," ",0.892,H,,R,Y,4,0,1,2,A,-,03,22350,,N,C,C,A,A,H,-,A,D,0,,,,,Y,,A,01,0,0,1,0,0,0,0,0,0,"- ","- ",38.221401214599609,-122.24172210693359,NAPA,NAPA,-122.24170684814453,38.221229553222656
94430540,2024,2024-10-14,9325,2024-10-10,1405,021466,,4,2,9,2800,0,1,3,,1,041,SR-29,"EHLERS LN",650.00,S,N,A,-,Y,NAP,,29," "," ",31.103,H,,R,N,3,0,2,2,A,-,09,21804,A,N,D,C,A,A,H,-,A,A,0,,,,,Y,,A,07,0,2,0,0,0,0,0,0,0,"- ","- ",38.528678894042969,-122.50125885009766,NAPA,UNINCORPORATED,-122.50122833251953,38.528709411621094
9443360,2022,2022-05-20,2803,2022-04-11,0825,92,,1,5,2,2803,0,0,0,,0,,"PARK ST","CRINELLA DR",11.00,S,N,C,-,N,,,,,,,,,,N,3,0,1,2,A,-,08,22107,,N,C,G,A,B,H,-,A,D,0,,Y,,,Y,,L,04,0,1,0,0,0,0,1,0,0,"- ","- ",38.509860992431641,-122.47593688964844,NAPA,"SAINT HELENA",-122.47586059570312,38.509853363037109
94437891,2024,2024-10-21,9325,2024-10-19,1605,023148,,6,2,9,2800,0,1,3,,1,013,"RT 221","IMOLA AVE",300.00,S,N,A,-,Y,NAP,,221," "," ",2.622,H,,R,N,4,0,1,2,A,-,03,22350,,N,C,C,A,A,H,-,A,D,0,,,,,Y,,D,22,0,0,1,0,0,0,0,0,0,"- ","- ",38.279651641845703,-122.27422332763672,NAPA,UNINCORPORATED,-122.27394104003906,38.279674530029297
94437900,2024,2024-10-21,9325,2024-10-19,1047,023148,,6,1,9,2800,0,1,3,,1,081,"RT 121","WATERS RD",1584.00,S,N,A,-,Y,NAP,,121," "," ",17.602,H,,R,N,2,0,2,2,A,-,08,22107,,N,B,6,A,A,H,-,A,D,0,,Y,,,Y,,L,04,1,1,0,0,0,0,2,0,0,"- ","- ",38.3956298828125,-122.20403289794922,NAPA,UNINCORPORATED,-122.20400238037109,38.395645141601562
9443915,2022,2022-05-19,2802,2022-04-19,0743,320541,36,2,5,5,2802,0,0,0,,0,01A,"VALLEJO ST","YAJOME ST",0.00,,Y,B,-,N,,,,,,,,,,Y,4,0,1,2,A,-,09,21802,B,N,D,C,A,B,H,-,A,D,0,,,,,Y,,A,01,0,0,1,0,0,0,0,0,0,"- ","- ",,,NAPA,NAPA,-122.28727722167969,38.304172515869141
9443916,2022,2022-05-17,2802,2022-04-21,1842,320488,10,4,5,5,2802,0,0,0,,0,003,"LASSEN ST","SIERRA AV",0.00,,Y,B,-,N,,,,,,,,,,Y,3,0,1,2,A,-,09,21801,A,N,D,C,A,A,H,-,A,A,0,,,Y,,Y,,A,01,0,1,0,0,0,0,0,0,1,"- ","- ",,,NAPA,NAPA,-122.31229400634766,38.327426910400391
94439186,2024,2024-10-21,9325,2024-10-07,1355,023968,,1,1,9,2800,0,2,4,,1,034,"HOWELL MOUNTAIN RD","PONDEROSA DR",219.00,S,N,A,-,N,,,,,,,,,,Y,4,0,1,1,A,-,08,22107,,N,E,I,A,A,H,-,A,D,0,,,,,Y,,A,07,0,0,1,0,0,0,0,0,0,"- ","- ",38.590309143066406,-122.44136047363281,NAPA,UNINCORPORATED,-122.44139862060547,38.590347290039062
94439210,2024,2024-10-21,9325,2024-10-03,"750 ",018125,,4,1,9,2800,0,1,3,,1,011,"SR-29 FROM SR-221 S/B",SR-221,200.00,S,N,A,-,Y,NAP,,29," ",R,6.158,H,,L,Y,4,0,1,1,A,-,03,22350,,N,E,J,A,A,D,-,A,D,0,,,,,Y,,A,07,0,0,1,0,0,0,0,0,0,"- ","- ",38.240879058837891,-122.26882171630859,NAPA,UNINCORPORATED,-122.26870727539062,38.240997314453125
94439273,2024,2024-10-21,9325,2024-10-08,"813 ",018125,,2,1,9,2800,0,2,4,,2,032,"SILVERADO TRAIL",SR-128,2640.00,S,N,A,-,Y,,,,,,,,,,Y,3,0,1,1,A,-,08,22107,,N,E,I,A,A,H,-,A,D,0,,,,,Y,,D,22,0,1,0,0,0,0,0,0,0,"- ","- ",38.481838226318359,-122.39797973632812,NAPA,UNINCORPORATED,-122.39807891845703,38.481960296630859
94442740,2024,2024-10-23,9325,2024-10-14,2145,022333,,1,2,9,2800,0,1,3,,1,080,SR-128,"WRAGG CANYON RD",950.00,E,N,A,-,Y,NAP,,128," "," ",28.062,H,,R,Y,4,0,1,1,C,-,18,,,N,H,H,A,A,H,-,D,D,0,,,,,Y,,-,"- ",0,0,1,0,0,0,0,0,0,"- ","- ",38.451801300048828,-122.15196228027344,NAPA,UNINCORPORATED,-122.15192413330078,38.451797485351562
94444484,2024,2024-10-28,9365,2024-10-06,2035,023740,,7,2,2,2805,0,2,4,,1,032,"AMERICAN CANYON RD","VIA FIRENZE",4454.00,E,N,A,-,N,,,,,,,,,,Y,2,0,1,1,C,-,18,,,N,E,I,A,A,G,-,A,D,0,,,Y,,Y,,-,"- ",1,0,0,0,0,0,0,0,1,"- ","- ",38.162910461425781,-122.22062683105469,NAPA,"AMERICAN CANYON",-122.22074890136719,38.162986755371094
94445099,2024,2024-10-25,9325,2024-10-04,1045,024114,,5,1,9,2800,0,3,5,,2,002,"OAK KNOLL AVE","SILVERADO TRAIL",80.00,W,N,A,-,N,,,,,,,,,,N,3,0,1,2,A,-,03,22350,,N,B,G,A,A,H,-,A,D,0,,Y,,,Y,,L,04,0,1,0,0,0,0,1,0,0,"- ","- ",38.369770050048828,-122.30117797851562,NAPA,UNINCORPORATED,-122.30112457275391,38.369838714599609
94445122,2024,2024-10-25,9325,2024-10-13,1630,023257,,7,2,9,2800,0,1,3,,1,080,SR-128,"LOWER CHILES VALLEY RD",581.00,E,N,A,-,Y,NAP,,128," "," ",15.916,H,,R,Y,2,0,1,1,A,-,03,22350,,N,E,I,A,A,H,-,A,D,0,,,Y,,Y,,C,02,1,0,0,0,0,0,0,0,1,"- ","- ",38.505008697509766,-122.29454803466797,NAPA,UNINCORPORATED,-122.29452514648438,38.504951477050781
94445358,2024,2024-10-25,9325,2024-10-16,1555,023926,,3,2,9,2800,0,1,3,,2,071,SR-121,DUHIG,6336.00,S,N,A,-,Y,NAP,,121," "," ",0.622,H,,R,N,4,0,1,2,A,-,03,22350,,N,C,C,A,A,H,-,A,D,0,,,,,Y,,E,22,0,0,1,0,0,0,0,0,0,"- ","- ",38.255119323730469,-122.36927795410156,NAPA,UNINCORPORATED,-122.36928558349609,38.255126953125
94445447,2024,2024-10-25,9325,2024-10-16,1715,018379,,3,2,9,2800,0,1,3,,1,044,SR-29,"TUBBS LN",15840.00,N,N,A,-,Y,NAP,,29," "," ",42.165,H,,R,Y,3,0,1,3,A,-,07,21658,A,F,B,C,A,A,H,-,A,D,0,,,,,Y,,D,22,0,1,0,0,0,0,0,0,0,"- ","- ",38.633541107177734,-122.60263824462891,NAPA,UNINCORPORATED,-122.60264587402344,38.633541107177734
9444548,2022,2022-06-17,2802,2022-05-15,0813,195,0,7,5,5,2802,0,0,0,,0,,"SOLANO AV","MOBILE LN",133.00,N,N,A,-,N,,,,,,,,,,Y,4,0,1,2,A,-,03,22350,,N,D,C,A,A,H,-,A,A,0,,,,,Y,,A,01,0,0,1,0,0,0,0,0,0,"- ","- ",,,NAPA,NAPA,-122.32557678222656,38.340717315673828
9444549,2022,2022-06-17,2802,2022-05-11,0457,320522,38,3,5,5,2802,0,0,0,,0,01C,"1ST ST","COOMBS ST",0.00,,Y,A,-,N,,,,,,,,,,Y,4,0,1,2,A,-,03,22350,,N,D,C,A,A,H,-,C,A,0,,,,,Y,,A,01,0,0,1,0,0,0,0,0,0,"- ","- ",,,NAPA,NAPA,-122.28692626953125,38.298519134521484
9444550,2022,2022-06-17,2802,2022-05-14,1356,320457,36,6,5,5,2802,0,0,0,,0,01A,"CLINTON ST","YAJOME ST",0.00,,Y,A,-,N,,,,,,,,,,N,3,0,1,2,A,-,09,21800,C,N,D,G,A,A,H,-,A,A,0,,Y,,,Y,,L,04,0,1,0,0,0,0,1,0,0,"- ","- ",,,NAPA,NAPA,-122.28542327880859,38.302181243896484
9444551,2022,2022-06-17,2802,2022-05-16,0700,320313,42,1,5,5,2802,0,0,0,,0,04B,"FREEWAY DR","OLD SONOMA RD",0.00,,Y,A,-,N,,,,,,,,,,Y,4,0,1,2,A,-,09,21800,A,N,D,C,A,A,H,-,A,D,0,,,,,Y,,A,01,0,0,1,0,0,0,0,0,0,"- ","- ",,,NAPA,NAPA,-122.30152893066406,38.288215637207031
94448887,2024,2024-10-29,9325,2024-10-16,1310,023926,,3,1,9,2800,0,1,3,,1,011,"SR-29 S/B","TOWER RD",95.00,S,N,A,-,Y,NAP,,29," "," ",3.905,H,,L,N,4,0,1,2,A,-,09,21802,A,N,B,C,A,A,H,-,A,D,0,,,,,Y,,D,22,0,0,1,0,0,0,0,0,0,"- ","- ",38.211181640625,-122.25656127929688,NAPA,UNINCORPORATED,-122.25648498535156,38.211181640625
94448944,2024,2024-10-29,9325,2024-10-12,1715,021466,,6,2,9,2800,0,1,3,,1,044,SR-29,"TUBBS LN",3625.00,N,N,C,-,Y,NAP,,29," "," ",40.216,H,,R,Y,3,0,1,2,A,-,05,21460,A,N,B,C,A,B,H,-,B,D,0,,,,Y,Y,,F,26,0,1,0,0,0,0,0,0,0,"- ","- ",38.610530853271484,-122.59400177001953,NAPA,UNINCORPORATED,-122.59402465820312,38.61053466796875