CASE_ID,ACCIDENT_YEAR,PROC_DATE,JURIS,COLLISION_DATE,COLLISION_TIME,OFFICER_ID,REPORTING_DISTRICT,DAY_OF_WEEK,CHP_SHIFT,POPULATION,CNTY_CITY_LOC,SPECIAL_COND,BEAT_TYPE,CHP_BEAT_TYPE,CITY_DIVISION_LAPD,CHP_BEAT_CLASS,BEAT_NUMBER,PRIMARY_RD,SECONDARY_RD,DISTANCE,DIRECTION,INTERSECTION,WEATHER_1,WEATHER_2,STATE_HWY_IND,CALTRANS_COUNTY,CALTRANS_DISTRICT,STATE_ROUTE,ROUTE_SUFFIX,POSTMILE_PREFIX,POSTMILE,LOCATION_TYPE,RAMP_INTERSECTION,SIDE_OF_HWY,TOW_AWAY,COLLISION_SEVERITY,NUMBER_KILLED,NUMBER_INJURED,PARTY_COUNT,PRIMARY_COLL_FACTOR,PCF_CODE_OF_VIOL,PCF_VIOL_CATEGORY,PCF_VIOLATION,PCF_VIOL_SUBSECTION,HIT_AND_RUN,TYPE_OF_COLLISION,MVIW,PED_ACTION,ROAD_SURFACE,ROAD_COND_1,ROAD_COND_2,LIGHTING,CONTROL_DEVICE,CHP_ROAD_TYPE,PEDESTRIAN_ACCIDENT,BICYCLE_ACCIDENT,MOTORCYCLE_ACCIDENT,TRUCK_ACCIDENT,NOT_PRIVATE_PROPERTY,ALCOHOL_INVOLVED,STWD_VEHTYPE_AT_FAULT,CHP_VEHTYPE_AT_FAULT,COUNT_SEVERE_INJ,COUNT_VISIBLE_INJ,COUNT_COMPLAINT_PAIN,COUNT_PED_KILLED,COUNT_PED_INJURED,COUNT_BICYCLIST_KILLED,COUNT_BICYCLIST_INJURED,COUNT_MC_KILLED,COUNT_MC_INJURED,PRIMARY_RAMP,SECONDARY_RAMP,LATITUDE,LONGITUDE,COUNTY,CITY,POINT_X,POINT_Y
94500266,2024,2024-12-13,9325,2024-12-03,"830 ",021309,,2,1,5,2802,0,1,3,,1,022,"SR29 NB","LINCOLN AVE",200.00,S,N,A,-,Y,,,,,,,,,,N,4,0,1,2,A,-,03,22350,,N,C,C,A,A,H,-,A,D,0,,,,,Y,,A,01,0,0,1,0,0,0,0,0,0,"- ","- ",38.306861877441406,-122.30368804931641,NAPA,NAPA,-122.30450439453125,38.3062744140625
94500418,2024,2024-12-13,9325,2024-12-02,1548,020356,,1,2,9,2800,0,3,5,,2,003,"DEER PARK ROAD","NORTH SANITARIUM ROAD",2950.00,N,N,A,-,N,,,,,,,,,,N,2,0,1,1,A,-,08,22107,,N,E,I,A,A,H,-,A,D,0,,,Y,,Y,,C,02,1,0,0,0,0,0,0,0,1,"- ","- ",38.559249877929688,-122.472900390625,NAPA,UNINCORPORATED,-122.48200988769531,38.523880004882812
94500603,2024,2024-12-13,9325,2024-12-03,1601,022540,,2,2,9,2800,0,2,4,,1,023,"SILVERADO TRAIL","OAK KNOLL AVENUE",9504.00,N,N,A,-,N,,,,,,,,,,Y,3,0,6,4,A,-,03,22350,,N,C,C,A,A,H,-,A,D,0,,,,,Y,,A,07,0,2,4,0,0,0,0,0,0,"- ","- ",38.392448425292969,-122.32032775878906,NAPA,UNINCORPORATED,-122.31954193115234,38.391555786132812
94500638,2024,2024-12-13,9325,2024-12-04,1130,022538,,3,1,9,2800,0,3,5,,2,002,"DRY CREEK RD","ORCHARD AVE",13200.00,N,N,A,-,N,,,,,,,,,,N,4,0,1,1,A,-,08,22107,,N,E,I,A,B,H,-,A,D,0,,,,,Y,,D,22,0,0,1,0,0,0,0,0,0,"- ","- ",38.368808746337891,-122.37870025634766,NAPA,UNINCORPORATED,-122.37900543212891,38.368972778320312
94501788,2024,2024-12-13,9325,2024-12-05,1748,022540,,4,2,9,2800,0,1,3,,1,022,"SR-29 NORTHBOUND","OLD SONOMA ROAD O/C",82.00,S,N,A,-,Y,NAP,,29," "," ",10.677,H,,R,Y,4,0,1,2,A,-,07,21658,A,N,B,2,A,A,H,-,C,D,0,,,,,Y,,A,01,0,0,1,0,0,0,0,0,0,"- ","- ",38.287311553955078,-122.30088806152344,NAPA,UNINCORPORATED,-122.30091094970703,38.287307739257812
94501875,2024,2024-12-13,9325,2024-12-04,1938,023968,,3,2,9,2800,0,3,5,,2,002,"WOODEN VALLEY RD","MILE MARKER 3.00",80.00,S,N,A,-,N,,,,,,,,,,Y,3,0,1,1,A,-,01,23152,A,N,E,I,A,A,H,-,D,D,0,,,,,Y,Y,A,01,0,1,0,0,0,0,0,0,0,"- ","- ",38.349048614501953,-122.16011047363281,NAPA,UNINCORPORATED,,
94503336,2024,2024-12-13,9325,2024-12-06,1220,021466,,5,1,9,2800,0,1,3,,1,011,"SR-29 S/B",SR-12,330.00,N,N,A,-,Y,NAP,,29," "," ",4.777,H,,L,N,4,0,1,3,A,-,03,22350,,M,C,C,A,A,H,-,A,D,0,,,,,Y,,-,99,0,0,1,0,0,0,0,0,0,"- ","- ",38.224151611328125,-122.25798797607422,NAPA,UNINCORPORATED,-122.25809478759766,38.224143981933594
94505157,2024,2024-12-16,9325,2024-12-03,1410,024114,,2,2,9,2800,0,1,3,,1,044,SR-29,"OLD LAWLEY TOLL RD",20.00,N,N,A,-,Y,NAP,,29," "," ",42.982,H,,R,Y,4,0,1,2,A,-,01,23152,,N,A,C,A,A,H,-,A,D,0,,,,,Y,Y,D,22,0,0,1,0,0,0,0,0,0,"- ","- ",38.640419006347656,-122.59635925292969,NAPA,UNINCORPORATED,-122.59635925292969,38.640411376953125
94505237,2024,2024-12-16,9325,2024-11-29,2230,023152,,5,3,9,2800,0,3,5,,2,002,"PARTRICK RD","BORRETTE LN",5280.00,W,N,A,-,N,,,,,,,,,,Y,4,0,1,1,A,-,03,22350,,N,E,8,A,A,H,-,D,D,0,,,,,Y,,A,07,0,0,1,0,0,0,0,0,0,"- ","- ",38.315399169921875,-122.37071228027344,NAPA,UNINCORPORATED,-122.36367034912109,38.313457489013672
94506681,2024,2024-12-17,9325,2024-12-06,2038,023926,,5,2,9,2800,0,3,5,,2,004,"POPE VALLEY RD","HOWELL MOUNTAIN RD",2930.00,N,N,A,-,N,,,,,,,,,,Y,3,0,1,1,A,-,08,22107,,N,E,I,A,A,H,-,D,D,0,,,,,Y,Y,-,"- ",0,1,0,0,0,0,0,0,0,"- ","- ",38.623779296875,-122.44149780273438,NAPA,UNINCORPORATED,-122.42813873291016,38.615230560302734
94506888,2024,2024-12-17,9325,2024-10-10,2000,021458,,4,2,9,2800,0,3,5,,2,004,"POPE VALLEY RD","HOWELL MOUNTAIN RD",528.00,N,N,A,-,N,,,,,,,,,,Y,1,1,0,1,A,-,08,22107,,N,E,8,A,A,D,-,D,D,0,,,Y,,Y,,C,02,0,0,0,0,0,0,0,1,0,"- ","- ",38.615161895751953,-122.43060302734375,NAPA,UNINCORPORATED,-122.42813873291016,38.615230560302734
94506914,2024,2024-12-17,9325,2024-11-22,"815 ",017746,,5,1,2,2804,0,1,A,,2,710,"CALIFORNIA CIRCLE","SOLANO ROAD",350.00,S,N,B,C,N,,,,,,,,,,N,4,0,1,2,A,-,10,21950,A,N,G,B,B,B,H,-,A,A,0,Y,,,,Y,,A,01,0,0,1,0,1,0,0,0,0,"- ","- ",38.395069122314453,-122.36894989013672,NAPA,YOUNTVILLE,-122.36099243164062,38.396862030029297
94507464,2024,2024-12-17,9325,2024-12-12,"950 ",022538,,4,1,5,2802,0,1,3,,1,022,"SR-29 N/B","LINCOLN AVE",1109.00,N,N,A,-,Y,NAP,,29," "," ",12.261,H,,R,N,4,0,1,3,A,-,07,21658,A,N,B,C,A,A,H,-,A,D,0,,,,Y,Y,,A,07,0,0,1,0,0,0,0,0,0,"- ","- ",38.309970855712891,-122.30552673339844,NAPA,NAPA,-122.30558013916016,38.309959411621094
94508233,2024,2024-12-18,9325,2024-11-30,2349,021449,,6,3,9,2800,0,2,4,,1,023,"TRANCAS STREET","SILVERADO TRAIL",41.00,E,N,A,-,N,,,,,,,,,,Y,4,0,1,1,A,-,03,22350,,N,E,8,A,A,H,-,C,D,0,,,,,Y,,A,01,0,0,1,0,0,0,0,0,0,"- ","- ",38.325050354003906,-122.2767333984375,NAPA,UNINCORPORATED,-122.27429962158203,38.325721740722656
94508234,2024,2024-12-18,9325,2024-12-09,1822,023257,,1,2,9,2800,0,1,3,,1,011,SR-29,SR-221,485.00,S,N,A,-,Y,NAP,,29," "," ",5.973,H,,R,Y,3,0,1,2,A,-,03,22350,,N,B,C,A,A,H,-,D,D,0,,,,,Y,,D,22,0,1,0,0,0,0,0,0,0,"- ","- ",38.239151000976562,-122.26631164550781,NAPA,UNINCORPORATED,-122.26619720458984,38.239231109619141
94510177,2024,2024-12-19,9325,2024-11-29,"510 ",023968,,5,3,9,2800,0,2,4,,1,042,"SILVERADO TRAIL","DUNAWEAL LN",5280.00,S,N,A,-,Y,,,,,,,,,,Y,2,0,2,1,A,-,08,22107,,N,F,I,A,A,H,-,D,D,0,,,,Y,Y,,F,21,2,0,0,0,0,0,0,0,0,"- ","- ",38.577201843261719,-122.53861999511719,NAPA,UNINCORPORATED,-122.53822326660156,38.576942443847656
94510297,2024,2024-12-19,9325,2024-12-11,1448,022560,,3,2,9,2800,0,3,5,,2,003,"WHITE COTTAGE RD  N","LIPARITA AVE",0.00,,Y,A,-,N,,,,,,,,,,Y,3,0,2,2,A,-,09,21802,A,N,A,C,A,A,H,-,A,A,0,,,,,Y,,A,07,0,2,0,0,0,0,0,0,0,"- ","- ",38.571830749511719,-122.45622253417969,NAPA,UNINCORPORATED,-122.45623779296875,38.571857452392578
94510495,2024,2024-12-19,9365,2024-12-18,1816,023302,,3,2,9,2800,0,2,4,,1,032,"AMERICAN CANYON ROAD","2120 AMERICAN CANYON ROAD",0.00,,Y,A,-,N,,,,,,,,,,N,4,0,1,2,A,-,09,21804,A,N,B,C,A,A,H,-,D,D,0,,,,,Y,,A,01,0,0,1,0,0,0,0,0,0,"- ","- ",38.162849426269531,-122.21794128417969,NAPA,UNINCORPORATED,-122.25559997558594,38.16558837890625
94510568,2024,2024-12-19,9325,2024-12-17,1635,020356,,2,2,5,2802,0,3,5,,2,004,"SILVERADO TRAIL","DUNAWEAL LN",0.00,,Y,A,-,N,,,,,,,,,,N,4,0,1,2,A,-,09,21800,B,N,A,C,A,A,H,-,A,A,0,,,,,Y,,A,07,0,0,1,0,0,0,0,0,0,"- ","- ",38.575939178466797,-122.55283355712891,NAPA,NAPA,-122.55276489257812,38.575855255126953
94513181,2024,2024-12-23,9325,2024-12-06,1730,024114,,5,2,9,2800,0,1,3,,1,011,"S/B SR-29","AIRPORT BLVD",1584.00,N,N,A,-,Y,NAP,,29," "," ",5.024,H,,R,N,4,0,2,2,A,-,08,22107,,N,B,C,A,A,H,-,B,D,0,,,,,Y,,D,22,0,0,2,0,0,0,0,0,0,"- ","- ",38.227691650390625,-122.25840759277344,NAPA,UNINCORPORATED,-122.25817108154297,38.227703094482422
94513226,2024,2024-12-23,9325,2024-12-17,1055,022562,,2,1,9,2800,0,1,3,,1,044,SR-29,"LIVERMORE RD",7920.00,S,N,B,-,Y,NAP,,29," "," ",46.265,H,,R,Y,4,0,1,2,A,-,05,21460,,N,D,C,A,B,H,-,A,D,0,,,,,Y,,A,07,0,0,1,0,0,0,0,0,0,"- ","- ",38.660610198974609,-122.59718322753906,NAPA,UNINCORPORATED,-122.59712982177734,38.660572052001953
94514275,2024,2024-12-23,9325,2024-12-12,1740,024114,,4,2,9,2800,0,1,3,,1,011,"N/B SR-29","NAPA VALLEY CORPORATE DR",718.00,N,N,B,-,Y,NAP,,29," ",R,6.798,H,,R,N,4,0,1,1,A,-,01,23152,F,N,E,J,A,B,H,-,D,D,0,,,,,Y,,A,01,0,0,1,0,0,0,0,0,0,"- ","- ",38.243358612060547,-122.27982330322266,NAPA,UNINCORPORATED,-122.27982330322266,38.243301391601562
94515121,2024,2024-12-24,9325,2024-12-17,1425,022540,,2,2,9,2800,0,1,3,,1,011,"SR-29 S/B","SOUTH KELLY ROAD",2376.00,N,N,A,-,Y,NAP,,29," "," ",4.123,H,,L,N,4,0,2,2,D,-,00,,,N,B,C,A,A,H,-,A,D,0,,,,,Y,,-,"- ",0,0,2,0,0,0,0,0,0,"- ","- ",38.214389801025391,-122.25691986083984,NAPA,UNINCORPORATED,-122.25685119628906,38.214397430419922
94517669,2024,2024-12-27,9325,2024-09-03,1640,020356,,2,2,9,2800,0,1,3,,1,011,"SR-29 S/B","SR-12 E/B",1228.00,N,N,A,-,N,,,,,,,,,,Y,4,0,1,3,A,-,00,20001,,F,C,C,A,A,H,-,A,D,0,,,,,Y,,-,99,0,0,1,0,0,0,0,0,0,"- ","- ",38.226631164550781,-122.25820159912109,NAPA,UNINCORPORATED,-122.25828552246094,38.226535797119141
94517832,2024,2024-12-27,9325,2024-12-19,1534,022562,,4,2,9,2800,0,3,5,,2,002,"BIG RANCH RD","OAK KNOLL AVE",2287.00,S,N,A,-,N,,,,,,,,,,Y,4,0,4,2,A,-,03,22350,,N,C,C,A,A,H,-,A,D,0,,,,,Y,,D,22,0,0,4,0,0,0,0,0,0,"- ","- ",38.356700897216797,-122.30903625488281,NAPA,UNINCORPORATED,-122.30950927734375,38.357288360595703
94518321,2024,2024-12-27,9325,2024-12-21,1240,021458,,6,1,9,2800,0,3,5,,2,001,"N. KELLY RD","CAMINO DORADO",600.00,S,N,B,C,N,,,,,,,,,,N,4,0,2,1,A,-,03,22350,,N,E,8,A,B,H,-,A,D,0,,,,,Y,,D,22,0,0,2,0,0,0,0,0,0,"- ","- ",38.229389190673828,-122.25389862060547,NAPA,UNINCORPORATED,-122.25379943847656,38.229427337646484
94521022,2024,2024-12-31,9325,2024-12-23,"735 ",018125,,1,1,9,2800,0,1,3,,1,041,SR-29,"EHLERS LN",1109.00,N,N,B,-,Y,NAP,,29," "," ",31.445,H,,R,Y,4,0,1,2,A,-,03,22350,,N,B,C,A,B,H,-,A,D,0,,,,,Y,,A,01,0,0,1,0,0,0,0,0,0,"- ","- ",38.532741546630859,-122.50480651855469,NAPA,UNINCORPORATED,-122.50481414794922,38.532741546630859
94522115,2024,2024-12-31,9325,2024-12-19,2230,023123,,4,3,9,2800,0,1,3,,2,071,SR-121,"OLD SONOMA RD",300.00,S,N,A,-,Y,NAP,,121," "," ",2.098,H,,R,N,2,0,1,1,A,-,08,22107,,N,E,8,A,A,H,-,D,D,0,,,,,Y,,D,22,1,0,0,0,0,0,0,0,0,"- ","- ",38.255710601806641,-122.34429168701172,NAPA,UNINCORPORATED,-122.34430694580078,38.255641937255859
94523850,2024,2025-01-02,9325,2024-12-25,1600,022562,,3,2,9,2800,0,1,3,,1,044,SR-29,"OLD LAWLY TOLL RD",5280.00,N,N,B,-,Y,NAP,,29," "," ",43.976,H,,R,Y,4,0,1,1,A,-,08,22107,,N,E,8,A,A,H,-,A,D,0,,,,,Y,,A,01,0,0,1,0,0,0,0,0,0,"- ","- ",38.644168853759766,-122.59233856201172,NAPA,UNINCORPORATED,-122.59227752685547,38.644100189208984
94523880,2024,2025-01-02,9325,2024-12-25,1700,022540,,3,2,9,2800,0,1,3,,1,011,SR-29,"AIRPORT BOULEVARD",150.00,N,N,A,-,Y,NAP,,29," "," ",4.743,H,,R,Y,4,0,1,2,A,-,07,21658,A,N,C,C,A,A,H,-,C,A,0,,,,,Y,,A,07,0,0,1,0,0,0,0,0,0,"- ","- ",38.223678588867188,-122.25801849365234,NAPA,UNINCORPORATED,-122.25782775878906,38.223690032958984
94523910,2024,2025-01-02,9325,2024-12-26,1640,022540,,4,2,9,2800,0,1,3,,1,030,SR-128,"CHILES POPE VALLEY",581.00,W,N,B,C,Y,NAP,,128," "," ",11.175,H,,R,Y,4,0,1,1,A,-,03,22350,,N,F,A,A,B,H,-,A,D,0,,,,,Y,,A,01,0,0,1,0,0,0,0,0,0,"- ","- ",38.488559722900391,-122.34918212890625,NAPA,UNINCORPORATED,-122.34922790527344,38.488601684570312
94529862,2024,2025-01-08,9325,2024-12-26,2150,023257,,4,2,9,2800,0,1,3,,1,041,SR-29,"BALE LN",739.00,S,N,C,-,Y,NAP,,29," "," ",32.712,H,,R,Y,3,0,1,1,A,-,03,22350,,N,E,I,A,B,C,-,D,D,0,,,,,Y,,A,07,0,1,0,0,0,0,0,0,0,"- ","- ",38.549240112304688,-122.51306915283203,NAPA,UNINCORPORATED,-122.51309967041016,38.549217224121094
94530137,2024,2025-01-08,9325,2024-12-13,2254,024114,,5,3,9,2800,0,1,3,,1,022,SR-29,"FIRST STREET",1210.00,S,N,C,-,Y,NAP,,29," "," ",11.322,H,,R,Y,3,0,2,1,A,-,01,23152,A,N,E,8,A,B,H,-,D,D,0,,,,,Y,Y,A,01,0,2,0,0,0,0,0,0,0,"- ","- ",38.296600341796875,-122.30201721191406,NAPA,UNINCORPORATED,-122.30174255371094,38.296627044677734
9453020,2022,2022-07-11,2800,2022-05-20,1456,250226,10201,5,5,2,2805,0,0,0,,0,001,"RT 29",BROADWAY,7.00,,N,A,-,Y,NAP,4,29,-,-,0.640,H,-,S,N,4,0,2,2,A,-,08,22107,,N,C,C,A,A,H,-,A,D,0,,,,Y,Y,,F,25,0,0,2,0,0,0,0,0,0,"- ","- ",,,NAPA,"AMERICAN CANYON",-122.25300598144531,38.164699554443359
94530603,2024,2025-01-08,9325,2024-12-24,"235 ",023968,,2,3,9,2800,0,1,3,,1,022,SR-29,"OAK KNOLL AVE",8448.00,N,N,A,-,Y,NAP,,29," "," ",17.196,H,,R,Y,3,0,1,1,A,-,08,22107,,N,E,8,A,A,H,-,D,D,0,,,,,Y,,D,22,0,1,0,0,0,0,0,0,0,"- ","- ",38.374641418457031,-122.34255218505859,NAPA,UNINCORPORATED,-122.34258270263672,38.374629974365234
9453061,2022,2022-06-28,2800,2022-05-31,1351,250479,10206,2,5,2,2805,0,0,0,,0,001,"GREEN ISLAND RD","DEVLIN RD",0.00,,Y,A,-,N,,,,,,,,,,,4,0,1,2,A,-,09,21802,A,N,D,C,A,A,H,-,A,D,0,,,,,Y,,A,01,0,0,1,0,0,0,0,0,0,"- ","- ",,,NAPA,"AMERICAN CANYON",-122.266822,38.195258000000003
9453065,2022,2022-06-15,2802,2022-05-25,1737,320553,36,3,5,5,2802,0,0,0,,0,01A,"SEMINARY ST","CALISTOGA AV",50.00,S,N,A,-,N,,,,,,,,,,Y,3,0,1,2,A,-,01,23152,A,N,B,E,A,A,H,-,A,A,0,,,,,Y,Y,A,07,0,1,0,0,0,0,0,0,0,"- ","- ",,,NAPA,NAPA,-122.29069519042969,38.299514770507812
94530679,2024,2025-01-08,9325,2024-12-27,1705,021458,,5,2,9,2800,0,2,4,,1,023,"SILVERADO TRAIL","YOUNTVILLE CROSS RD",3168.00,S,N,B,-,N,,,,,,,,,,Y,4,0,1,1,A,-,01,23152,A,N,E,9,A,B,H,-,B,A,0,,,,,Y,Y,D,22,0,0,1,0,0,0,0,0,0,"- ","- ",38.420749664306641,-122.33711242675781,NAPA,UNINCORPORATED,-122.3372802734375,38.419990539550781
94531239,2025,2025-01-09,9325,2025-01-02,"630 ",019329,,4,1,9,2800,0,1,3,,1,011,"SR-29 N/B","IMOLA AVE",3350.00,S,N,A,-,Y,NAP,,29," ",R,9.739,H,,R,N,4,0,1,4,A,-,17,23114,A,N,E,J,A,A,H,-,D,D,0,,,,,Y,,D,22,0,0,1,0,0,0,0,0,0,"- ","- ",38.272560119628906,-122.29852294921875,NAPA,UNINCORPORATED,-122.29854583740234,38.272560119628906
9453348,2022,2022-06-24,2802,2022-05-30,0855,320425,22,1,5,5,2802,0,0,0,,0,003,"JEFFERSON ST","PUEBLO AV",0.00,,Y,A,-,N,,,,,,,,,,N,4,0,2,2,D,-,00,,,N,B,C,A,A,H,-,A,A,0,,,,,Y,,-,"- ",0,0,2,0,0,0,0,0,0,"- ","- ",,,NAPA,NAPA,-122.29784393310547,38.315681457519531
94539137,2025,2025-01-15,9325,2025-01-06,2010,023968,,1,2,9,2800,0,3,5,,1,008,"CHILES POPE VALLEY RD","BARNETT RD",1030.00,W,N,A,-,N,,,,,,,,,,Y,4,0,1,1,A,-,08,22107,,N,E,I,A,A,H,-,D,D,0,,,,,Y,,D,22,0,0,1,0,0,0,0,0,0,"- ","- ",38.617828369140625,-122.42050933837891,NAPA,UNINCORPORATED,-122.42030334472656,38.617759704589844
94539139,2024,2026-01-20,9325,2024-03-16,"410 ",022540,,6,3,9,2800,0,2,4,,1,023,"SILVERADO TRAIL","OAK KNOLL AVENUE",4752.00,N,N,A,-,N,,,,,,,,,,Y,1,1,0,2,A,-,00,21905,B,N,G,B,E,A,H,-,D,D,0,Y,,,,Y,Y,N,60,0,0,0,1,0,0,0,0,0,"- ","- ",38.380851745605469,-122.31046295166016,NAPA,UNINCORPORATED,-122.31033325195312,38.380702972412109
94540159,2025,2025-01-16,9325,2025-01-13,"650 ",019190,,1,1,9,2800,0,2,4,,2,032,"SILVERADO TRAIL","YOUNTVILLE CROSS ROAD",1320.00,N,N,B,-,N,,,,,,,,,,Y,4,0,1,2,A,-,03,22350,,N,C,C,A,A,H,-,A,D,0,,,,,Y,,A,07,0,0,1,0,0,0,0,0,0,"- ","- ",38.430660247802734,-122.34484100341797,NAPA,UNINCORPORATED,-122.34430694580078,38.4302978515625
94540172,2025,2025-01-16,9325,2025-01-14,1815,022538,,2,2,9,2800,0,1,3,,1,011,"AIRPORT BLVD","SR-29 S/B",0.00,,Y,A,-,Y,NAP,,29," "," ",4.680,H,,L,N,4,0,1,2,A,-,03,22350,,N,C,C,A,A,H,-,C,D,0,,,,,Y,,A,07,0,0,1,0,0,0,0,0,0,"- ","- ",38.2227783203125,-122.25811004638672,NAPA,UNINCORPORATED,-122.25798034667969,38.222785949707031
94540514,2024,2025-01-16,9325,2024-01-19,2310,023148,,5,3,9,2800,0,2,4,,1,042,"SILVERADO TRAIL N","CLOVER FLAT ROAD",3161.00,N,N,C,-,N,,,,,,,,,,Y,1,1,1,1,A,-,08,22107,,N,E,8,A,B,H,-,D,D,0,,,,,Y,,A,07,0,0,1,0,0,0,0,0,0,"- ","- ",38.575698852539062,-122.53994750976562,NAPA,UNINCORPORATED,-122.54026031494141,38.576641082763672
94543906,2025,2025-01-21,9325,2025-01-08,1615,018379,,3,2,9,2800,0,2,4,,1,023,"SILVERADO TRAIL","YOUNTVILLE CROSS RD",6600.00,S,N,A,-,N,,,,,,,,,,N,2,0,1,1,A,-,08,22107,,N,E,8,A,A,H,-,A,D,0,,,,,Y,Y,A,01,1,0,0,0,0,0,0,0,0,"- ","- ",38.412929534912109,-122.33518981933594,NAPA,UNINCORPORATED,-122.33395385742188,38.411060333251953
9454459,2022,2022-07-27,2802,2022-06-26,1829,320488,34,7,5,5,2802,0,0,0,,0,04B,"FREEWAY DR","500 FACTORY STORES DR",140.00,N,N,A,-,N,,,,,,,,,,Y,2,0,3,2,A,-,01,23153,A,N,C,C,A,A,H,-,A,A,0,,,,,Y,Y,A,01,1,0,2,0,0,0,0,0,0,"- ","- ",,,NAPA,NAPA,-122.30326080322266,38.298736572265625
9454463,2022,2022-11-14,2802,2022-06-30,1542,320553,26,4,5,5,2802,0,0,0,,0,01A,"PUEBLO AV","STADIUM AV",0.00,,N,A,-,N,,,,,,,,,,Y,4,0,1,2,A,-,03,22350,,N,C,C,A,A,H,-,A,D,0,,,,,Y,,D,22,0,0,1,0,0,0,0,0,0,"- ","- ",,,NAPA,NAPA,-122.30047607421875,38.315196990966797
9454602,2022,2022-07-25,2803,2022-05-29,1432,91,,7,5,2,2803,0,0,0,,0,,"EDWARDS ST","HUNT AV",264.00,S,N,A,-,N,,,,,,,,,,Y,3,0,1,1,C,-,18,,,N,E,I,A,A,H,-,A,D,0,,,,,Y,,-,"- ",0,1,0,0,0,0,0,0,0,"- ","- ",38.505481719970703,-122.46642303466797,NAPA,"SAINT HELENA",-122.46672058105469,38.505294799804688
94546255,2025,2025-01-22,9325,2025-01-11,1755,023980,,6,2,9,2800,0,3,5,,2,002,"HENRY RD","BUHMAN AVE",1162.00,W,N,A,-,N,,,,,,,,,,N,3,0,1,1,A,-,08,22107,,N,E,I,A,A,H,-,A,D,0,,,,,Y,,A,07,0,1,0,0,0,0,0,0,0,"- ","- ",38.272651672363281,-122.3385009765625,NAPA,UNINCORPORATED,-122.33815765380859,38.272575378417969
94547220,2025,2025-01-23,9325,2025-01-15,"815 ",017746,,3,1,9,2800,0,2,4,,2,032,"SILVERADO TRAIL","DEER PARK ROAD",528.00,S,N,A,-,N,,,,,,,,,,Y,4,0,1,3,A,-,03,22350,,N,C,C,A,A,H,-,A,D,0,,,,,Y,,A,07,0,0,1,0,0,0,0,0,0,"- ","- ",38.523868560791016,-122.47937774658203,NAPA,UNINCORPORATED,-122.47976684570312,38.524085998535156
94549137,2025,2025-01-24,9325,2025-01-16,2340,022538,,4,3,5,2802,0,1,3,,1,022,"SR-29 N/B TO LINCOLN AVE E/B","LINCOLN AVE",131.00,S,N,A,-,Y,,,,,,,,,,N,2,0,1,1,A,-,01,23152,A,N,E,8,A,A,H,-,D,D,0,,,Y,,Y,Y,C,02,1,0,0,0,0,0,0,0,1,"- ","- ",38.306541442871094,-122.3040771484375,NAPA,NAPA,-122.30455780029297,38.30645751953125
94549155,2025,2025-01-24,9325,2025-01-17,1435,023257,,5,2,9,2800,0,3,5,,2,001,"AIRPORT RD","AIRPORT BLVD",419.00,S,N,A,-,N,,,,,,,,,,Y,3,0,2,2,A,-,21,22106,,N,B,C,A,A,H,-,A,D,0,,,,,Y,,D,22,0,2,0,0,0,0,0,0,0,"- ","- ",38.218288421630859,-122.27249908447266,NAPA,UNINCORPORATED,-122.27337646484375,38.218860626220703
94551865,2025,2025-01-28,9325,2025-01-17,1055,021740,,5,1,9,2800,0,3,5,,2,004,"POPE VALLEY RD","AETNA SPRINGS RD",325.00,S,N,A,-,N,,,,,,,,,,Y,3,0,1,1,A,-,03,22350,,N,E,8,A,A,H,-,A,D,0,,,,,Y,,D,22,0,1,0,0,0,0,0,0,0,"- ","- ",38.653579711914062,-122.46523284912109,NAPA,UNINCORPORATED,-122.46517944335938,38.653545379638672
94552159,2025,2025-01-28,9325,2025-01-22,"720 ",017938,,3,1,9,2800,0,3,5,,2,002,"MT. VEEDER ROAD","1723 MT. VEEDER ROAD",150.00,S,N,A,-,Y,,,,,,,,,,N,3,0,1,1,A,-,03,22350,,N,E,I,A,C,H,-,A,D,0,,,,,Y,,D,22,0,1,0,0,0,0,0,0,0,"- ","- ",38.359958648681641,-122.38838195800781,NAPA,UNINCORPORATED,,
9455220,2022,2022-08-01,2803,2022-06-24,1018,21,,5,5,2,2803,0,0,0,,0,,"MAIN ST","MADRONA AV",146.00,N,N,A,-,Y,NAP,4,29,-,-,28.970,H,-,S,N,4,0,1,2,A,-,03,22350,,N,C,C,A,A,H,-,A,A,0,,,,,Y,Y,I,09,0,0,1,0,0,0,0,0,0,"- ","- ",38.505630493164062,-122.47026062011719,NAPA,"SAINT HELENA",-122.47368621826172,38.507305145263672