CASE_ID,ACCIDENT_YEAR,PROC_DATE,JURIS,COLLISION_DATE,COLLISION_TIME,OFFICER_ID,REPORTING_DISTRICT,DAY_OF_WEEK,CHP_SHIFT,POPULATION,CNTY_CITY_LOC,SPECIAL_COND,BEAT_TYPE,CHP_BEAT_TYPE,CITY_DIVISION_LAPD,CHP_BEAT_CLASS,BEAT_NUMBER,PRIMARY_RD,SECONDARY_RD,DISTANCE,DIRECTION,INTERSECTION,WEATHER_1,WEATHER_2,STATE_HWY_IND,CALTRANS_COUNTY,CALTRANS_DISTRICT,STATE_ROUTE,ROUTE_SUFFIX,POSTMILE_PREFIX,POSTMILE,LOCATION_TYPE,RAMP_INTERSECTION,SIDE_OF_HWY,TOW_AWAY,COLLISION_SEVERITY,NUMBER_KILLED,NUMBER_INJURED,PARTY_COUNT,PRIMARY_COLL_FACTOR,PCF_CODE_OF_VIOL,PCF_VIOL_CATEGORY,PCF_VIOLATION,PCF_VIOL_SUBSECTION,HIT_AND_RUN,TYPE_OF_COLLISION,MVIW,PED_ACTION,ROAD_SURFACE,ROAD_COND_1,ROAD_COND_2,LIGHTING,CONTROL_DEVICE,CHP_ROAD_TYPE,PEDESTRIAN_ACCIDENT,BICYCLE_ACCIDENT,MOTORCYCLE_ACCIDENT,TRUCK_ACCIDENT,NOT_PRIVATE_PROPERTY,ALCOHOL_INVOLVED,STWD_VEHTYPE_AT_FAULT,CHP_VEHTYPE_AT_FAULT,COUNT_SEVERE_INJ,COUNT_VISIBLE_INJ,COUNT_COMPLAINT_PAIN,COUNT_PED_KILLED,COUNT_PED_INJURED,COUNT_BICYCLIST_KILLED,COUNT_BICYCLIST_INJURED,COUNT_MC_KILLED,COUNT_MC_INJURED,PRIMARY_RAMP,SECONDARY_RAMP,LATITUDE,LONGITUDE,COUNTY,CITY,POINT_X,POINT_Y
9622312,2023,2023-12-16,2802,2023-10-14,1258,320553,2802,6,5,5,2802,0,0,0,,0,001,"PUEBLO AV","JEFFERSON ST",0.00,,Y,A,B,N,,,,,,,,,,Y,3,0,1,2,A,-,09,21801,A,N,A,C,A,A,H,-,A,A,0,,,,,Y,,A,01,0,1,0,0,0,0,0,0,0,"- ","- ",38.315528869628906,-122.19776153564453,NAPA,NAPA,-122.29784393310547,38.315681457519531
9622314,2023,2023-12-16,2802,2023-10-08,1145,205,,7,5,5,2802,0,0,0,,0,,"LINCOLN AV","CALIFORNIA BL",0.00,,Y,A,-,N,,,,,,,,,,N,3,0,1,2,A,-,21,22106,,F,C,C,A,A,H,-,A,A,0,,,,,Y,,-,,0,1,0,0,0,0,0,0,0,"- ","- ",38.30718994140625,-122.30239105224609,NAPA,NAPA,-122.30245971679688,38.307178497314453
9622383,2023,2023-12-30,2802,2023-10-11,1315,320582,,3,5,5,2802,0,0,0,,0,003,"SILVERADO TRL","HAGEN RD",515.00,S,N,A,-,N,,,,,,,,,,Y,2,0,3,2,A,-,03,22350,,N,C,C,A,A,H,-,A,D,0,,,,,Y,,I,11,1,2,0,0,0,0,0,0,0,"- ","- ",38.320381164550781,-122.17185974121094,NAPA,NAPA,-122.27288055419922,38.319355010986328
9622827,2023,2023-11-30,2802,2023-10-16,1021,320582,,1,5,5,2802,0,0,0,,0,004,"SOLANO AV","REDWOOD RD",0.00,,Y,A,-,N,,,,,,,,,,N,3,0,1,2,A,-,12,21453,A,N,D,G,A,A,H,-,A,A,0,,Y,,,Y,,L,04,0,1,0,0,0,0,1,0,0,"- ","- ",38.320968627929688,-122.31025695800781,NAPA,NAPA,-122.31027984619141,38.320999145507812
9622828,2023,2023-11-30,2802,2023-10-16,"815 ",320582,,1,5,5,2802,0,0,0,,0,004,"SCENIC DR","PINEWOOD DR",0.00,,Y,A,-,N,,,,,,,,,,Y,3,0,1,2,A,-,08,22107,,N,D,C,A,A,H,-,A,D,0,,,,,Y,,A,01,0,1,0,0,0,0,0,0,0,"- ","- ",38.307338714599609,-122.32755279541016,NAPA,NAPA,-122.32752990722656,38.307319641113281
9622851,2023,2023-11-07,2802,2023-09-24,"41  ",250,,7,5,5,2802,0,0,0,,0,003,"TRANCAS ST","CALIFORNIA BL",247.00,E,N,A,-,N,,,,,,,,,,N,4,0,1,2,A,-,04,21703,,N,C,C,A,A,H,-,C,D,0,,,,,Y,,A,01,0,0,1,0,0,0,0,0,0,"- ","- ",38.321811676025391,-122.30580902099609,NAPA,NAPA,-122.30501556396484,38.321945190429688
9623364,2023,2023-12-13,2802,2023-10-22,"35  ",248,,7,5,5,2802,0,0,0,,0,001,"POLK ST","JEFFERSON ST",50.00,E,N,A,-,N,,,,,,,,,,Y,3,0,1,2,A,-,01,23152,A,N,C,E,A,A,H,-,C,A,0,,,,,Y,Y,D,22,0,1,0,0,0,0,0,0,0,"- ","- ",,,NAPA,NAPA,-122.29296112060547,38.299060821533203
9623367,2023,2023-12-13,2802,2023-10-17,1026,320582,,2,5,5,2802,0,0,0,,0,002,"SOSCOL AV","SHELTER AV",140.00,N,N,A,-,N,,,,,,,,,,N,3,0,1,2,A,-,21,22106,,N,C,C,A,A,H,-,A,A,0,,,,,Y,,D,22,0,1,0,0,0,0,0,0,0,"- ","- ",38.307468414306641,-122.28502655029297,NAPA,NAPA,-122.27433013916016,38.282802581787109
9623371,2023,2023-12-12,2802,2023-10-27,1809,320582,,5,5,5,2802,0,0,0,,0,004,"REDWOOD RD","SOLANO AV",55.00,W,N,A,-,N,,,,,,,,,,Y,3,0,2,2,A,-,03,22350,,N,C,C,A,A,H,-,A,A,0,,,,,Y,,A,01,0,2,0,0,0,0,0,0,0,"- ","- ",38.320899963378906,-122.21015930175781,NAPA,NAPA,-122.31047058105469,38.320968627929688
9623375,2023,2023-12-12,2802,2023-10-18,1118,320582,,3,5,5,2802,0,0,0,,0,003,"SOSCAL AV","PEAR TREE LN",185.00,N,N,A,-,N,,,,,,,,,,Y,3,0,1,2,A,-,09,21804,A,N,D,C,A,A,H,-,A,D,0,,,,,Y,,D,22,0,1,0,0,0,0,0,0,0,"- ","- ",38.322940826416016,-122.28733825683594,NAPA,NAPA,-122.28782653808594,38.323280334472656
9623837,2023,2023-12-18,2802,2023-11-03,2149,320582,,5,5,5,2802,0,0,0,,0,001,"3RD ST","RANDOLPH ST",0.00,,Y,A,-,N,,,,,,,,,,N,2,0,1,2,A,-,10,21950,A,N,G,B,B,A,H,-,C,A,0,Y,,,,Y,Y,A,01,1,0,0,0,1,0,0,0,0,"- ","- ",38.296680450439453,-122.28665161132812,NAPA,NAPA,-122.28664398193359,38.296657562255859
9623838,2023,2023-12-18,2802,2023-11-09,"35  ",175,2802,4,5,5,2802,0,0,0,,0,002,"SHURTLEFF AV","PEPPERGRASS ST",50.00,N,N,A,-,N,,,,,,,,,,Y,3,0,1,1,A,-,01,23152,A,N,E,I,A,A,H,-,C,D,0,,,,,Y,Y,A,01,0,1,0,0,0,0,0,0,0,"- ","- ",38.290058135986328,-122.265380859375,NAPA,NAPA,,
9623875,2023,2024-01-25,2802,2023-11-05,1436,320553,2802,7,5,5,2802,0,0,0,,0,001,"SOSCOL AV","CLINTON ST",0.00,,Y,B,-,N,,,,,,,,,,N,4,0,1,2,A,-,05,21202,,N,A,G,A,A,H,-,A,A,0,,Y,,,Y,,L,04,0,0,1,0,0,0,1,0,0,"- ","- ",38.302448272705078,-122.28485107421875,NAPA,NAPA,-122.28485870361328,38.302417755126953
9624985,2023,2023-09-21,2802,2023-08-30,"619 ",246,,3,5,5,2802,0,0,0,,0,,"RT 29","TROWER AV",424.00,S,N,A,-,Y,NAP,4,29,-,-,13.780,H,-,N,N,3,0,1,2,A,-,03,22350,,N,C,C,A,A,H,-,A,D,0,,,,,Y,,A,07,0,1,0,0,0,0,0,0,0,"- ","- ",,,NAPA,NAPA,-122.31631469726562,38.329788208007812
9625104,2023,2023-10-05,2801,2023-08-08,"705 ",147,1,2,5,2,2801,0,0,0,,0,,"RT 29","SILVERADO TRL",65.00,S,N,A,-,Y,NAP,4,29,-,-,37.890,H,-,S,Y,3,0,1,2,A,-,03,22350,,N,C,C,A,A,H,-,A,D,0,,,,,Y,,A,01,0,1,0,0,0,0,0,0,0,"- ","- ",38.587070465087891,-122.57685089111328,NAPA,CALISTOGA,-122.57733917236328,38.588821411132812
9625243,2023,2023-10-23,2802,2023-09-17,2100,320553,2802,7,5,5,2802,0,0,0,,0,004,"RT 29","SALVADOR AV",1050.00,N,N,A,-,Y,NAP,4,29,-,-,14.750,H,-,S,Y,2,0,1,1,A,-,08,22107,,N,E,J,A,A,H,-,D,D,0,,,Y,,Y,,C,02,1,0,0,0,0,0,0,0,1,"- ","- ",38.339561462402344,-122.22239685058594,NAPA,NAPA,-122.32589721679688,38.342227935791016
9625969,2023,2023-10-21,2802,2023-09-02,2040,216,,6,5,5,2802,0,0,0,,0,001,"SOUTH JEFFERSON ST","RIVER PARK BL",0.00,,Y,A,-,N,,,,,,,,,,Y,2,0,3,3,A,-,12,22450,A,N,D,E,A,A,H,-,C,A,0,,,,Y,Y,Y,F,26,2,1,0,0,0,0,0,0,0,"- ","- ",,,NAPA,NAPA,-122.29293823242188,38.277927398681641
9626347,2023,2023-10-17,2802,2023-09-29,1233,320553,2802,5,5,5,2802,0,0,0,,0,001,"3RD ST","SEMINARY ST",0.00,,Y,A,B,N,,,,,,,,,,N,4,0,1,2,A,-,09,21802,A,N,D,C,A,A,H,-,A,A,0,,,,,Y,,A,01,0,0,1,0,0,0,0,0,0,"- ","- ",38.29547119140625,-122.29141998291016,NAPA,NAPA,-122.29140472412109,38.295459747314453
9626997,2023,2023-10-05,2802,2023-08-27,2336,241,,7,5,5,2802,0,0,0,,0,004,"ELM ST","FREEWAY DR",0.00,,Y,A,-,N,,,,,,,,,,N,3,0,1,2,A,-,01,23152,A,N,D,E,A,A,H,-,C,D,0,,,,,Y,Y,D,22,0,1,0,0,0,0,0,0,0,"- ","- ",38.289901733398438,-122.30196380615234,NAPA,NAPA,-122.30197143554688,38.289817810058594
9627222,2023,2023-10-18,2802,2023-09-04,1348,320582,,1,5,5,2802,0,0,0,,0,003,"SOSCOL AV","PEAR TREE LN",0.00,,Y,A,-,N,,,,,,,,,,Y,3,0,2,2,D,-,00,,,N,D,C,A,-,H,-,A,A,0,,,,,Y,,-,"- ",0,2,0,0,0,0,0,0,0,"- ","- ",38.322769165039062,-122.18720245361328,NAPA,NAPA,-122.287353515625,38.32293701171875
9627447,2023,2023-10-05,2802,2023-07-09,"807 ",250,,7,5,5,2802,0,0,0,,0,001,"BROWN ST","NAPA ST",0.00,,Y,B,-,N,,,,,,,,,,N,3,0,1,2,A,-,09,21801,A,N,D,C,A,A,H,-,A,D,0,,,,,Y,,A,01,0,1,0,0,0,0,0,0,0,"- ","- ",38.302261352539062,-122.28916168212891,NAPA,NAPA,-122.28919219970703,38.302234649658203
9628290,2023,2023-10-31,2802,2023-09-22,"947 ",248,,5,5,5,2802,0,0,0,,0,002,"SOSCOL AV","KANSAS AV",0.00,,Y,A,-,Y,NAP,4,121,-,-,6.350,I,5,S,N,3,0,1,2,D,-,00,,,N,D,G,A,A,H,-,A,A,0,,Y,,,Y,,-,"- ",0,1,0,0,0,0,1,0,0,"- ","- ",38.285011291503906,-122.17469024658203,NAPA,NAPA,-122.27459716796875,38.28521728515625
9631615,2023,2024-01-23,2802,2023-11-04,1938,320553,FF280,6,5,5,2802,0,0,0,,0,004,"FREEWAY DR","COLINA CT",475.00,S,N,A,-,N,,,,,,,,,,Y,3,0,2,6,A,-,03,22350,,F,G,B,E,A,H,-,C,A,0,Y,,,,Y,,D,22,0,2,0,0,2,0,0,0,0,"- ","- ",38.284339904785156,-122.30098724365234,NAPA,NAPA,-122.30152130126953,38.283138275146484
9631642,2023,2024-03-08,2802,2023-11-08,1458,320582,,3,5,5,2802,0,0,0,,0,003,"SOSCOL AV","SHETLER AV",380.00,N,N,A,-,Y,NAP,4,121,-,-,6.230,H,-,N,Y,3,0,1,4,A,-,03,22350,,N,C,A,A,A,H,-,A,A,0,,,,Y,Y,,A,01,0,1,0,0,0,0,0,0,0,"- ","- ",38.307468414306641,-122.28502655029297,NAPA,NAPA,-122.27438354492188,38.283523559570312
9631646,2023,2023-12-11,2802,2023-06-06,1642,235,,2,5,5,2802,0,0,0,,0,,"SILVERADO TRL","LINCOLN AV",150.00,N,N,A,-,N,,,,,,,,,,N,4,0,4,2,A,-,03,22350,,F,C,C,A,A,H,-,A,A,0,,,,,Y,,D,22,0,0,4,0,0,0,0,0,0,"- ","- ",38.310569763183594,-122.27644348144531,NAPA,NAPA,-122.2764892578125,38.310588836669922
9631690,2023,2024-01-23,2802,2023-11-13,2148,248,,1,5,5,2802,0,0,0,,0,001,"JEFFERSON ST","JEFFERSON ST 1415",10.00,E,N,A,-,N,,,,,,,,,,Y,3,0,1,1,A,-,08,22107,,N,E,I,A,A,H,-,C,A,0,,,,,Y,Y,A,01,0,1,0,0,0,0,0,0,0,"- ","- ",,,NAPA,NAPA,-122.30120086669922,38.324214935302734
9635013,2023,2023-12-26,2802,2023-11-13,1518,224,,1,5,5,2802,0,0,0,,0,001,"OLD SONOMA RD","SEYMOUR ST",445.00,W,N,A,-,N,,,,,,,,,,N,2,0,1,2,A,-,10,21950,A,N,G,B,B,A,H,-,A,A,0,Y,,,,Y,,A,01,1,0,0,0,1,0,0,0,0,"- ","- ",38.287628173828125,-122.19789886474609,NAPA,NAPA,-122.29940032958984,38.287757873535156
9635014,2023,2023-12-26,2802,2023-11-27,"814 ",320582,,1,5,5,2802,0,0,0,,0,003,"JEFFERSON ST","RUBICON ST",0.00,,Y,A,-,N,,,,,,,,,,N,3,0,1,2,A,-,08,22107,,N,G,B,D,A,H,-,A,A,0,Y,,,,Y,,A,01,0,1,0,0,1,0,0,0,0,"- ","- ",38.324291229248047,-122.30123138427734,NAPA,NAPA,-122.30122375488281,38.324241638183594
9635015,2023,2023-12-27,2802,2023-11-20,2015,320577,,1,5,5,2802,0,0,0,,0,002,"SOSCOL AV","KANSAS AV",0.00,,Y,A,-,N,,,,,,,,,,N,4,0,3,3,A,-,12,21453,A,N,D,C,A,A,H,-,C,A,0,,,,,Y,,A,01,0,0,3,0,0,0,0,0,0,"- ","- ",38.31024169921875,-122.28518676757812,NAPA,NAPA,-122.27462768554688,38.285179138183594
9635016,2023,2023-12-22,2802,2023-11-26,1254,320553,2802,7,5,5,2802,0,0,0,,0,001,"SOSCOL AV","3RD ST",385.00,N,N,A,-,N,,,,,,,,,,N,4,0,1,2,A,-,08,22107,,N,B,G,A,A,H,-,A,A,0,,Y,,,Y,,L,04,0,0,1,0,0,0,1,0,0,"- ","- ",38.298561096191406,-122.28230285644531,NAPA,NAPA,-122.28299713134766,38.299468994140625
9635017,2023,2023-12-22,2802,2023-11-26,1934,320553,2802,7,5,5,2802,0,0,0,,0,,"LINDA VISTA AV","CHAUDHARY CT",20.00,S,N,A,-,N,,,,,,,,,,Y,3,0,1,3,A,-,08,22107,,N,C,E,A,A,H,-,C,A,0,,,,,Y,,A,07,0,1,0,0,0,0,0,0,0,"- ","- ",38.326301574707031,-122.22406005859375,NAPA,NAPA,-122.32413482666016,38.3262939453125
9635018,2023,2023-12-22,2802,2023-11-26,1805,320553,2802,7,5,5,2802,0,0,0,,0,001,"MAIN ST","YOUNT ST",120.00,S,N,A,-,N,,,,,,,,,,N,4,0,1,2,A,-,06,21750,,F,A,G,A,A,H,-,C,A,0,,Y,,,Y,,-,99,0,0,1,0,0,0,1,0,0,"- ","- ",38.304088592529297,-122.28941345214844,NAPA,NAPA,-122.28920745849609,38.303775787353516
9635019,2023,2023-12-22,2802,2023-11-15,1522,320577,,3,5,5,2802,0,0,0,,0,001,"COOMBS ST","LOLA LN",0.00,,Y,B,-,N,,,,,,,,,,N,3,0,1,2,A,-,09,21804,A,N,D,G,A,A,H,-,A,A,0,,Y,,,Y,Y,L,04,0,1,0,0,0,0,1,0,0,"- ","- ",,,NAPA,NAPA,-122.28660000000001,38.29813
9635020,2023,2023-12-22,2802,2023-11-22,"802 ",320582,,3,5,5,2802,0,0,0,,0,002,"SOSCOL AV","PUEBLO AV",185.00,N,N,A,-,N,,,,,,,,,,Y,2,0,1,2,A,-,08,22107,,N,A,C,A,A,H,-,A,A,0,,,Y,,Y,,A,01,1,0,0,0,0,0,0,0,1,"- ","- ",38.317878723144531,-122.28510284423828,NAPA,NAPA,-122.28518676757812,38.318477630615234
9635022,2023,2024-01-23,2802,2023-11-19,1237,320577,,7,5,5,2802,0,0,0,,0,004,"FREEWAY DR","OLDSONOMA RD",0.00,,Y,A,-,N,,,,,,,,,,,3,0,5,2,A,-,09,21802,A,N,D,C,A,A,H,-,A,A,0,,,,,Y,,A,01,0,2,3,0,0,0,0,0,0,"- ","- ",38.287670135498047,-122.3013916015625,NAPA,NAPA,-122.30152893066406,38.288215637207031
9635023,2023,2024-01-23,2802,2023-11-16,1100,320425,,4,5,5,2802,0,0,0,,0,001,"JEFFERSON ST","CALISTOGA AV",0.00,,Y,B,-,N,,,,,,,,,,,3,0,1,2,A,-,12,22450,A,N,G,B,B,A,H,-,A,A,0,Y,,,,Y,,A,01,0,1,0,0,1,0,0,0,0,"- ","- ",38.299900054931641,-122.29309844970703,NAPA,NAPA,-122.2930908203125,38.299896240234375
9635052,2023,2023-12-21,2802,2023-11-12,2322,228,,7,5,5,2802,0,0,0,,0,,"YAJOME ST","LINCOLN AV",0.00,,Y,A,-,N,,,,,,,,,,N,2,0,1,2,A,-,05,21651,B,N,A,G,A,A,H,-,C,D,0,,Y,,,Y,,L,04,1,0,0,0,0,0,1,0,0,"- ","- ",38.309230804443359,-122.29109191894531,NAPA,NAPA,-122.29133605957031,38.309192657470703
9635526,2023,2024-01-12,2802,2023-11-23,"931 ",320582,,4,5,5,2802,0,0,0,,0,004,"WINE COUNTRY AV","MALAGA WY",60.00,E,N,A,-,N,,,,,,,,,,Y,3,0,1,1,A,-,08,22107,,N,E,I,A,B,H,-,A,A,0,,,,,Y,,I,11,0,1,0,0,0,0,0,0,0,"- ","- ",38.331378936767578,-122.33244323730469,NAPA,NAPA,-122.33222961425781,38.331424713134766
9635530,2023,2024-01-12,2802,2023-11-06,"824 ",226,2802,1,5,5,2802,0,0,0,,0,002,"SILVERADO TRL","SARATOGA DR",176.00,N,N,A,-,N,,,,,,,,,,N,4,0,1,2,A,-,09,21804,A,N,D,C,A,A,H,-,A,A,0,,,,,Y,,A,01,0,0,1,0,0,0,0,0,0,"- ","- ",38.291179656982422,-122.17507934570312,NAPA,NAPA,-122.27513122558594,38.291797637939453
9635538,2023,2024-01-12,2802,2023-11-30,1226,320553,2802,4,5,5,2802,0,0,0,,0,001,"MAIN ST","YOUNT ST",0.00,,Y,A,-,N,,,,,,,,,,Y,3,0,2,2,A,-,12,22450,A,N,D,C,A,A,H,-,A,A,0,,,,,Y,,D,22,0,2,0,0,0,0,0,0,0,"- ","- ",38.303920745849609,-122.18943023681641,NAPA,NAPA,-122.28943634033203,38.304054260253906
9635546,2023,2024-01-12,2802,2023-11-30,1852,320553,2802,4,5,5,2802,0,0,0,,0,002,"3RD ST","BURNELL ST",70.00,W,N,A,-,N,,,,,,,,,,Y,3,0,2,2,A,-,01,23152,A,N,A,C,A,A,H,-,C,A,0,,,,,Y,Y,A,07,0,2,0,0,0,0,0,0,0,"- ","- ",38.298900604248047,-122.28014373779297,NAPA,NAPA,-122.28038787841797,38.298866271972656
9635632,2023,2024-02-27,2802,2023-12-09,1712,320553,,6,5,5,2802,0,0,0,,0,004,"SOLANO AV","DEVONSHIRE DR",675.00,S,N,A,-,N,,,,,,,,,,Y,3,0,1,2,A,-,09,21804,A,N,D,C,A,A,A,-,C,A,0,,,,,Y,,A,01,0,1,0,0,0,0,0,0,0,"- ","- ",38.326808929443359,-122.31439208984375,NAPA,NAPA,-122.31304931640625,38.325313568115234
9635633,2023,2024-02-27,2802,2023-12-14,"838 ",320582,,4,5,5,2802,0,0,0,,0,003,"JEFFERSON ST","RUBICON ST",197.00,S,N,A,-,N,,,,,,,,,,N,3,0,2,2,A,-,04,21703,,N,C,C,A,A,H,-,A,A,0,,,,,Y,,A,07,0,2,0,0,0,0,0,0,0,"- ","- ",38.324291229248047,-122.30123138427734,NAPA,NAPA,-122.30085754394531,38.323780059814453
9635652,2023,2023-12-27,2802,2023-11-22,"855 ",320425,,3,5,5,2802,0,0,0,,0,001,"3RD ST","SCHOOL ST",30.00,W,N,B,-,N,,,,,,,,,,N,3,0,1,2,A,-,08,22107,,N,G,B,E,A,H,-,A,A,0,Y,,,,Y,,A,01,0,1,0,0,1,0,0,0,0,"- ","- ",38.295680999755859,-122.18831634521484,NAPA,NAPA,-122.28838348388672,38.2957763671875
9635654,2023,2023-12-27,2802,2023-11-15,1327,320582,,3,5,5,2802,0,0,0,,0,001,"JEFFERSON ST","ATRIUM PKY",50.00,N,N,A,-,N,,,,,,,,,,Y,3,0,2,1,A,-,08,22107,,F,E,I,A,A,H,-,A,A,0,,,,,Y,,A,01,0,2,0,0,0,0,0,0,0,"- ","- ",34.276050567626953,-122.29273223876953,NAPA,NAPA,-122.29267120361328,38.276168823242188
9635655,2023,2023-12-27,2802,2023-11-30,"950 ",225,2509,4,5,5,2802,0,0,0,,0,001,"LINCOLN AV","CALIFORNIA BL",165.00,E,N,A,-,N,,,,,,,,,,N,3,0,1,2,A,-,05,21202,,N,D,G,A,A,H,-,A,D,0,,Y,,,Y,,L,04,0,1,0,0,0,0,1,0,0,"- ","- ",38.30718994140625,-122.30239105224609,NAPA,NAPA,-122.30190277099609,38.307292938232422
9635954,2023,2024-02-17,2802,2023-12-18,1115,320582,,1,5,5,2802,0,0,0,,0,002,"3RD ST","SILVERADO TRL",0.00,,Y,C,-,N,,,,,,,,,,N,3,0,1,2,A,-,10,21950,A,N,G,B,B,B,H,-,A,A,0,Y,,,,Y,,A,01,0,1,0,0,1,0,0,0,0,"- ","- ",38.299541473388672,-122.27591705322266,NAPA,NAPA,-122.27593231201172,38.299552917480469
9636067,2023,2024-02-27,2802,2023-12-09,"859 ",252,,6,5,5,2802,0,0,0,,0,,"SILVERADO TRL","1ST ST",0.00,,Y,A,-,N,,,,,,,,,,Y,4,0,1,2,A,-,12,21453,A,N,D,C,A,A,H,-,A,A,0,,,,,Y,,D,22,0,0,1,0,0,0,0,0,0,"- ","- ",38.303310394287109,-122.277099609375,NAPA,NAPA,-122.27713775634766,38.303287506103516
9637963,2023,2023-12-07,2802,2023-11-07,"856 ",186,2802,2,5,5,2802,0,0,0,,0,002,"SILVERADO TRL","ADOBE LN",300.00,N,N,A,-,Y,NAP,4,121,-,-,6.640,I,5,N,Y,3,0,2,2,A,-,09,21804,A,N,D,C,A,A,H,-,A,D,0,,,,,Y,,A,01,0,2,0,0,0,0,0,0,0,"- ","- ",38.288539886474609,-122.17524719238281,NAPA,NAPA,-122.27496337890625,38.289459228515625
9640606,2023,2024-07-22,2800,2023-08-20,"49  ",250490,,7,5,2,2805,0,0,0,,0,,SR-29,"NORTH CURB OF KIMBERLY DR",133.00,S,N,A,-,Y,NAP,4,29,-,-,0.250,H,-,S,N,1,1,0,2,A,-,08,22107,,F,G,B,E,A,H,-,D,D,0,Y,,,,Y,,A,01,0,0,0,1,0,0,0,0,0,"- ","- ",,,NAPA,"AMERICAN CANYON",-122.25343322753906,38.159076690673828
9643937,2023,2023-12-29,2803,2023-11-02,1850,32,,4,5,2,2803,0,0,0,,0,,"POPE ST","ALLISON AV",0.00,,Y,A,-,N,,,,,,,,,,N,2,0,1,2,A,-,10,21950,A,F,G,B,B,A,H,-,B,D,0,Y,,,,Y,Y,-,99,1,0,0,0,1,0,0,0,0,"- ","- ",38.505050659179688,-122.46338653564453,NAPA,"SAINT HELENA",-122.46340179443359,38.505069732666016
9646292,2023,2024-02-07,2802,2023-12-02,2044,203,2802,6,5,5,2802,0,0,0,,0,001,"LINCOLN AVE","MAIN ST",0.00,,Y,F,-,N,,,,,,,,,,N,3,0,1,2,A,-,17,21200,,N,B,G,A,A,H,-,C,A,0,,Y,,,Y,Y,L,04,0,1,0,0,0,0,1,0,0,"- ","- ",38.308689117431641,-122.19326019287109,NAPA,NAPA,-122.29328918457031,38.308841705322266
9646293,2023,2024-02-07,2802,2023-12-14,1812,320553,,4,5,5,2802,0,0,0,,0,004,"REDWOOD RD","CAROL DR",225.00,W,N,A,-,N,,,,,,,,,,N,3,0,1,2,A,-,11,21954,A,N,G,B,E,A,H,-,D,A,0,Y,,,,Y,Y,N,60,0,1,0,0,1,0,0,0,0,"- ","- ",38.320350646972656,-122.31388854980469,NAPA,NAPA,-122.31470489501953,38.320224761962891
9646413,2023,2024-02-13,2802,2023-12-23,1933,252,2802,6,5,5,2802,0,0,0,,0,003,"JEFFERSON ST","TRANCAS ST",0.00,,Y,A,-,N,,,,,,,,,,Y,4,0,1,2,A,-,09,21453,C,N,D,C,A,A,H,-,C,A,0,,,,,Y,,A,01,0,0,1,0,0,0,0,0,0,"- ","- ",38.322818756103516,-122.30017852783203,NAPA,NAPA,-122.30013275146484,38.322784423828125
9646577,2023,2024-02-15,2802,2023-12-13,1559,235,2802,3,5,5,2802,0,0,0,,0,003,"CALIFORNIA BL","TRANCAS ST",185.00,S,N,A,-,N,,,,,,,,,,Y,3,0,1,3,A,-,03,22350,,F,C,C,A,A,H,-,A,A,0,,,,Y,Y,,-,"- ",0,1,0,0,0,0,0,0,0,"- ","- ",38.321689605712891,-122.20578002929688,NAPA,NAPA,-122.30574798583984,38.321300506591797
9646801,2023,2024-02-06,2802,2023-12-22,1602,320553,,5,5,5,2802,0,0,0,,0,004,"TROWER AV","SOLANO AV",0.00,,Y,A,F,N,,,,,,,,,,Y,4,0,1,2,A,-,12,21453,A,N,D,C,A,A,H,-,B,A,0,,,,,Y,,D,22,0,0,1,0,0,0,0,0,0,"- ","- ",38.330421447753906,-122.31764984130859,NAPA,NAPA,-122.31765747070312,38.330440521240234
9646890,2024,2024-05-14,2802,2024-01-06,1550,195,,6,5,5,2802,0,0,0,,0,004,"RT 29","SALVADOR AV",0.00,,Y,B,-,Y,NAP,4,29,-,-,14.620,H,-,S,N,2,0,2,2,A,-,03,22350,,N,C,C,A,A,H,-,A,A,0,,,,,Y,,D,22,1,1,0,0,0,0,0,0,0,"- ","- ",,,NAPA,NAPA,-122.32452392578125,38.339733123779297
9646894,2023,2024-01-18,2802,2023-11-14,"829 ",224,,2,5,5,2802,0,0,0,,0,003,"JEFFERSON ST","SIERRA AV",450.00,N,N,A,-,N,,,,,,,,,,Y,3,0,1,2,A,-,03,22350,,N,C,C,A,B,H,-,A,A,0,,,,,Y,,D,22,0,1,0,0,0,0,0,0,0,"- ","- ",38.328701019287109,-122.20471954345703,NAPA,NAPA,-122.30561828613281,38.329864501953125
9654954,2023,2024-01-16,2802,2023-09-09,"258 ",216,,6,5,5,2802,0,0,0,,0,001,"JEFFERSON ST","SPRUCE ST",0.00,,Y,A,-,N,,,,,,,,,,Y,4,0,1,4,A,-,12,22450,A,F,D,E,A,A,H,-,C,A,0,,,,,Y,Y,A,01,0,0,1,0,0,0,0,0,0,"- ","- ",,,NAPA,NAPA,-122.294189453125,38.286449432373047
9655029,2023,2024-01-16,2802,2023-01-09,"458 ",223,,1,5,5,2802,0,0,0,,0,,"SHURTLEFF AV","SEVILLE DR",500.00,N,N,C,-,N,,,,,,,,,,N,3,0,1,1,D,-,00,,,N,E,I,A,B,H,-,D,D,0,,,,,Y,,-,"- ",0,1,0,0,0,0,0,0,0,"- ","- ",38.286880493164062,-122.26380157470703,NAPA,NAPA,-122.26499938964844,38.287849426269531