CASE_ID,ACCIDENT_YEAR,PROC_DATE,JURIS,COLLISION_DATE,COLLISION_TIME,OFFICER_ID,REPORTING_DISTRICT,DAY_OF_WEEK,CHP_SHIFT,POPULATION,CNTY_CITY_LOC,SPECIAL_COND,BEAT_TYPE,CHP_BEAT_TYPE,CITY_DIVISION_LAPD,CHP_BEAT_CLASS,BEAT_NUMBER,PRIMARY_RD,SECONDARY_RD,DISTANCE,DIRECTION,INTERSECTION,WEATHER_1,WEATHER_2,STATE_HWY_IND,CALTRANS_COUNTY,CALTRANS_DISTRICT,STATE_ROUTE,ROUTE_SUFFIX,POSTMILE_PREFIX,POSTMILE,LOCATION_TYPE,RAMP_INTERSECTION,SIDE_OF_HWY,TOW_AWAY,COLLISION_SEVERITY,NUMBER_KILLED,NUMBER_INJURED,PARTY_COUNT,PRIMARY_COLL_FACTOR,PCF_CODE_OF_VIOL,PCF_VIOL_CATEGORY,PCF_VIOLATION,PCF_VIOL_SUBSECTION,HIT_AND_RUN,TYPE_OF_COLLISION,MVIW,PED_ACTION,ROAD_SURFACE,ROAD_COND_1,ROAD_COND_2,LIGHTING,CONTROL_DEVICE,CHP_ROAD_TYPE,PEDESTRIAN_ACCIDENT,BICYCLE_ACCIDENT,MOTORCYCLE_ACCIDENT,TRUCK_ACCIDENT,NOT_PRIVATE_PROPERTY,ALCOHOL_INVOLVED,STWD_VEHTYPE_AT_FAULT,CHP_VEHTYPE_AT_FAULT,COUNT_SEVERE_INJ,COUNT_VISIBLE_INJ,COUNT_COMPLAINT_PAIN,COUNT_PED_KILLED,COUNT_PED_INJURED,COUNT_BICYCLIST_KILLED,COUNT_BICYCLIST_INJURED,COUNT_MC_KILLED,COUNT_MC_INJURED,PRIMARY_RAMP,SECONDARY_RAMP,LATITUDE,LONGITUDE,COUNTY,CITY,POINT_X,POINT_Y
9656016,2023,2024-01-04,2802,2023-12-01,1722,320553,2802,5,5,5,2802,0,0,0,,0,002,"SOSCOL AV","6TH ST",325.00,N,N,A,-,N,,,,,,,,,,N,3,0,1,3,A,-,03,22350,,N,C,C,A,A,H,-,A,A,0,,,,,Y,,A,01,0,1,0,0,0,0,0,0,0,"- ","- ",38.296268463134766,-122.28061676025391,NAPA,NAPA,-122.2811279296875,38.297023773193359
9658474,2024,2024-03-13,2801,2024-01-11,"830 ",181,2,4,5,2,2801,0,0,0,,0,,"PINE ST","CEDAR ST",0.00,,Y,A,-,N,,,,,,,,,,N,4,0,1,2,A,-,10,21950,,N,H,B,D,A,H,-,A,D,0,Y,,,,Y,Y,A,01,0,0,1,0,0,0,0,0,0,"- ","- ",,,NAPA,CALISTOGA,-122.57794952392578,38.576187133789062
9664771,2024,2024-04-30,2802,2024-02-17,1630,320582,,6,5,5,2802,0,0,0,,0,003,"SILVERADO TRL","MCKENZIE DR",30.00,S,N,C,-,N,,,,,,,,,,Y,3,0,2,2,A,-,03,22350,,N,C,E,A,B,H,-,A,A,0,,,,,Y,,A,01,0,2,0,0,0,0,0,0,0,"- ","- ",38.307281494140625,-122.27755737304688,NAPA,NAPA,-122.27760314941406,38.307281494140625
9675688,2024,2024-04-04,2801,2024-02-12,1014,202,2,1,5,2,2801,0,0,0,,0,,"BRANNAN ST","LINCOLN AV",0.00,,Y,A,-,Y,NAP,4,29,-,-,37.520,I,5,N,N,2,0,1,2,A,-,08,22107,,N,D,G,A,A,C,D,A,A,0,,Y,,,Y,,L,04,1,0,0,0,0,0,1,0,0,"- ","- ",,,NAPA,CALISTOGA,-122.57640075683594,38.583660125732422
9680712,2024,2024-05-24,2803,2024-03-03,"923 ",91,,7,5,2,2803,0,0,0,,0,,"POPE ST","MARIPOSA LN",27.00,W,N,A,-,N,,,,,,,,,,N,4,0,1,2,A,-,03,22350,,N,C,C,A,A,H,-,A,D,0,,,,,Y,,A,01,0,0,1,0,0,0,0,0,0,"- ","- ",38.505901336669922,-122.46241760253906,NAPA,"SAINT HELENA",-122.46247100830078,38.505836486816406
9692481,2024,2024-06-04,2803,2024-04-07,1820,92,,7,5,2,2803,0,0,0,,0,,"MAIN ST","FULTON LN",0.00,,Y,A,-,Y,NAP,4,29,-,-,28.940,I,5,N,Y,4,0,1,2,A,-,08,22107,,N,D,C,A,A,H,-,A,A,0,,,,,Y,,A,01,0,0,1,0,0,0,0,0,0,"- ","- ",38.507850646972656,-122.47324371337891,NAPA,"SAINT HELENA",-122.47322082519531,38.507045745849609
9692966,2024,2024-09-12,2801,2024-05-08,1306,202,4,3,5,2,2801,0,0,0,,0,,"FOOTHILL BL","SPRING ST",0.00,,Y,A,-,Y,NAP,4,128,-,-,4.430,H,-,E,Y,4,0,1,3,A,-,05,21460,,N,B,C,A,A,H,-,A,D,0,,,,,Y,,D,22,0,0,1,0,0,0,0,0,0,"- ","- ",,,NAPA,CALISTOGA,-122.58235931396484,38.575885772705078
9696391,2024,2024-05-20,2803,2024-04-25,"609 ",93,,4,5,2,2803,0,0,0,,0,,"RT 29","MAIN ST 2300 BLK",0.00,,N,A,-,Y,NAP,4,29,-,-,29.530,H,-,N,Y,4,0,1,2,A,-,09,21801,A,N,D,C,A,A,H,-,B,D,0,,,,,Y,,A,01,0,0,1,0,0,0,0,0,0,"- ","- ",38.513141632080078,-122.48032379150391,NAPA,"SAINT HELENA",-122.48133087158203,38.512645721435547
9696400,2024,2024-06-04,2801,2024-04-22,1600,181,3,1,5,2,2801,0,0,0,,0,,"FOOTHILL BL","RT 29",2.00,N,N,A,-,Y,NAP,4,29,-,-,36.200,H,-,S,Y,4,0,1,2,A,-,09,21801,,N,C,C,A,A,H,-,A,D,0,,,,,Y,,A,01,0,0,1,0,0,0,0,0,0,"- ","- ",,,NAPA,CALISTOGA,-122.56912231445312,38.571128845214844
9696516,2024,2024-06-26,2801,2024-05-07,"802 ",202,1,2,5,2,2801,0,0,0,,0,,"LINCOLN AV","MYRTLE ST",0.00,,Y,A,-,Y,NAP,4,29,-,-,36.940,I,5,N,N,3,0,1,2,A,-,08,22107,,N,G,B,B,A,H,-,A,A,0,Y,,,,Y,,-,99,0,1,0,0,1,0,0,0,0,"- ","- ",,,NAPA,CALISTOGA,-122.58016967773438,38.576038360595703
9702312,2024,2024-07-15,2803,2024-04-09,"454 ",90,,2,5,2,2803,0,0,0,,0,,"MAIN ST","DOWDELL LN",87.00,N,N,A,-,Y,NAP,4,29,-,-,27.990,H,-,S,N,3,0,1,1,A,-,03,22350,,N,E,J,A,A,H,-,C,D,0,,Y,,,Y,,L,04,0,1,0,0,0,0,1,0,0,"- ","- ",38.497951507568359,-122.46054840087891,NAPA,"SAINT HELENA",-122.46035003662109,38.497745513916016
9702342,2024,2024-07-17,2803,2024-06-07,1445,89,,5,5,2,2803,0,0,0,,0,,"SILVERADO TRL","POPE ST",11.00,S,N,A,-,N,,,,,,,,,,N,3,0,1,2,A,-,09,21802,A,N,A,C,A,A,H,-,A,A,0,,,Y,,Y,,A,01,0,1,0,0,0,0,0,0,1,"- ","- ",,,NAPA,"SAINT HELENA",-122.45578765869141,38.511795043945312
9702847,2024,2024-07-25,2801,2024-05-17,1536,216,4,5,5,2,2801,0,0,0,,0,,"FOOTHILL BL",BERRY,0.00,S,N,A,-,N,,,,,,,,,,N,3,0,1,2,A,-,04,21703,,N,C,C,A,A,H,-,A,D,0,,,,,Y,,-,,0,1,0,0,0,0,0,0,0,"- ","- ",,,NAPA,CALISTOGA,-122.5838623046875,38.576419830322266
9705066,2024,2024-07-18,2803,2024-06-17,"530 ",32,,1,5,2,2803,0,0,0,,0,,"RT 29","VINTAGE AV",0.00,,Y,A,-,Y,NAP,4,29,-,-,27.790,I,5,N,N,4,0,3,2,A,-,09,21801,A,N,D,D,A,A,H,-,A,D,0,,,,,Y,,D,22,0,0,3,0,0,0,0,0,0,"- ","- ",38.495639801025391,-122.45790100097656,NAPA,"SAINT HELENA",-122.45764923095703,38.495433807373047
9713257,2024,2024-10-11,2801,2024-06-09,1525,216,2,7,5,2,2801,0,0,0,,0,,"SILVERADO TRL","LINCOLN AV",0.00,,Y,A,-,N,,,,,,,,,,N,4,0,1,2,A,-,04,21703,,N,C,D,A,A,H,-,A,A,0,,,,,Y,,A,07,0,0,1,0,0,0,0,0,0,"- ","- ",38.58905029296875,-122.57717895507812,NAPA,CALISTOGA,-122.57737731933594,38.588966369628906
9719737,2024,2024-08-21,2801,2024-06-26,1613,217,4,3,5,2,2801,0,0,0,,0,,"PETRIFIED FOREST RD","RT 128",116.00,S,N,A,-,N,,,,,,,,,,N,3,0,1,2,A,-,08,22107,,N,D,C,A,A,H,-,A,D,0,,,,,Y,,A,01,0,1,0,0,0,0,0,0,0,"- ","- ",,,NAPA,CALISTOGA,-122.59661865234375,38.581119537353516
9723153,2024,2024-10-07,2803,2024-09-03,1541,93,,2,5,2,2803,0,0,0,,0,,"ADAMS ST","OAK AV",120.00,W,N,A,-,N,,,,,,,,,,N,3,0,1,2,A,-,09,21804,A,N,B,C,A,A,H,-,A,D,0,,Y,,,Y,,A,01,0,1,0,0,0,0,1,0,0,"- ","- ",38.504508972167969,-122.47103118896484,NAPA,"SAINT HELENA",-122.47129821777344,38.504230499267578
9726078,2024,2024-10-11,2801,2024-06-10,1220,202,1,1,5,2,2801,0,0,0,,0,,"FOOTHILL BL","LINCOLN AV",0.00,,Y,A,-,N,,,,,,,,,,N,4,0,1,2,A,-,21,22106,,N,C,C,A,A,H,-,A,A,0,,,,,Y,,-,,0,0,1,0,0,0,0,0,0,"- ","- ",38.555671691894531,-122.52970123291016,NAPA,CALISTOGA,-122.58054351806641,38.575286865234375
9727595,2024,2024-09-27,2803,2024-07-30,"842 ",93,,2,5,2,2803,0,0,0,,0,,"MAIN ST","PRATT AV",0.00,,Y,A,-,Y,NAP,4,29,-,-,29.250,I,5,S,N,3,0,2,3,A,-,10,21950,A,N,G,B,B,A,H,-,A,D,0,Y,,,,Y,,D,73,0,1,1,0,2,0,0,0,0,"- ","- ",38.509628295898438,-122.47786712646484,NAPA,"SAINT HELENA",-122.47788238525391,38.509624481201172
9728632,2024,2024-10-24,2801,2024-06-10,"1   ",203,5,1,5,2,2801,0,0,0,,0,,"RT 29","LAKE ST",0.00,,Y,A,-,Y,NAP,4,29,-,-,37.902,I,5,S,Y,3,0,1,1,A,-,03,22350,,N,E,I,A,A,H,-,C,A,0,,,,,Y,,A,01,0,1,0,0,0,0,0,0,0,"- ","- ",,,NAPA,CALISTOGA,-122.57740783691406,38.588981628417969
9730993,2024,2024-10-25,2803,2024-08-26,"830 ",96,,1,5,2,2803,0,0,0,,0,,"HUNT AV","MAIN ST",10.00,E,N,A,-,Y,NAP,4,29,-,-,28.600,H,-,N,N,3,0,1,2,A,-,10,21950,A,N,G,B,B,A,H,-,A,D,0,Y,,,,Y,,A,07,0,1,0,0,1,0,0,0,0,"- ","- ",33.850429534912109,-122.46874237060547,NAPA,"SAINT HELENA",-122.46837615966797,38.504112243652344
9737503,2024,2024-10-03,2803,2024-09-04,1544,28,,3,5,2,2803,0,0,0,,0,,"SILVERADO TRL","POPE ST",16.00,S,N,A,-,N,,,,,,,,,,Y,3,0,1,2,A,-,08,22107,,N,A,C,A,A,H,-,A,D,0,,,,,Y,,A,01,0,1,0,0,0,0,0,0,0,"- ","- ",38.511798858642578,-122.45578002929688,NAPA,"SAINT HELENA",-122.45577239990234,38.511787414550781
9739033,2024,2024-11-04,2801,2024-10-05,1943,220,1,6,5,2,2801,0,0,0,,0,,"LINCOLON AV","WASHINGTON ST",178.00,S,N,A,-,Y,NAP,4,29,-,-,37.110,H,-,S,N,3,0,1,2,A,-,08,22107,,N,C,C,A,A,H,-,C,D,0,,,,,Y,,A,01,0,1,0,0,0,0,0,0,0,"- ","- ",,,NAPA,CALISTOGA,-122.57918548583984,38.578235626220703
9742105,2024,2024-10-15,2801,2024-05-03,1632,216,1,5,5,2,2801,0,0,0,,0,,"LINCOLN AV","LINCOLN AV 1865",5.00,W,N,A,-,N,,,,,,,,,,N,3,0,1,1,D,-,00,,,N,E,J,A,A,D,-,A,D,0,,Y,,,Y,,-,"- ",0,1,0,0,0,0,1,0,0,"- ","- ",,,NAPA,CALISTOGA,-122.30633544921875,38.306526184082031
9748217,2024,2024-11-22,2801,2024-09-27,"951 ",207,4,5,5,2,2801,0,0,0,,0,,"FOOTHILL BL","MITZI DR",0.00,,Y,A,-,Y,NAP,4,128,-,-,3.590,H,-,E,N,3,0,1,2,A,-,03,22350,,N,C,C,A,A,H,-,A,D,0,,,,,Y,,A,07,0,1,0,0,0,0,0,0,0,"- ","- ",38.581619262695312,-122.59690093994141,NAPA,CALISTOGA,-122.59671020507812,38.581562042236328
9749383,2024,2024-10-30,2801,2024-09-13,"746 ",204,5,5,5,2,2801,0,0,0,,0,,"LAKE ST",FAIRWAY,19.00,N,N,A,-,N,,,,,,,,,,N,3,0,1,2,A,-,08,22107,,N,D,G,A,A,H,-,A,A,0,,Y,,,Y,,A,01,0,1,0,0,0,0,1,0,0,"- ","- ",,,NAPA,CALISTOGA,-122.58238220214844,38.582603454589844
9753161,2024,2024-11-21,2803,2024-10-26,2216,93,,6,5,2,2803,0,0,0,,0,,"MAIN ST","DEER PARK RD",396.00,S,N,A,-,Y,NAP,4,29,-,-,29.740,H,-,S,Y,3,0,2,2,A,-,09,21804,A,N,D,C,A,A,H,-,D,D,0,,,,,Y,,A,07,0,2,0,0,0,0,0,0,0,"- ","- ",,,NAPA,"SAINT HELENA",-122.48377990722656,38.514865875244141
9755454,2024,2024-11-21,2803,2024-11-08,"815 ",32,,5,5,2,2803,0,0,0,,0,,"SPRING MOUNTAIN RD","HILLVIEW PL",0.00,,Y,A,-,N,,,,,,,,,,N,3,0,1,2,A,-,00,20001,A,F,G,B,B,A,H,-,A,D,0,Y,,,,Y,,A,01,0,1,0,0,1,0,0,0,0,"- ","- ",38.505210876464844,-122.47675323486328,NAPA,"SAINT HELENA",-122.47671508789062,38.505184173583984
9756236,2024,2024-12-30,2803,2024-11-12,1019,93,,2,5,2,2803,0,0,0,,0,,"ADAMS ST","RAILROAD AV",172.00,W,N,A,-,N,,,,,,,,,,Y,2,0,1,3,A,-,01,23152,A,N,A,C,A,A,H,-,A,D,0,,,,,Y,Y,A,01,1,0,0,0,0,0,0,0,0,"- ","- ",38.506038665771484,-122.46987915039062,NAPA,"SAINT HELENA",-122.46995544433594,38.505565643310547
9761375,2024,2024-12-23,2801,2024-11-28,2046,217,4,4,5,2,2801,0,0,0,,0,,"FOOTHILL BL","BERRY ST",0.00,,Y,A,-,N,,,,,,,,,,Y,3,0,1,3,A,-,08,22100,,N,D,C,A,A,H,-,D,A,0,,,,,Y,,A,01,0,1,0,0,0,0,0,0,0,"- ","- ",,,NAPA,CALISTOGA,-122.5838623046875,38.576419830322266
9769570,2024,2025-01-13,2801,2024-12-06,1938,203,4,5,5,2,2801,0,0,0,,0,,"RT 128","BERRY ST",0.00,,Y,A,-,Y,NAP,4,128,-,-,4.350,I,5,W,Y,3,0,1,2,A,-,09,21804,A,N,D,C,A,A,H,-,C,D,0,,,,,Y,,A,07,0,1,0,0,0,0,0,0,0,"- ","- ",,,NAPA,CALISTOGA,-122.58387756347656,38.576450347900391
9769822,2024,2025-01-31,2803,2024-12-20,1221,93,,5,5,2,2803,0,0,0,,0,,"MAIN ST","CHARTER OAK AV",6.00,S,N,B,-,Y,NAP,4,29,-,-,28.315,I,5,S,N,3,0,1,2,A,-,05,21752,D,N,D,C,A,A,H,-,A,D,0,,,Y,,Y,,C,02,0,1,0,0,0,0,0,0,1,"- ","- ",38.50115966796875,-122.46420288085938,NAPA,"SAINT HELENA",-122.46437072753906,38.501251220703125
9778560,2024,2025-03-06,2803,2024-12-27,1250,32,,5,5,2,2803,0,0,0,,0,,"ADAMS ST","RAILROAD AV",0.00,,Y,B,-,N,,,,,,,,,,N,3,0,1,3,A,-,08,22107,,N,B,E,E,B,H,-,A,D,0,Y,,,,Y,,A,01,0,1,0,0,1,0,0,0,0,"- ","- ",,,NAPA,"SAINT HELENA",-122.46956634521484,38.505931854248047
9778696,2025,2025-02-27,2801,2025-01-13,1140,181,4,1,5,2,2801,0,0,0,,0,,"RT 128","LERNER DR",0.00,,Y,A,-,Y,NAP,4,128,-,-,4.180,H,-,W,N,3,0,1,2,A,-,03,22350,,N,C,C,A,A,H,-,A,D,0,,,,,Y,,A,01,0,1,0,0,0,0,0,0,0,"- ","- ",,,NAPA,CALISTOGA,-122.58680725097656,38.577442169189453
9778788,2025,2025-03-14,2803,2025-01-19,1315,95,,7,5,2,2803,0,0,0,,0,,"MAIN ST","ADAMS ST",230.00,N,N,A,-,Y,NAP,4,29,-,-,28.790,H,-,S,N,3,0,1,2,A,-,05,21460,C,N,H,G,A,A,H,-,A,D,0,,Y,,,Y,,L,04,0,1,0,0,0,0,1,0,0,"- ","- ",38.505290985107422,-122.47030639648438,NAPA,"SAINT HELENA",-122.47100830078125,38.505680084228516
9785918,2025,2025-03-20,2801,2025-02-20,1931,225,1,4,5,2,2801,0,0,0,,0,,"RT 128","RT 29",0.00,,Y,A,-,Y,NAP,4,29,-,-,36.893,I,5,S,Y,4,0,1,2,A,-,01,23153,,F,D,C,A,A,H,-,C,D,0,,,,,Y,Y,A,01,0,0,1,0,0,0,0,0,0,"- ","- ",,,NAPA,CALISTOGA,-122.58052825927734,38.575260162353516
9786108,2024,2025-04-23,2803,2024-08-04,"954 ",90,,7,5,2,2803,0,0,0,,0,,"MAIN ST","EAST CURB LINE OF MAIN ST",2.00,W,N,A,-,Y,NAP,4,29,-,-,29.800,H,-,N,N,1,1,0,2,A,-,00,23153,F,F,G,B,E,A,H,-,A,D,0,Y,,,,Y,,D,72,0,0,0,1,0,0,0,0,0,"- ","- ",38.518711090087891,-122.48178100585938,NAPA,"SAINT HELENA",-122.48451995849609,38.515476226806641
9792375,2025,2025-03-28,2803,2025-02-20,1507,95,,4,5,2,2803,0,0,0,,0,,"RT 29","ELMHURST AV",15.00,W,N,A,-,Y,NAP,4,29,-,-,29.140,H,-,N,N,3,0,1,2,A,-,03,22350,,N,C,C,A,A,H,-,A,D,0,,,,,Y,,D,22,0,1,0,0,0,0,0,0,0,"- ","- ",,,NAPA,"SAINT HELENA",-122.47625732421875,38.508720397949219
9800595,2025,2025-04-23,2803,2025-03-31,1528,93,,1,5,2,2803,0,0,0,,0,,"RT 29","DEER PARK RD",0.00,S,N,B,C,Y,NAP,4,29,-,-,29.740,H,-,S,Y,3,0,1,2,A,-,09,21804,A,N,D,C,A,B,H,-,A,D,0,,,,,Y,,A,01,0,1,0,0,0,0,0,0,0,"- ","- ",38.513931274414062,-122.48264312744141,NAPA,"SAINT HELENA",-122.48377990722656,38.514865875244141
9805128,2025,2025-05-16,2803,2025-04-21,1244,93,,1,5,2,2803,0,0,0,,0,,"MAIN ST","CHARTER OAK AV",26.00,N,N,A,-,Y,NAP,4,29,-,-,28.330,H,-,S,N,4,0,1,3,A,-,03,22350,,N,C,C,A,A,H,-,A,D,0,,,,,Y,,A,07,0,0,1,0,0,0,0,0,0,"- ","- ",38.504600524902344,-122.46884155273438,NAPA,"SAINT HELENA",-122.46456909179688,38.501419067382812
9812342,2025,2026-02-19,2801,2025-08-20,"801 ",220,1,3,5,2,2801,0,0,0,,0,,LINCOLN,"CEDAR ST",0.00,,Y,A,-,Y,NAP,4,29,-,-,37.000,I,5,S,Y,3,0,1,2,A,-,12,22450,,N,D,C,A,A,H,-,A,D,0,,,,,Y,,A,01,0,1,0,0,0,0,0,0,0,"- ","- ",38.576808929443359,-122.57987213134766,NAPA,CALISTOGA,-122.57980346679688,38.576828002929688
9819159,2025,2025-08-18,2801,2025-07-16,"929 ",204,4,3,5,2,2801,0,0,0,,0,,"BERRY ST","FOOTHILL BL",0.00,,Y,A,-,N,,,,,,,,,,N,4,0,2,2,A,-,08,22107,,N,A,C,A,A,H,-,A,A,0,,,,,Y,,A,01,0,0,2,0,0,0,0,0,0,"- ","- ",38.576698303222656,-122.58367919921875,NAPA,CALISTOGA,-122.5838623046875,38.576419830322266
9819791,2025,2025-10-23,2801,2025-09-10,"650 ",181,4,3,5,2,2801,0,0,0,,0,,"FOOTHILL BL","SILVER ST",0.00,,Y,A,-,Y,NAP,4,128,-,-,4.270,I,5,W,N,3,0,1,2,A,-,09,21804,,N,H,G,A,A,H,-,A,D,0,,Y,,,Y,,L,04,0,1,0,0,0,0,1,0,0,"- ","- ",38.576969146728516,-122.58525085449219,NAPA,CALISTOGA,-122.58522033691406,38.576889038085938
9821472,2025,2025-08-20,2801,2025-06-20,1455,207,4,5,5,2,2801,0,0,0,,0,,"FOOTHILL BL","MITZI DR",640.00,W,N,A,-,Y,NAP,4,128,-,-,3.430,H,-,E,Y,3,0,1,2,A,-,03,22350,,N,C,C,A,A,H,-,A,D,0,,,,,Y,,A,01,0,1,0,0,0,0,0,0,0,"- ","- ",,,NAPA,CALISTOGA,-122.59880065917969,38.582786560058594
9826664,2025,2025-06-27,2801,2025-06-18,"940 ",181,4,3,5,2,2801,0,0,0,,0,,"PETRIFIED FOREST RD","FOOTHILL BL",10.00,W,N,A,-,N,,,,,,,,,,N,4,0,1,2,A,-,08,22107,,N,H,C,A,A,H,-,A,A,0,,,,,Y,,A,01,0,0,1,0,0,0,0,0,0,"- ","- ",,,NAPA,CALISTOGA,-122.59630584716797,38.581283569335938
9826672,2025,2025-07-01,2803,2025-06-05,2335,89,,4,5,2,2803,0,0,0,,0,,"MADRONA AV","N STOCKTON ST",5.00,E,N,A,-,N,,,,,,,,,,Y,3,0,1,2,A,-,08,22107,,M,H,E,A,A,H,-,C,D,0,,,,,Y,,A,01,0,1,0,0,0,0,0,0,0,"- ","- ",38.504520416259766,-122.47502899169922,NAPA,"SAINT HELENA",-122.47578430175781,38.503551483154297
9828057,2024,2025-02-28,2803,2024-12-08,1835,91,,7,5,2,2803,0,0,0,,0,,"MAIN ST","CRINELLA DR",209.00,N,N,A,-,Y,NAP,4,29,-,-,29.090,H,-,N,N,4,0,1,2,A,-,11,21954,A,N,G,B,D,A,H,-,C,D,0,Y,,,,Y,,N,60,0,0,1,0,1,0,0,0,0,"- ","- ",38.507888793945312,-122.47474670410156,NAPA,"SAINT HELENA",-122.47551727294922,38.508308410644531
9830099,2025,2025-08-14,2803,2025-06-20,1519,95,,5,5,2,2803,0,0,0,,0,,"MAIN ST","DEER PARK RD",1645.00,S,N,A,-,Y,NAP,4,29,-,-,29.740,H,-,S,N,4,0,4,2,A,-,09,21801,A,N,D,C,A,A,H,-,A,D,0,,,,,Y,Y,A,01,0,0,4,0,0,0,0,0,0,"- ","- ",38.515041351318359,-122.48475646972656,NAPA,"SAINT HELENA",-122.48377990722656,38.514865875244141
9831455,2025,2025-07-24,2803,2025-06-08,2157,97,,7,5,2,2803,0,0,0,,0,,"MAIN ST","HUNT AV",0.00,,Y,A,-,Y,NAP,4,29,-,-,28.630,I,5,N,N,2,0,1,2,A,-,10,21950,,N,G,B,B,A,H,-,C,D,0,Y,,,,Y,,-,99,1,0,0,0,1,0,0,0,0,"- ","- ",38.503650665283203,-122.46708679199219,NAPA,"SAINT HELENA",-122.46876525878906,38.504344940185547
9867051,2025,2025-12-11,2800,2025-05-24,1425,511,NAPA,6,5,2,2805,0,0,0,,0,,"EUCALYPTUS DR","THERESA AV",504.00,W,N,A,-,N,,,,,,,,,,Y,1,1,0,2,A,-,05,21650,,N,A,G,A,A,H,-,A,D,0,,Y,,,Y,,L,04,0,0,0,0,0,1,0,0,0,"- ","- ",38.180629730224609,-122.25746154785156,NAPA,"AMERICAN CANYON",-122.25901031494141,38.180061340332031
9870092,2025,2025-09-18,2803,2025-07-31,1030,90,,4,5,2,2803,0,0,0,,0,,"MAIN ST","CHARTER OAK AV",340.00,N,N,A,-,Y,NAP,4,29,-,-,28.380,H,-,N,Y,2,0,1,2,A,-,03,22350,,N,C,C,A,A,H,-,A,D,0,,,,Y,Y,,A,07,1,0,0,0,0,0,0,0,0,"- ","- ",38.504600524902344,-122.46884155273438,NAPA,"SAINT HELENA",-122.46513366699219,38.502037048339844
9872423,2025,2025-09-12,2801,2025-08-05,1759,203,1,2,5,2,2801,0,0,0,,0,,"RT 128","RT 29",0.00,,Y,A,-,Y,NAP,4,29,-,-,36.893,I,5,N,N,4,0,1,2,A,-,01,23152,B,N,D,C,A,A,H,-,A,A,0,,,,,Y,Y,A,01,0,0,1,0,0,0,0,0,0,"- ","- ",38.575359344482422,-122.58056640625,NAPA,CALISTOGA,-122.58052825927734,38.575260162353516
9882420,2025,2025-10-20,2803,2025-09-17,1650,20,,3,5,2,2803,0,0,0,,0,,"SPRING MOUNTAIN RD","DEAN YORK LN",0.00,,Y,A,-,N,,,,,,,,,,N,3,0,1,2,A,-,09,21801,A,N,E,I,A,A,H,-,A,D,0,,,Y,,Y,,A,01,0,1,0,0,0,0,0,0,1,"- ","- ",38.506500244140625,-122.48152160644531,NAPA,"SAINT HELENA",-122.48149871826172,38.506507873535156
9891555,2025,2025-11-20,2801,2025-10-30,"830 ",204,4,4,5,2,2801,0,0,0,,0,,"BERRY ST","WASHINGTON ST",0.00,,Y,A,-,N,,,,,,,,,,N,3,0,1,4,A,-,10,21950,,N,G,B,B,A,H,-,A,A,0,Y,,,,Y,,A,01,0,1,0,0,1,0,0,0,0,"- ","- ",,,NAPA,CALISTOGA,-122.58194732666016,38.579734802246094
9893781,2025,2026-01-02,2801,2025-11-11,1802,229,4,2,5,2,2801,0,0,0,,0,,"RT 128",LILLIE,0.00,,Y,A,-,Y,NAP,4,128,-,-,4.040,I,6,W,Y,3,0,1,2,A,-,01,23152,,N,C,E,A,A,H,-,D,D,0,,,,,Y,Y,A,01,0,1,0,0,0,0,0,0,0,"- ","- ",38.578628540039062,-122.58959197998047,NAPA,CALISTOGA,-122.58919525146484,38.578426361083984
9893824,2025,2025-12-26,2803,2025-11-14,"844 ",95,,5,5,2,2803,0,0,0,,0,,"MAIN ST","BONITA AV",6.00,N,N,E,-,Y,NAP,4,29,-,-,27.790,I,5,S,N,3,0,1,2,A,-,08,22107,,N,H,G,A,B,H,-,A,D,0,,Y,,,Y,,A,01,0,1,0,0,0,0,1,0,0,"- ","- ",38.494861602783203,-122.45771789550781,NAPA,"SAINT HELENA",-122.45764923095703,38.495433807373047
9893859,2025,2026-01-13,2803,2025-11-14,1810,97,,5,5,2,2803,0,0,0,,0,,"MAIN ST","GRAYSON AV",189.00,N,N,A,-,Y,NAP,4,29,-,-,28.130,H,-,S,Y,3,0,1,2,A,-,03,22350,,N,C,C,A,A,H,-,C,A,0,,,,,Y,,A,07,0,1,0,0,0,0,0,0,0,"- ","- ",38.498680114746094,-122.46138000488281,NAPA,"SAINT HELENA",-122.46192169189453,38.499114990234375
9894290,2025,2025-12-16,2801,2025-11-14,1923,203,3,5,5,2,2801,0,0,0,,0,,"CEDAR ST","HAZEL ST",94.00,E,N,-,-,N,,,,,,,,,,N,3,0,2,2,A,-,03,22350,,N,-,-,-,-,-,-,-,-,0,Y,Y,,,Y,,L,04,0,2,0,0,1,0,1,0,0,"- ","- ",,,NAPA,CALISTOGA,-122.57881927490234,38.576480865478516
9895767,2025,2026-01-26,2801,2025-11-12,2218,229,2,3,5,2,2801,0,0,0,,0,,"SILVERADO TRL","ROSEDALE RD",0.00,,Y,C,-,N,,,,,,,,,,Y,2,0,1,2,A,-,03,22350,,N,E,I,A,B,H,-,C,A,0,,,,,Y,,A,01,1,0,0,0,0,0,0,0,0,"- ","- ",38.584781646728516,-122.56838989257812,NAPA,CALISTOGA,-122.57029724121094,38.585124969482422
9909284,2025,2026-02-26,2801,2025-12-23,1811,217,1,2,5,2,2801,0,0,0,,0,,"LINCOLN AV","WASHINGTON ST",0.00,,Y,C,-,Y,NAP,4,29,-,-,37.140,I,6,S,N,2,0,2,3,A,-,10,21950,A,N,G,B,B,B,H,-,C,A,0,Y,,,,Y,,A,01,1,1,0,0,2,0,0,0,0,"- ","- ",,,NAPA,CALISTOGA,-122.57900238037109,38.578651428222656